1,"A02BC01","Omeprazol 20 mg (Lote 1)","Omeprazol","Antiácido","Cápsula","20 mg","Oral"
2,"B01AC06","Ácido acetilsalicílico (Lote 2)","Aspirina","Antiagregante","Tableta","100 mg","Oral"
3,"A10BA02","Metformina 850 mg (Lote 3)","Metformina","Antidiabético","Tableta","850 mg","Oral"
4,"B01AC06","Ácido acetilsalicílico (Lote 4)","Aspirina","Antiagregante","Tableta","100 mg","Oral"
5,"C09AA05","Enalapril 20 mg (Lote 5)","Enalapril","Antihipertensivo IECA","Tableta","20 mg","Oral"
6,"A10BA02","Metformina 850 mg (Lote 6)","Metformina","Antidiabético","Tableta","850 mg","Oral"
7,"J01CA04","Amoxicilina 500 mg (Lote 7)","Amoxicilina","Antibiótico penicilina","Tableta","500 mg","Oral"
8,"R03AK06","Salbutamol inhalador (Lote 8)","Salbutamol","Broncodilatador","Inhalador","100 mcg","Inhalatoria"
9,"B01AC06","Ácido acetilsalicílico (Lote 9)","Aspirina","Antiagregante","Tableta","100 mg","Oral"
10,"C09AA05","Enalapril 20 mg (Lote 10)","Enalapril","Antihipertensivo IECA","Tableta","20 mg","Oral"
11,"J01CA04","Amoxicilina 500 mg (Lote 11)","Amoxicilina","Antibiótico penicilina","Tableta","500 mg","Oral"
12,"A02BC01","Omeprazol 20 mg (Lote 12)","Omeprazol","Antiácido","Cápsula","20 mg","Oral"
13,"C09AA05","Enalapril 20 mg (Lote 13)","Enalapril","Antihipertensivo IECA","Tableta","20 mg","Oral"
14,"B01AC06","Ácido acetilsalicílico (Lote 14)","Aspirina","Antiagregante","Tableta","100 mg","Oral"
15,"B01AC06","Ácido acetilsalicílico (Lote 15)","Aspirina","Antiagregante","Tableta","100 mg","Oral"
16,"A10BA02","Metformina 850 mg (Lote 16)","Metformina","Antidiabético","Tableta","850 mg","Oral"
17,"B01AC06","Ácido acetilsalicílico (Lote 17)","Aspirina","Antiagregante","Tableta","100 mg","Oral"
18,"B01AC06","Ácido acetilsalicílico (Lote 18)","Aspirina","Antiagregante","Tableta","100 mg","Oral"
19,"C09AA05","Enalapril 20 mg (Lote 19)","Enalapril","Antihipertensivo IECA","Tableta","20 mg","Oral"
20,"C09AA05","Enalapril 20 mg (Lote 20)","Enalapril","Antihipertensivo IECA","Tableta","20 mg","Oral"
21,"A02BC01","Omeprazol 20 mg (Lote 21)","Omeprazol","Antiácido","Cápsula","20 mg","Oral"
22,"M01AE01","Ibuprofeno 400 mg (Lote 22)","Ibuprofeno","Antiinflamatorio","Tableta","400 mg","Oral"
23,"C09AA05","Enalapril 20 mg (Lote 23)","Enalapril","Antihipertensivo IECA","Tableta","20 mg","Oral"
24,"R03AK06","Salbutamol inhalador (Lote 24)","Salbutamol","Broncodilatador","Inhalador","100 mcg","Inhalatoria"
25,"R03AK06","Salbutamol inhalador (Lote 25)","Salbutamol","Broncodilatador","Inhalador","100 mcg","Inhalatoria"
26,"A10BA02","Metformina 850 mg (Lote 26)","Metformina","Antidiabético","Tableta","850 mg","Oral"
27,"N02BE01","Paracetamol 500 mg (Lote 27)","Paracetamol","Analgésico","Tableta","500 mg","Oral"
28,"C09AA05","Enalapril 20 mg (Lote 28)","Enalapril","Antihipertensivo IECA","Tableta","20 mg","Oral"
29,"N02BE01","Paracetamol 500 mg (Lote 29)","Paracetamol","Analgésico","Tableta","500 mg","Oral"
30,"N02BE01","Paracetamol 500 mg (Lote 30)","Paracetamol","Analgésico","Tableta","500 mg","Oral"
31,"C09AA05","Enalapril 20 mg (Lote 31)","Enalapril","Antihipertensivo IECA","Tableta","20 mg","Oral"
32,"R03AK06","Salbutamol inhalador (Lote 32)","Salbutamol","Broncodilatador","Inhalador","100 mcg","Inhalatoria"
33,"A10BA02","Metformina 850 mg (Lote 33)","Metformina","Antidiabético","Tableta","850 mg","Oral"
34,"N02BE01","Paracetamol 500 mg (Lote 34)","Paracetamol","Analgésico","Tableta","500 mg","Oral"
35,"C09AA05","Enalapril 20 mg (Lote 35)","Enalapril","Antihipertensivo IECA","Tableta","20 mg","Oral"
36,"B01AC06","Ácido acetilsalicílico (Lote 36)","Aspirina","Antiagregante","Tableta","100 mg","Oral"
37,"R03AK06","Salbutamol inhalador (Lote 37)","Salbutamol","Broncodilatador","Inhalador","100 mcg","Inhalatoria"
38,"R03AK06","Salbutamol inhalador (Lote 38)","Salbutamol","Broncodilatador","Inhalador","100 mcg","Inhalatoria"
39,"A10BA02","Metformina 850 mg (Lote 39)","Metformina","Antidiabético","Tableta","850 mg","Oral"
40,"N02BE01","Paracetamol 500 mg (Lote 40)","Paracetamol","Analgésico","Tableta","500 mg","Oral"
41,"A02BC01","Omeprazol 20 mg (Lote 41)","Omeprazol","Antiácido","Cápsula","20 mg","Oral"
42,"A02BC01","Omeprazol 20 mg (Lote 42)","Omeprazol","Antiácido","Cápsula","20 mg","Oral"
43,"R03AK06","Salbutamol inhalador (Lote 43)","Salbutamol","Broncodilatador","Inhalador","100 mcg","Inhalatoria"
44,"A02BC01","Omeprazol 20 mg (Lote 44)","Omeprazol","Antiácido","Cápsula","20 mg","Oral"
45,"B01AC06","Ácido acetilsalicílico (Lote 45)","Aspirina","Antiagregante","Tableta","100 mg","Oral"
46,"A02BC01","Omeprazol 20 mg (Lote 46)","Omeprazol","Antiácido","Cápsula","20 mg","Oral"
47,"B01AC06","Ácido acetilsalicílico (Lote 47)","Aspirina","Antiagregante","Tableta","100 mg","Oral"
48,"B01AC06","Ácido acetilsalicílico (Lote 48)","Aspirina","Antiagregante","Tableta","100 mg","Oral"
49,"A10BA02","Metformina 850 mg (Lote 49)","Metformina","Antidiabético","Tableta","850 mg","Oral"
50,"C09AA05","Enalapril 20 mg (Lote 50)","Enalapril","Antihipertensivo IECA","Tableta","20 mg","Oral"
51,"R03AK06","Salbutamol inhalador (Lote 51)","Salbutamol","Broncodilatador","Inhalador","100 mcg","Inhalatoria"
52,"C09AA05","Enalapril 20 mg (Lote 52)","Enalapril","Antihipertensivo IECA","Tableta","20 mg","Oral"
53,"R03AK06","Salbutamol inhalador (Lote 53)","Salbutamol","Broncodilatador","Inhalador","100 mcg","Inhalatoria"
54,"M01AE01","Ibuprofeno 400 mg (Lote 54)","Ibuprofeno","Antiinflamatorio","Tableta","400 mg","Oral"
55,"J01CA04","Amoxicilina 500 mg (Lote 55)","Amoxicilina","Antibiótico penicilina","Tableta","500 mg","Oral"
56,"N02BE01","Paracetamol 500 mg (Lote 56)","Paracetamol","Analgésico","Tableta","500 mg","Oral"
57,"B01AC06","Ácido acetilsalicílico (Lote 57)","Aspirina","Antiagregante","Tableta","100 mg","Oral"
58,"C09AA05","Enalapril 20 mg (Lote 58)","Enalapril","Antihipertensivo IECA","Tableta","20 mg","Oral"
59,"A02BC01","Omeprazol 20 mg (Lote 59)","Omeprazol","Antiácido","Cápsula","20 mg","Oral"
60,"A02BC01","Omeprazol 20 mg (Lote 60)","Omeprazol","Antiácido","Cápsula","20 mg","Oral"
61,"A02BC01","Omeprazol 20 mg (Lote 61)","Omeprazol","Antiácido","Cápsula","20 mg","Oral"
62,"B01AC06","Ácido acetilsalicílico (Lote 62)","Aspirina","Antiagregante","Tableta","100 mg","Oral"
63,"M01AE01","Ibuprofeno 400 mg (Lote 63)","Ibuprofeno","Antiinflamatorio","Tableta","400 mg","Oral"
64,"B01AC06","Ácido acetilsalicílico (Lote 64)","Aspirina","Antiagregante","Tableta","100 mg","Oral"
65,"A10BA02","Metformina 850 mg (Lote 65)","Metformina","Antidiabético","Tableta","850 mg","Oral"
66,"C09AA05","Enalapril 20 mg (Lote 66)","Enalapril","Antihipertensivo IECA","Tableta","20 mg","Oral"
67,"R03AK06","Salbutamol inhalador (Lote 67)","Salbutamol","Broncodilatador","Inhalador","100 mcg","Inhalatoria"
68,"R03AK06","Salbutamol inhalador (Lote 68)","Salbutamol","Broncodilatador","Inhalador","100 mcg","Inhalatoria"
69,"A02BC01","Omeprazol 20 mg (Lote 69)","Omeprazol","Antiácido","Cápsula","20 mg","Oral"
70,"A10BA02","Metformina 850 mg (Lote 70)","Metformina","Antidiabético","Tableta","850 mg","Oral"
71,"J01CA04","Amoxicilina 500 mg (Lote 71)","Amoxicilina","Antibiótico penicilina","Tableta","500 mg","Oral"
72,"M01AE01","Ibuprofeno 400 mg (Lote 72)","Ibuprofeno","Antiinflamatorio","Tableta","400 mg","Oral"
73,"A10BA02","Metformina 850 mg (Lote 73)","Metformina","Antidiabético","Tableta","850 mg","Oral"
74,"B01AC06","Ácido acetilsalicílico (Lote 74)","Aspirina","Antiagregante","Tableta","100 mg","Oral"
75,"M01AE01","Ibuprofeno 400 mg (Lote 75)","Ibuprofeno","Antiinflamatorio","Tableta","400 mg","Oral"
76,"B01AC06","Ácido acetilsalicílico (Lote 76)","Aspirina","Antiagregante","Tableta","100 mg","Oral"
77,"C09AA05","Enalapril 20 mg (Lote 77)","Enalapril","Antihipertensivo IECA","Tableta","20 mg","Oral"
78,"J01CA04","Amoxicilina 500 mg (Lote 78)","Amoxicilina","Antibiótico penicilina","Tableta","500 mg","Oral"
79,"B01AC06","Ácido acetilsalicílico (Lote 79)","Aspirina","Antiagregante","Tableta","100 mg","Oral"
80,"B01AC06","Ácido acetilsalicílico (Lote 80)","Aspirina","Antiagregante","Tableta","100 mg","Oral"
81,"C09AA05","Enalapril 20 mg (Lote 81)","Enalapril","Antihipertensivo IECA","Tableta","20 mg","Oral"
82,"B01AC06","Ácido acetilsalicílico (Lote 82)","Aspirina","Antiagregante","Tableta","100 mg","Oral"
83,"N02BE01","Paracetamol 500 mg (Lote 83)","Paracetamol","Analgésico","Tableta","500 mg","Oral"
84,"M01AE01","Ibuprofeno 400 mg (Lote 84)","Ibuprofeno","Antiinflamatorio","Tableta","400 mg","Oral"
85,"C09AA05","Enalapril 20 mg (Lote 85)","Enalapril","Antihipertensivo IECA","Tableta","20 mg","Oral"
86,"B01AC06","Ácido acetilsalicílico (Lote 86)","Aspirina","Antiagregante","Tableta","100 mg","Oral"
87,"M01AE01","Ibuprofeno 400 mg (Lote 87)","Ibuprofeno","Antiinflamatorio","Tableta","400 mg","Oral"
88,"B01AC06","Ácido acetilsalicílico (Lote 88)","Aspirina","Antiagregante","Tableta","100 mg","Oral"
89,"M01AE01","Ibuprofeno 400 mg (Lote 89)","Ibuprofeno","Antiinflamatorio","Tableta","400 mg","Oral"
90,"C09AA05","Enalapril 20 mg (Lote 90)","Enalapril","Antihipertensivo IECA","Tableta","20 mg","Oral"
91,"A10BA02","Metformina 850 mg (Lote 91)","Metformina","Antidiabético","Tableta","850 mg","Oral"
92,"C09AA05","Enalapril 20 mg (Lote 92)","Enalapril","Antihipertensivo IECA","Tableta","20 mg","Oral"
93,"R03AK06","Salbutamol inhalador (Lote 93)","Salbutamol","Broncodilatador","Inhalador","100 mcg","Inhalatoria"
94,"C09AA05","Enalapril 20 mg (Lote 94)","Enalapril","Antihipertensivo IECA","Tableta","20 mg","Oral"
95,"J01CA04","Amoxicilina 500 mg (Lote 95)","Amoxicilina","Antibiótico penicilina","Tableta","500 mg","Oral"
96,"M01AE01","Ibuprofeno 400 mg (Lote 96)","Ibuprofeno","Antiinflamatorio","Tableta","400 mg","Oral"
97,"J01CA04","Amoxicilina 500 mg (Lote 97)","Amoxicilina","Antibiótico penicilina","Tableta","500 mg","Oral"
98,"N02BE01","Paracetamol 500 mg (Lote 98)","Paracetamol","Analgésico","Tableta","500 mg","Oral"
99,"R03AK06","Salbutamol inhalador (Lote 99)","Salbutamol","Broncodilatador","Inhalador","100 mcg","Inhalatoria"
100,"M01AE01","Ibuprofeno 400 mg (Lote 100)","Ibuprofeno","Antiinflamatorio","Tableta","400 mg","Oral"
101,"J01CA04","Amoxicilina 500 mg (Lote 101)","Amoxicilina","Antibiótico penicilina","Tableta","500 mg","Oral"
102,"M01AE01","Ibuprofeno 400 mg (Lote 102)","Ibuprofeno","Antiinflamatorio","Tableta","400 mg","Oral"
103,"A10BA02","Metformina 850 mg (Lote 103)","Metformina","Antidiabético","Tableta","850 mg","Oral"
104,"R03AK06","Salbutamol inhalador (Lote 104)","Salbutamol","Broncodilatador","Inhalador","100 mcg","Inhalatoria"
105,"M01AE01","Ibuprofeno 400 mg (Lote 105)","Ibuprofeno","Antiinflamatorio","Tableta","400 mg","Oral"
106,"J01CA04","Amoxicilina 500 mg (Lote 106)","Amoxicilina","Antibiótico penicilina","Tableta","500 mg","Oral"
107,"C09AA05","Enalapril 20 mg (Lote 107)","Enalapril","Antihipertensivo IECA","Tableta","20 mg","Oral"
108,"A02BC01","Omeprazol 20 mg (Lote 108)","Omeprazol","Antiácido","Cápsula","20 mg","Oral"
109,"R03AK06","Salbutamol inhalador (Lote 109)","Salbutamol","Broncodilatador","Inhalador","100 mcg","Inhalatoria"
110,"B01AC06","Ácido acetilsalicílico (Lote 110)","Aspirina","Antiagregante","Tableta","100 mg","Oral"
111,"M01AE01","Ibuprofeno 400 mg (Lote 111)","Ibuprofeno","Antiinflamatorio","Tableta","400 mg","Oral"
112,"A02BC01","Omeprazol 20 mg (Lote 112)","Omeprazol","Antiácido","Cápsula","20 mg","Oral"
113,"C09AA05","Enalapril 20 mg (Lote 113)","Enalapril","Antihipertensivo IECA","Tableta","20 mg","Oral"
114,"B01AC06","Ácido acetilsalicílico (Lote 114)","Aspirina","Antiagregante","Tableta","100 mg","Oral"
115,"N02BE01","Paracetamol 500 mg (Lote 115)","Paracetamol","Analgésico","Tableta","500 mg","Oral"
116,"J01CA04","Amoxicilina 500 mg (Lote 116)","Amoxicilina","Antibiótico penicilina","Tableta","500 mg","Oral"
117,"A10BA02","Metformina 850 mg (Lote 117)","Metformina","Antidiabético","Tableta","850 mg","Oral"
118,"A10BA02","Metformina 850 mg (Lote 118)","Metformina","Antidiabético","Tableta","850 mg","Oral"
119,"A02BC01","Omeprazol 20 mg (Lote 119)","Omeprazol","Antiácido","Cápsula","20 mg","Oral"
120,"R03AK06","Salbutamol inhalador (Lote 120)","Salbutamol","Broncodilatador","Inhalador","100 mcg","Inhalatoria"
121,"M01AE01","Ibuprofeno 400 mg (Lote 121)","Ibuprofeno","Antiinflamatorio","Tableta","400 mg","Oral"
122,"A10BA02","Metformina 850 mg (Lote 122)","Metformina","Antidiabético","Tableta","850 mg","Oral"
123,"N02BE01","Paracetamol 500 mg (Lote 123)","Paracetamol","Analgésico","Tableta","500 mg","Oral"
124,"A02BC01","Omeprazol 20 mg (Lote 124)","Omeprazol","Antiácido","Cápsula","20 mg","Oral"
125,"C09AA05","Enalapril 20 mg (Lote 125)","Enalapril","Antihipertensivo IECA","Tableta","20 mg","Oral"
126,"C09AA05","Enalapril 20 mg (Lote 126)","Enalapril","Antihipertensivo IECA","Tableta","20 mg","Oral"
127,"C09AA05","Enalapril 20 mg (Lote 127)","Enalapril","Antihipertensivo IECA","Tableta","20 mg","Oral"
128,"B01AC06","Ácido acetilsalicílico (Lote 128)","Aspirina","Antiagregante","Tableta","100 mg","Oral"
129,"A10BA02","Metformina 850 mg (Lote 129)","Metformina","Antidiabético","Tableta","850 mg","Oral"
130,"A02BC01","Omeprazol 20 mg (Lote 130)","Omeprazol","Antiácido","Cápsula","20 mg","Oral"
131,"A10BA02","Metformina 850 mg (Lote 131)","Metformina","Antidiabético","Tableta","850 mg","Oral"
132,"A02BC01","Omeprazol 20 mg (Lote 132)","Omeprazol","Antiácido","Cápsula","20 mg","Oral"
133,"B01AC06","Ácido acetilsalicílico (Lote 133)","Aspirina","Antiagregante","Tableta","100 mg","Oral"
134,"J01CA04","Amoxicilina 500 mg (Lote 134)","Amoxicilina","Antibiótico penicilina","Tableta","500 mg","Oral"
135,"M01AE01","Ibuprofeno 400 mg (Lote 135)","Ibuprofeno","Antiinflamatorio","Tableta","400 mg","Oral"
136,"B01AC06","Ácido acetilsalicílico (Lote 136)","Aspirina","Antiagregante","Tableta","100 mg","Oral"
137,"M01AE01","Ibuprofeno 400 mg (Lote 137)","Ibuprofeno","Antiinflamatorio","Tableta","400 mg","Oral"
138,"A10BA02","Metformina 850 mg (Lote 138)","Metformina","Antidiabético","Tableta","850 mg","Oral"
139,"B01AC06","Ácido acetilsalicílico (Lote 139)","Aspirina","Antiagregante","Tableta","100 mg","Oral"
140,"M01AE01","Ibuprofeno 400 mg (Lote 140)","Ibuprofeno","Antiinflamatorio","Tableta","400 mg","Oral"
141,"N02BE01","Paracetamol 500 mg (Lote 141)","Paracetamol","Analgésico","Tableta","500 mg","Oral"
142,"N02BE01","Paracetamol 500 mg (Lote 142)","Paracetamol","Analgésico","Tableta","500 mg","Oral"
143,"A02BC01","Omeprazol 20 mg (Lote 143)","Omeprazol","Antiácido","Cápsula","20 mg","Oral"
144,"A10BA02","Metformina 850 mg (Lote 144)","Metformina","Antidiabético","Tableta","850 mg","Oral"
145,"N02BE01","Paracetamol 500 mg (Lote 145)","Paracetamol","Analgésico","Tableta","500 mg","Oral"
146,"C09AA05","Enalapril 20 mg (Lote 146)","Enalapril","Antihipertensivo IECA","Tableta","20 mg","Oral"
147,"C09AA05","Enalapril 20 mg (Lote 147)","Enalapril","Antihipertensivo IECA","Tableta","20 mg","Oral"
148,"A10BA02","Metformina 850 mg (Lote 148)","Metformina","Antidiabético","Tableta","850 mg","Oral"
149,"N02BE01","Paracetamol 500 mg (Lote 149)","Paracetamol","Analgésico","Tableta","500 mg","Oral"
150,"A02BC01","Omeprazol 20 mg (Lote 150)","Omeprazol","Antiácido","Cápsula","20 mg","Oral"
151,"R03AK06","Salbutamol inhalador (Lote 151)","Salbutamol","Broncodilatador","Inhalador","100 mcg","Inhalatoria"
152,"M01AE01","Ibuprofeno 400 mg (Lote 152)","Ibuprofeno","Antiinflamatorio","Tableta","400 mg","Oral"
153,"M01AE01","Ibuprofeno 400 mg (Lote 153)","Ibuprofeno","Antiinflamatorio","Tableta","400 mg","Oral"
154,"A02BC01","Omeprazol 20 mg (Lote 154)","Omeprazol","Antiácido","Cápsula","20 mg","Oral"
155,"C09AA05","Enalapril 20 mg (Lote 155)","Enalapril","Antihipertensivo IECA","Tableta","20 mg","Oral"
156,"C09AA05","Enalapril 20 mg (Lote 156)","Enalapril","Antihipertensivo IECA","Tableta","20 mg","Oral"
157,"A10BA02","Metformina 850 mg (Lote 157)","Metformina","Antidiabético","Tableta","850 mg","Oral"
158,"A02BC01","Omeprazol 20 mg (Lote 158)","Omeprazol","Antiácido","Cápsula","20 mg","Oral"
159,"C09AA05","Enalapril 20 mg (Lote 159)","Enalapril","Antihipertensivo IECA","Tableta","20 mg","Oral"
160,"B01AC06","Ácido acetilsalicílico (Lote 160)","Aspirina","Antiagregante","Tableta","100 mg","Oral"
161,"C09AA05","Enalapril 20 mg (Lote 161)","Enalapril","Antihipertensivo IECA","Tableta","20 mg","Oral"
162,"J01CA04","Amoxicilina 500 mg (Lote 162)","Amoxicilina","Antibiótico penicilina","Tableta","500 mg","Oral"
163,"R03AK06","Salbutamol inhalador (Lote 163)","Salbutamol","Broncodilatador","Inhalador","100 mcg","Inhalatoria"
164,"A02BC01","Omeprazol 20 mg (Lote 164)","Omeprazol","Antiácido","Cápsula","20 mg","Oral"
165,"N02BE01","Paracetamol 500 mg (Lote 165)","Paracetamol","Analgésico","Tableta","500 mg","Oral"
166,"R03AK06","Salbutamol inhalador (Lote 166)","Salbutamol","Broncodilatador","Inhalador","100 mcg","Inhalatoria"
167,"R03AK06","Salbutamol inhalador (Lote 167)","Salbutamol","Broncodilatador","Inhalador","100 mcg","Inhalatoria"
168,"B01AC06","Ácido acetilsalicílico (Lote 168)","Aspirina","Antiagregante","Tableta","100 mg","Oral"
169,"N02BE01","Paracetamol 500 mg (Lote 169)","Paracetamol","Analgésico","Tableta","500 mg","Oral"
170,"M01AE01","Ibuprofeno 400 mg (Lote 170)","Ibuprofeno","Antiinflamatorio","Tableta","400 mg","Oral"
171,"B01AC06","Ácido acetilsalicílico (Lote 171)","Aspirina","Antiagregante","Tableta","100 mg","Oral"
172,"A02BC01","Omeprazol 20 mg (Lote 172)","Omeprazol","Antiácido","Cápsula","20 mg","Oral"
173,"R03AK06","Salbutamol inhalador (Lote 173)","Salbutamol","Broncodilatador","Inhalador","100 mcg","Inhalatoria"
174,"N02BE01","Paracetamol 500 mg (Lote 174)","Paracetamol","Analgésico","Tableta","500 mg","Oral"
175,"J01CA04","Amoxicilina 500 mg (Lote 175)","Amoxicilina","Antibiótico penicilina","Tableta","500 mg","Oral"
176,"J01CA04","Amoxicilina 500 mg (Lote 176)","Amoxicilina","Antibiótico penicilina","Tableta","500 mg","Oral"
177,"N02BE01","Paracetamol 500 mg (Lote 177)","Paracetamol","Analgésico","Tableta","500 mg","Oral"
178,"C09AA05","Enalapril 20 mg (Lote 178)","Enalapril","Antihipertensivo IECA","Tableta","20 mg","Oral"
179,"J01CA04","Amoxicilina 500 mg (Lote 179)","Amoxicilina","Antibiótico penicilina","Tableta","500 mg","Oral"
180,"A02BC01","Omeprazol 20 mg (Lote 180)","Omeprazol","Antiácido","Cápsula","20 mg","Oral"
181,"A10BA02","Metformina 850 mg (Lote 181)","Metformina","Antidiabético","Tableta","850 mg","Oral"
182,"M01AE01","Ibuprofeno 400 mg (Lote 182)","Ibuprofeno","Antiinflamatorio","Tableta","400 mg","Oral"
183,"A10BA02","Metformina 850 mg (Lote 183)","Metformina","Antidiabético","Tableta","850 mg","Oral"
184,"A02BC01","Omeprazol 20 mg (Lote 184)","Omeprazol","Antiácido","Cápsula","20 mg","Oral"
185,"M01AE01","Ibuprofeno 400 mg (Lote 185)","Ibuprofeno","Antiinflamatorio","Tableta","400 mg","Oral"
186,"J01CA04","Amoxicilina 500 mg (Lote 186)","Amoxicilina","Antibiótico penicilina","Tableta","500 mg","Oral"
187,"N02BE01","Paracetamol 500 mg (Lote 187)","Paracetamol","Analgésico","Tableta","500 mg","Oral"
188,"R03AK06","Salbutamol inhalador (Lote 188)","Salbutamol","Broncodilatador","Inhalador","100 mcg","Inhalatoria"
189,"A10BA02","Metformina 850 mg (Lote 189)","Metformina","Antidiabético","Tableta","850 mg","Oral"
190,"A02BC01","Omeprazol 20 mg (Lote 190)","Omeprazol","Antiácido","Cápsula","20 mg","Oral"
191,"A02BC01","Omeprazol 20 mg (Lote 191)","Omeprazol","Antiácido","Cápsula","20 mg","Oral"
192,"A10BA02","Metformina 850 mg (Lote 192)","Metformina","Antidiabético","Tableta","850 mg","Oral"
193,"N02BE01","Paracetamol 500 mg (Lote 193)","Paracetamol","Analgésico","Tableta","500 mg","Oral"
194,"C09AA05","Enalapril 20 mg (Lote 194)","Enalapril","Antihipertensivo IECA","Tableta","20 mg","Oral"
195,"C09AA05","Enalapril 20 mg (Lote 195)","Enalapril","Antihipertensivo IECA","Tableta","20 mg","Oral"
196,"A10BA02","Metformina 850 mg (Lote 196)","Metformina","Antidiabético","Tableta","850 mg","Oral"
197,"N02BE01","Paracetamol 500 mg (Lote 197)","Paracetamol","Analgésico","Tableta","500 mg","Oral"
198,"A10BA02","Metformina 850 mg (Lote 198)","Metformina","Antidiabético","Tableta","850 mg","Oral"
199,"J01CA04","Amoxicilina 500 mg (Lote 199)","Amoxicilina","Antibiótico penicilina","Tableta","500 mg","Oral"
200,"C09AA05","Enalapril 20 mg (Lote 200)","Enalapril","Antihipertensivo IECA","Tableta","20 mg","Oral"
201,"B01AC06","Ácido acetilsalicílico (Lote 201)","Aspirina","Antiagregante","Tableta","100 mg","Oral"
202,"J01CA04","Amoxicilina 500 mg (Lote 202)","Amoxicilina","Antibiótico penicilina","Tableta","500 mg","Oral"
203,"N02BE01","Paracetamol 500 mg (Lote 203)","Paracetamol","Analgésico","Tableta","500 mg","Oral"
204,"J01CA04","Amoxicilina 500 mg (Lote 204)","Amoxicilina","Antibiótico penicilina","Tableta","500 mg","Oral"
205,"A02BC01","Omeprazol 20 mg (Lote 205)","Omeprazol","Antiácido","Cápsula","20 mg","Oral"
206,"B01AC06","Ácido acetilsalicílico (Lote 206)","Aspirina","Antiagregante","Tableta","100 mg","Oral"
207,"A02BC01","Omeprazol 20 mg (Lote 207)","Omeprazol","Antiácido","Cápsula","20 mg","Oral"
208,"B01AC06","Ácido acetilsalicílico (Lote 208)","Aspirina","Antiagregante","Tableta","100 mg","Oral"
209,"A10BA02","Metformina 850 mg (Lote 209)","Metformina","Antidiabético","Tableta","850 mg","Oral"
210,"J01CA04","Amoxicilina 500 mg (Lote 210)","Amoxicilina","Antibiótico penicilina","Tableta","500 mg","Oral"
211,"M01AE01","Ibuprofeno 400 mg (Lote 211)","Ibuprofeno","Antiinflamatorio","Tableta","400 mg","Oral"
212,"N02BE01","Paracetamol 500 mg (Lote 212)","Paracetamol","Analgésico","Tableta","500 mg","Oral"
213,"A02BC01","Omeprazol 20 mg (Lote 213)","Omeprazol","Antiácido","Cápsula","20 mg","Oral"
214,"A02BC01","Omeprazol 20 mg (Lote 214)","Omeprazol","Antiácido","Cápsula","20 mg","Oral"
215,"J01CA04","Amoxicilina 500 mg (Lote 215)","Amoxicilina","Antibiótico penicilina","Tableta","500 mg","Oral"
216,"A10BA02","Metformina 850 mg (Lote 216)","Metformina","Antidiabético","Tableta","850 mg","Oral"
217,"A02BC01","Omeprazol 20 mg (Lote 217)","Omeprazol","Antiácido","Cápsula","20 mg","Oral"
218,"N02BE01","Paracetamol 500 mg (Lote 218)","Paracetamol","Analgésico","Tableta","500 mg","Oral"
219,"R03AK06","Salbutamol inhalador (Lote 219)","Salbutamol","Broncodilatador","Inhalador","100 mcg","Inhalatoria"
220,"R03AK06","Salbutamol inhalador (Lote 220)","Salbutamol","Broncodilatador","Inhalador","100 mcg","Inhalatoria"
221,"M01AE01","Ibuprofeno 400 mg (Lote 221)","Ibuprofeno","Antiinflamatorio","Tableta","400 mg","Oral"
222,"A10BA02","Metformina 850 mg (Lote 222)","Metformina","Antidiabético","Tableta","850 mg","Oral"
223,"C09AA05","Enalapril 20 mg (Lote 223)","Enalapril","Antihipertensivo IECA","Tableta","20 mg","Oral"
224,"R03AK06","Salbutamol inhalador (Lote 224)","Salbutamol","Broncodilatador","Inhalador","100 mcg","Inhalatoria"
225,"N02BE01","Paracetamol 500 mg (Lote 225)","Paracetamol","Analgésico","Tableta","500 mg","Oral"
226,"M01AE01","Ibuprofeno 400 mg (Lote 226)","Ibuprofeno","Antiinflamatorio","Tableta","400 mg","Oral"
227,"M01AE01","Ibuprofeno 400 mg (Lote 227)","Ibuprofeno","Antiinflamatorio","Tableta","400 mg","Oral"
228,"B01AC06","Ácido acetilsalicílico (Lote 228)","Aspirina","Antiagregante","Tableta","100 mg","Oral"
229,"A10BA02","Metformina 850 mg (Lote 229)","Metformina","Antidiabético","Tableta","850 mg","Oral"
230,"J01CA04","Amoxicilina 500 mg (Lote 230)","Amoxicilina","Antibiótico penicilina","Tableta","500 mg","Oral"
231,"J01CA04","Amoxicilina 500 mg (Lote 231)","Amoxicilina","Antibiótico penicilina","Tableta","500 mg","Oral"
232,"C09AA05","Enalapril 20 mg (Lote 232)","Enalapril","Antihipertensivo IECA","Tableta","20 mg","Oral"
233,"C09AA05","Enalapril 20 mg (Lote 233)","Enalapril","Antihipertensivo IECA","Tableta","20 mg","Oral"
234,"B01AC06","Ácido acetilsalicílico (Lote 234)","Aspirina","Antiagregante","Tableta","100 mg","Oral"
235,"A10BA02","Metformina 850 mg (Lote 235)","Metformina","Antidiabético","Tableta","850 mg","Oral"
236,"N02BE01","Paracetamol 500 mg (Lote 236)","Paracetamol","Analgésico","Tableta","500 mg","Oral"
237,"J01CA04","Amoxicilina 500 mg (Lote 237)","Amoxicilina","Antibiótico penicilina","Tableta","500 mg","Oral"
238,"N02BE01","Paracetamol 500 mg (Lote 238)","Paracetamol","Analgésico","Tableta","500 mg","Oral"
239,"A02BC01","Omeprazol 20 mg (Lote 239)","Omeprazol","Antiácido","Cápsula","20 mg","Oral"
240,"C09AA05","Enalapril 20 mg (Lote 240)","Enalapril","Antihipertensivo IECA","Tableta","20 mg","Oral"
241,"N02BE01","Paracetamol 500 mg (Lote 241)","Paracetamol","Analgésico","Tableta","500 mg","Oral"
242,"J01CA04","Amoxicilina 500 mg (Lote 242)","Amoxicilina","Antibiótico penicilina","Tableta","500 mg","Oral"
243,"J01CA04","Amoxicilina 500 mg (Lote 243)","Amoxicilina","Antibiótico penicilina","Tableta","500 mg","Oral"
244,"A02BC01","Omeprazol 20 mg (Lote 244)","Omeprazol","Antiácido","Cápsula","20 mg","Oral"
245,"N02BE01","Paracetamol 500 mg (Lote 245)","Paracetamol","Analgésico","Tableta","500 mg","Oral"
246,"M01AE01","Ibuprofeno 400 mg (Lote 246)","Ibuprofeno","Antiinflamatorio","Tableta","400 mg","Oral"
247,"N02BE01","Paracetamol 500 mg (Lote 247)","Paracetamol","Analgésico","Tableta","500 mg","Oral"
248,"A10BA02","Metformina 850 mg (Lote 248)","Metformina","Antidiabético","Tableta","850 mg","Oral"
249,"M01AE01","Ibuprofeno 400 mg (Lote 249)","Ibuprofeno","Antiinflamatorio","Tableta","400 mg","Oral"
250,"A02BC01","Omeprazol 20 mg (Lote 250)","Omeprazol","Antiácido","Cápsula","20 mg","Oral"
251,"R03AK06","Salbutamol inhalador (Lote 251)","Salbutamol","Broncodilatador","Inhalador","100 mcg","Inhalatoria"
252,"J01CA04","Amoxicilina 500 mg (Lote 252)","Amoxicilina","Antibiótico penicilina","Tableta","500 mg","Oral"
253,"J01CA04","Amoxicilina 500 mg (Lote 253)","Amoxicilina","Antibiótico penicilina","Tableta","500 mg","Oral"
254,"B01AC06","Ácido acetilsalicílico (Lote 254)","Aspirina","Antiagregante","Tableta","100 mg","Oral"
255,"M01AE01","Ibuprofeno 400 mg (Lote 255)","Ibuprofeno","Antiinflamatorio","Tableta","400 mg","Oral"
256,"A10BA02","Metformina 850 mg (Lote 256)","Metformina","Antidiabético","Tableta","850 mg","Oral"
257,"M01AE01","Ibuprofeno 400 mg (Lote 257)","Ibuprofeno","Antiinflamatorio","Tableta","400 mg","Oral"
258,"A02BC01","Omeprazol 20 mg (Lote 258)","Omeprazol","Antiácido","Cápsula","20 mg","Oral"
259,"R03AK06","Salbutamol inhalador (Lote 259)","Salbutamol","Broncodilatador","Inhalador","100 mcg","Inhalatoria"
260,"C09AA05","Enalapril 20 mg (Lote 260)","Enalapril","Antihipertensivo IECA","Tableta","20 mg","Oral"
261,"B01AC06","Ácido acetilsalicílico (Lote 261)","Aspirina","Antiagregante","Tableta","100 mg","Oral"
262,"N02BE01","Paracetamol 500 mg (Lote 262)","Paracetamol","Analgésico","Tableta","500 mg","Oral"
263,"R03AK06","Salbutamol inhalador (Lote 263)","Salbutamol","Broncodilatador","Inhalador","100 mcg","Inhalatoria"
264,"M01AE01","Ibuprofeno 400 mg (Lote 264)","Ibuprofeno","Antiinflamatorio","Tableta","400 mg","Oral"
265,"A02BC01","Omeprazol 20 mg (Lote 265)","Omeprazol","Antiácido","Cápsula","20 mg","Oral"
266,"N02BE01","Paracetamol 500 mg (Lote 266)","Paracetamol","Analgésico","Tableta","500 mg","Oral"
267,"N02BE01","Paracetamol 500 mg (Lote 267)","Paracetamol","Analgésico","Tableta","500 mg","Oral"
268,"J01CA04","Amoxicilina 500 mg (Lote 268)","Amoxicilina","Antibiótico penicilina","Tableta","500 mg","Oral"
269,"R03AK06","Salbutamol inhalador (Lote 269)","Salbutamol","Broncodilatador","Inhalador","100 mcg","Inhalatoria"
270,"B01AC06","Ácido acetilsalicílico (Lote 270)","Aspirina","Antiagregante","Tableta","100 mg","Oral"
271,"J01CA04","Amoxicilina 500 mg (Lote 271)","Amoxicilina","Antibiótico penicilina","Tableta","500 mg","Oral"
272,"J01CA04","Amoxicilina 500 mg (Lote 272)","Amoxicilina","Antibiótico penicilina","Tableta","500 mg","Oral"
273,"J01CA04","Amoxicilina 500 mg (Lote 273)","Amoxicilina","Antibiótico penicilina","Tableta","500 mg","Oral"
274,"B01AC06","Ácido acetilsalicílico (Lote 274)","Aspirina","Antiagregante","Tableta","100 mg","Oral"
275,"A02BC01","Omeprazol 20 mg (Lote 275)","Omeprazol","Antiácido","Cápsula","20 mg","Oral"
276,"A10BA02","Metformina 850 mg (Lote 276)","Metformina","Antidiabético","Tableta","850 mg","Oral"
277,"R03AK06","Salbutamol inhalador (Lote 277)","Salbutamol","Broncodilatador","Inhalador","100 mcg","Inhalatoria"
278,"M01AE01","Ibuprofeno 400 mg (Lote 278)","Ibuprofeno","Antiinflamatorio","Tableta","400 mg","Oral"
279,"M01AE01","Ibuprofeno 400 mg (Lote 279)","Ibuprofeno","Antiinflamatorio","Tableta","400 mg","Oral"
280,"B01AC06","Ácido acetilsalicílico (Lote 280)","Aspirina","Antiagregante","Tableta","100 mg","Oral"
281,"C09AA05","Enalapril 20 mg (Lote 281)","Enalapril","Antihipertensivo IECA","Tableta","20 mg","Oral"
282,"A10BA02","Metformina 850 mg (Lote 282)","Metformina","Antidiabético","Tableta","850 mg","Oral"
283,"R03AK06","Salbutamol inhalador (Lote 283)","Salbutamol","Broncodilatador","Inhalador","100 mcg","Inhalatoria"
284,"A02BC01","Omeprazol 20 mg (Lote 284)","Omeprazol","Antiácido","Cápsula","20 mg","Oral"
285,"A10BA02","Metformina 850 mg (Lote 285)","Metformina","Antidiabético","Tableta","850 mg","Oral"
286,"A10BA02","Metformina 850 mg (Lote 286)","Metformina","Antidiabético","Tableta","850 mg","Oral"
287,"A02BC01","Omeprazol 20 mg (Lote 287)","Omeprazol","Antiácido","Cápsula","20 mg","Oral"
288,"B01AC06","Ácido acetilsalicílico (Lote 288)","Aspirina","Antiagregante","Tableta","100 mg","Oral"
289,"B01AC06","Ácido acetilsalicílico (Lote 289)","Aspirina","Antiagregante","Tableta","100 mg","Oral"
290,"N02BE01","Paracetamol 500 mg (Lote 290)","Paracetamol","Analgésico","Tableta","500 mg","Oral"
291,"A02BC01","Omeprazol 20 mg (Lote 291)","Omeprazol","Antiácido","Cápsula","20 mg","Oral"
292,"R03AK06","Salbutamol inhalador (Lote 292)","Salbutamol","Broncodilatador","Inhalador","100 mcg","Inhalatoria"
293,"A02BC01","Omeprazol 20 mg (Lote 293)","Omeprazol","Antiácido","Cápsula","20 mg","Oral"
294,"J01CA04","Amoxicilina 500 mg (Lote 294)","Amoxicilina","Antibiótico penicilina","Tableta","500 mg","Oral"
295,"J01CA04","Amoxicilina 500 mg (Lote 295)","Amoxicilina","Antibiótico penicilina","Tableta","500 mg","Oral"
296,"A02BC01","Omeprazol 20 mg (Lote 296)","Omeprazol","Antiácido","Cápsula","20 mg","Oral"
297,"R03AK06","Salbutamol inhalador (Lote 297)","Salbutamol","Broncodilatador","Inhalador","100 mcg","Inhalatoria"
298,"B01AC06","Ácido acetilsalicílico (Lote 298)","Aspirina","Antiagregante","Tableta","100 mg","Oral"
299,"R03AK06","Salbutamol inhalador (Lote 299)","Salbutamol","Broncodilatador","Inhalador","100 mcg","Inhalatoria"
300,"A02BC01","Omeprazol 20 mg (Lote 300)","Omeprazol","Antiácido","Cápsula","20 mg","Oral"
301,"R03AK06","Salbutamol inhalador (Lote 301)","Salbutamol","Broncodilatador","Inhalador","100 mcg","Inhalatoria"
302,"M01AE01","Ibuprofeno 400 mg (Lote 302)","Ibuprofeno","Antiinflamatorio","Tableta","400 mg","Oral"
303,"N02BE01","Paracetamol 500 mg (Lote 303)","Paracetamol","Analgésico","Tableta","500 mg","Oral"
304,"B01AC06","Ácido acetilsalicílico (Lote 304)","Aspirina","Antiagregante","Tableta","100 mg","Oral"
305,"A02BC01","Omeprazol 20 mg (Lote 305)","Omeprazol","Antiácido","Cápsula","20 mg","Oral"
306,"R03AK06","Salbutamol inhalador (Lote 306)","Salbutamol","Broncodilatador","Inhalador","100 mcg","Inhalatoria"
307,"A10BA02","Metformina 850 mg (Lote 307)","Metformina","Antidiabético","Tableta","850 mg","Oral"
308,"J01CA04","Amoxicilina 500 mg (Lote 308)","Amoxicilina","Antibiótico penicilina","Tableta","500 mg","Oral"
309,"R03AK06","Salbutamol inhalador (Lote 309)","Salbutamol","Broncodilatador","Inhalador","100 mcg","Inhalatoria"
310,"C09AA05","Enalapril 20 mg (Lote 310)","Enalapril","Antihipertensivo IECA","Tableta","20 mg","Oral"
311,"C09AA05","Enalapril 20 mg (Lote 311)","Enalapril","Antihipertensivo IECA","Tableta","20 mg","Oral"
312,"A02BC01","Omeprazol 20 mg (Lote 312)","Omeprazol","Antiácido","Cápsula","20 mg","Oral"
313,"J01CA04","Amoxicilina 500 mg (Lote 313)","Amoxicilina","Antibiótico penicilina","Tableta","500 mg","Oral"
314,"A10BA02","Metformina 850 mg (Lote 314)","Metformina","Antidiabético","Tableta","850 mg","Oral"
315,"B01AC06","Ácido acetilsalicílico (Lote 315)","Aspirina","Antiagregante","Tableta","100 mg","Oral"
316,"N02BE01","Paracetamol 500 mg (Lote 316)","Paracetamol","Analgésico","Tableta","500 mg","Oral"
317,"A02BC01","Omeprazol 20 mg (Lote 317)","Omeprazol","Antiácido","Cápsula","20 mg","Oral"
318,"C09AA05","Enalapril 20 mg (Lote 318)","Enalapril","Antihipertensivo IECA","Tableta","20 mg","Oral"
319,"R03AK06","Salbutamol inhalador (Lote 319)","Salbutamol","Broncodilatador","Inhalador","100 mcg","Inhalatoria"
320,"B01AC06","Ácido acetilsalicílico (Lote 320)","Aspirina","Antiagregante","Tableta","100 mg","Oral"
321,"A02BC01","Omeprazol 20 mg (Lote 321)","Omeprazol","Antiácido","Cápsula","20 mg","Oral"
322,"A10BA02","Metformina 850 mg (Lote 322)","Metformina","Antidiabético","Tableta","850 mg","Oral"
323,"J01CA04","Amoxicilina 500 mg (Lote 323)","Amoxicilina","Antibiótico penicilina","Tableta","500 mg","Oral"
324,"J01CA04","Amoxicilina 500 mg (Lote 324)","Amoxicilina","Antibiótico penicilina","Tableta","500 mg","Oral"
325,"M01AE01","Ibuprofeno 400 mg (Lote 325)","Ibuprofeno","Antiinflamatorio","Tableta","400 mg","Oral"
326,"A10BA02","Metformina 850 mg (Lote 326)","Metformina","Antidiabético","Tableta","850 mg","Oral"
327,"N02BE01","Paracetamol 500 mg (Lote 327)","Paracetamol","Analgésico","Tableta","500 mg","Oral"
328,"J01CA04","Amoxicilina 500 mg (Lote 328)","Amoxicilina","Antibiótico penicilina","Tableta","500 mg","Oral"
329,"B01AC06","Ácido acetilsalicílico (Lote 329)","Aspirina","Antiagregante","Tableta","100 mg","Oral"
330,"N02BE01","Paracetamol 500 mg (Lote 330)","Paracetamol","Analgésico","Tableta","500 mg","Oral"
331,"B01AC06","Ácido acetilsalicílico (Lote 331)","Aspirina","Antiagregante","Tableta","100 mg","Oral"
332,"M01AE01","Ibuprofeno 400 mg (Lote 332)","Ibuprofeno","Antiinflamatorio","Tableta","400 mg","Oral"
333,"J01CA04","Amoxicilina 500 mg (Lote 333)","Amoxicilina","Antibiótico penicilina","Tableta","500 mg","Oral"
334,"B01AC06","Ácido acetilsalicílico (Lote 334)","Aspirina","Antiagregante","Tableta","100 mg","Oral"
335,"A02BC01","Omeprazol 20 mg (Lote 335)","Omeprazol","Antiácido","Cápsula","20 mg","Oral"
336,"C09AA05","Enalapril 20 mg (Lote 336)","Enalapril","Antihipertensivo IECA","Tableta","20 mg","Oral"
337,"A02BC01","Omeprazol 20 mg (Lote 337)","Omeprazol","Antiácido","Cápsula","20 mg","Oral"
338,"M01AE01","Ibuprofeno 400 mg (Lote 338)","Ibuprofeno","Antiinflamatorio","Tableta","400 mg","Oral"
339,"M01AE01","Ibuprofeno 400 mg (Lote 339)","Ibuprofeno","Antiinflamatorio","Tableta","400 mg","Oral"
340,"R03AK06","Salbutamol inhalador (Lote 340)","Salbutamol","Broncodilatador","Inhalador","100 mcg","Inhalatoria"
341,"B01AC06","Ácido acetilsalicílico (Lote 341)","Aspirina","Antiagregante","Tableta","100 mg","Oral"
342,"A10BA02","Metformina 850 mg (Lote 342)","Metformina","Antidiabético","Tableta","850 mg","Oral"
343,"R03AK06","Salbutamol inhalador (Lote 343)","Salbutamol","Broncodilatador","Inhalador","100 mcg","Inhalatoria"
344,"B01AC06","Ácido acetilsalicílico (Lote 344)","Aspirina","Antiagregante","Tableta","100 mg","Oral"
345,"A10BA02","Metformina 850 mg (Lote 345)","Metformina","Antidiabético","Tableta","850 mg","Oral"
346,"M01AE01","Ibuprofeno 400 mg (Lote 346)","Ibuprofeno","Antiinflamatorio","Tableta","400 mg","Oral"
347,"C09AA05","Enalapril 20 mg (Lote 347)","Enalapril","Antihipertensivo IECA","Tableta","20 mg","Oral"
348,"N02BE01","Paracetamol 500 mg (Lote 348)","Paracetamol","Analgésico","Tableta","500 mg","Oral"
349,"N02BE01","Paracetamol 500 mg (Lote 349)","Paracetamol","Analgésico","Tableta","500 mg","Oral"
350,"C09AA05","Enalapril 20 mg (Lote 350)","Enalapril","Antihipertensivo IECA","Tableta","20 mg","Oral"
351,"A10BA02","Metformina 850 mg (Lote 351)","Metformina","Antidiabético","Tableta","850 mg","Oral"
352,"R03AK06","Salbutamol inhalador (Lote 352)","Salbutamol","Broncodilatador","Inhalador","100 mcg","Inhalatoria"
353,"B01AC06","Ácido acetilsalicílico (Lote 353)","Aspirina","Antiagregante","Tableta","100 mg","Oral"
354,"J01CA04","Amoxicilina 500 mg (Lote 354)","Amoxicilina","Antibiótico penicilina","Tableta","500 mg","Oral"
355,"N02BE01","Paracetamol 500 mg (Lote 355)","Paracetamol","Analgésico","Tableta","500 mg","Oral"
356,"R03AK06","Salbutamol inhalador (Lote 356)","Salbutamol","Broncodilatador","Inhalador","100 mcg","Inhalatoria"
357,"N02BE01","Paracetamol 500 mg (Lote 357)","Paracetamol","Analgésico","Tableta","500 mg","Oral"
358,"J01CA04","Amoxicilina 500 mg (Lote 358)","Amoxicilina","Antibiótico penicilina","Tableta","500 mg","Oral"
359,"B01AC06","Ácido acetilsalicílico (Lote 359)","Aspirina","Antiagregante","Tableta","100 mg","Oral"
360,"A02BC01","Omeprazol 20 mg (Lote 360)","Omeprazol","Antiácido","Cápsula","20 mg","Oral"
361,"J01CA04","Amoxicilina 500 mg (Lote 361)","Amoxicilina","Antibiótico penicilina","Tableta","500 mg","Oral"
362,"N02BE01","Paracetamol 500 mg (Lote 362)","Paracetamol","Analgésico","Tableta","500 mg","Oral"
363,"A10BA02","Metformina 850 mg (Lote 363)","Metformina","Antidiabético","Tableta","850 mg","Oral"
364,"B01AC06","Ácido acetilsalicílico (Lote 364)","Aspirina","Antiagregante","Tableta","100 mg","Oral"
365,"M01AE01","Ibuprofeno 400 mg (Lote 365)","Ibuprofeno","Antiinflamatorio","Tableta","400 mg","Oral"
366,"B01AC06","Ácido acetilsalicílico (Lote 366)","Aspirina","Antiagregante","Tableta","100 mg","Oral"
367,"N02BE01","Paracetamol 500 mg (Lote 367)","Paracetamol","Analgésico","Tableta","500 mg","Oral"
368,"A02BC01","Omeprazol 20 mg (Lote 368)","Omeprazol","Antiácido","Cápsula","20 mg","Oral"
369,"C09AA05","Enalapril 20 mg (Lote 369)","Enalapril","Antihipertensivo IECA","Tableta","20 mg","Oral"
370,"A10BA02","Metformina 850 mg (Lote 370)","Metformina","Antidiabético","Tableta","850 mg","Oral"
371,"M01AE01","Ibuprofeno 400 mg (Lote 371)","Ibuprofeno","Antiinflamatorio","Tableta","400 mg","Oral"
372,"B01AC06","Ácido acetilsalicílico (Lote 372)","Aspirina","Antiagregante","Tableta","100 mg","Oral"
373,"N02BE01","Paracetamol 500 mg (Lote 373)","Paracetamol","Analgésico","Tableta","500 mg","Oral"
374,"J01CA04","Amoxicilina 500 mg (Lote 374)","Amoxicilina","Antibiótico penicilina","Tableta","500 mg","Oral"
375,"R03AK06","Salbutamol inhalador (Lote 375)","Salbutamol","Broncodilatador","Inhalador","100 mcg","Inhalatoria"
376,"R03AK06","Salbutamol inhalador (Lote 376)","Salbutamol","Broncodilatador","Inhalador","100 mcg","Inhalatoria"
377,"R03AK06","Salbutamol inhalador (Lote 377)","Salbutamol","Broncodilatador","Inhalador","100 mcg","Inhalatoria"
378,"B01AC06","Ácido acetilsalicílico (Lote 378)","Aspirina","Antiagregante","Tableta","100 mg","Oral"
379,"A02BC01","Omeprazol 20 mg (Lote 379)","Omeprazol","Antiácido","Cápsula","20 mg","Oral"
380,"A10BA02","Metformina 850 mg (Lote 380)","Metformina","Antidiabético","Tableta","850 mg","Oral"
381,"N02BE01","Paracetamol 500 mg (Lote 381)","Paracetamol","Analgésico","Tableta","500 mg","Oral"
382,"A02BC01","Omeprazol 20 mg (Lote 382)","Omeprazol","Antiácido","Cápsula","20 mg","Oral"
383,"R03AK06","Salbutamol inhalador (Lote 383)","Salbutamol","Broncodilatador","Inhalador","100 mcg","Inhalatoria"
384,"C09AA05","Enalapril 20 mg (Lote 384)","Enalapril","Antihipertensivo IECA","Tableta","20 mg","Oral"
385,"M01AE01","Ibuprofeno 400 mg (Lote 385)","Ibuprofeno","Antiinflamatorio","Tableta","400 mg","Oral"
386,"M01AE01","Ibuprofeno 400 mg (Lote 386)","Ibuprofeno","Antiinflamatorio","Tableta","400 mg","Oral"
387,"C09AA05","Enalapril 20 mg (Lote 387)","Enalapril","Antihipertensivo IECA","Tableta","20 mg","Oral"
388,"C09AA05","Enalapril 20 mg (Lote 388)","Enalapril","Antihipertensivo IECA","Tableta","20 mg","Oral"
389,"N02BE01","Paracetamol 500 mg (Lote 389)","Paracetamol","Analgésico","Tableta","500 mg","Oral"
390,"B01AC06","Ácido acetilsalicílico (Lote 390)","Aspirina","Antiagregante","Tableta","100 mg","Oral"
391,"A02BC01","Omeprazol 20 mg (Lote 391)","Omeprazol","Antiácido","Cápsula","20 mg","Oral"
392,"B01AC06","Ácido acetilsalicílico (Lote 392)","Aspirina","Antiagregante","Tableta","100 mg","Oral"
393,"A10BA02","Metformina 850 mg (Lote 393)","Metformina","Antidiabético","Tableta","850 mg","Oral"
394,"J01CA04","Amoxicilina 500 mg (Lote 394)","Amoxicilina","Antibiótico penicilina","Tableta","500 mg","Oral"
395,"M01AE01","Ibuprofeno 400 mg (Lote 395)","Ibuprofeno","Antiinflamatorio","Tableta","400 mg","Oral"
396,"B01AC06","Ácido acetilsalicílico (Lote 396)","Aspirina","Antiagregante","Tableta","100 mg","Oral"
397,"J01CA04","Amoxicilina 500 mg (Lote 397)","Amoxicilina","Antibiótico penicilina","Tableta","500 mg","Oral"
398,"J01CA04","Amoxicilina 500 mg (Lote 398)","Amoxicilina","Antibiótico penicilina","Tableta","500 mg","Oral"
399,"R03AK06","Salbutamol inhalador (Lote 399)","Salbutamol","Broncodilatador","Inhalador","100 mcg","Inhalatoria"
400,"J01CA04","Amoxicilina 500 mg (Lote 400)","Amoxicilina","Antibiótico penicilina","Tableta","500 mg","Oral"
401,"J01CA04","Amoxicilina 500 mg (Lote 401)","Amoxicilina","Antibiótico penicilina","Tableta","500 mg","Oral"
402,"A10BA02","Metformina 850 mg (Lote 402)","Metformina","Antidiabético","Tableta","850 mg","Oral"
403,"B01AC06","Ácido acetilsalicílico (Lote 403)","Aspirina","Antiagregante","Tableta","100 mg","Oral"
404,"R03AK06","Salbutamol inhalador (Lote 404)","Salbutamol","Broncodilatador","Inhalador","100 mcg","Inhalatoria"
405,"M01AE01","Ibuprofeno 400 mg (Lote 405)","Ibuprofeno","Antiinflamatorio","Tableta","400 mg","Oral"
406,"J01CA04","Amoxicilina 500 mg (Lote 406)","Amoxicilina","Antibiótico penicilina","Tableta","500 mg","Oral"
407,"J01CA04","Amoxicilina 500 mg (Lote 407)","Amoxicilina","Antibiótico penicilina","Tableta","500 mg","Oral"
408,"J01CA04","Amoxicilina 500 mg (Lote 408)","Amoxicilina","Antibiótico penicilina","Tableta","500 mg","Oral"
409,"M01AE01","Ibuprofeno 400 mg (Lote 409)","Ibuprofeno","Antiinflamatorio","Tableta","400 mg","Oral"
410,"N02BE01","Paracetamol 500 mg (Lote 410)","Paracetamol","Analgésico","Tableta","500 mg","Oral"
411,"R03AK06","Salbutamol inhalador (Lote 411)","Salbutamol","Broncodilatador","Inhalador","100 mcg","Inhalatoria"
412,"R03AK06","Salbutamol inhalador (Lote 412)","Salbutamol","Broncodilatador","Inhalador","100 mcg","Inhalatoria"
413,"J01CA04","Amoxicilina 500 mg (Lote 413)","Amoxicilina","Antibiótico penicilina","Tableta","500 mg","Oral"
414,"A02BC01","Omeprazol 20 mg (Lote 414)","Omeprazol","Antiácido","Cápsula","20 mg","Oral"
415,"A02BC01","Omeprazol 20 mg (Lote 415)","Omeprazol","Antiácido","Cápsula","20 mg","Oral"
416,"J01CA04","Amoxicilina 500 mg (Lote 416)","Amoxicilina","Antibiótico penicilina","Tableta","500 mg","Oral"
417,"J01CA04","Amoxicilina 500 mg (Lote 417)","Amoxicilina","Antibiótico penicilina","Tableta","500 mg","Oral"
418,"A02BC01","Omeprazol 20 mg (Lote 418)","Omeprazol","Antiácido","Cápsula","20 mg","Oral"
419,"A02BC01","Omeprazol 20 mg (Lote 419)","Omeprazol","Antiácido","Cápsula","20 mg","Oral"
420,"A10BA02","Metformina 850 mg (Lote 420)","Metformina","Antidiabético","Tableta","850 mg","Oral"
421,"N02BE01","Paracetamol 500 mg (Lote 421)","Paracetamol","Analgésico","Tableta","500 mg","Oral"
422,"J01CA04","Amoxicilina 500 mg (Lote 422)","Amoxicilina","Antibiótico penicilina","Tableta","500 mg","Oral"
423,"A10BA02","Metformina 850 mg (Lote 423)","Metformina","Antidiabético","Tableta","850 mg","Oral"
424,"B01AC06","Ácido acetilsalicílico (Lote 424)","Aspirina","Antiagregante","Tableta","100 mg","Oral"
425,"N02BE01","Paracetamol 500 mg (Lote 425)","Paracetamol","Analgésico","Tableta","500 mg","Oral"
426,"N02BE01","Paracetamol 500 mg (Lote 426)","Paracetamol","Analgésico","Tableta","500 mg","Oral"
427,"A10BA02","Metformina 850 mg (Lote 427)","Metformina","Antidiabético","Tableta","850 mg","Oral"
428,"A02BC01","Omeprazol 20 mg (Lote 428)","Omeprazol","Antiácido","Cápsula","20 mg","Oral"
429,"N02BE01","Paracetamol 500 mg (Lote 429)","Paracetamol","Analgésico","Tableta","500 mg","Oral"
430,"N02BE01","Paracetamol 500 mg (Lote 430)","Paracetamol","Analgésico","Tableta","500 mg","Oral"
431,"R03AK06","Salbutamol inhalador (Lote 431)","Salbutamol","Broncodilatador","Inhalador","100 mcg","Inhalatoria"
432,"B01AC06","Ácido acetilsalicílico (Lote 432)","Aspirina","Antiagregante","Tableta","100 mg","Oral"
433,"C09AA05","Enalapril 20 mg (Lote 433)","Enalapril","Antihipertensivo IECA","Tableta","20 mg","Oral"
434,"A10BA02","Metformina 850 mg (Lote 434)","Metformina","Antidiabético","Tableta","850 mg","Oral"
435,"C09AA05","Enalapril 20 mg (Lote 435)","Enalapril","Antihipertensivo IECA","Tableta","20 mg","Oral"
436,"N02BE01","Paracetamol 500 mg (Lote 436)","Paracetamol","Analgésico","Tableta","500 mg","Oral"
437,"M01AE01","Ibuprofeno 400 mg (Lote 437)","Ibuprofeno","Antiinflamatorio","Tableta","400 mg","Oral"
438,"C09AA05","Enalapril 20 mg (Lote 438)","Enalapril","Antihipertensivo IECA","Tableta","20 mg","Oral"
439,"A10BA02","Metformina 850 mg (Lote 439)","Metformina","Antidiabético","Tableta","850 mg","Oral"
440,"J01CA04","Amoxicilina 500 mg (Lote 440)","Amoxicilina","Antibiótico penicilina","Tableta","500 mg","Oral"
441,"A10BA02","Metformina 850 mg (Lote 441)","Metformina","Antidiabético","Tableta","850 mg","Oral"
442,"N02BE01","Paracetamol 500 mg (Lote 442)","Paracetamol","Analgésico","Tableta","500 mg","Oral"
443,"A02BC01","Omeprazol 20 mg (Lote 443)","Omeprazol","Antiácido","Cápsula","20 mg","Oral"
444,"B01AC06","Ácido acetilsalicílico (Lote 444)","Aspirina","Antiagregante","Tableta","100 mg","Oral"
445,"R03AK06","Salbutamol inhalador (Lote 445)","Salbutamol","Broncodilatador","Inhalador","100 mcg","Inhalatoria"
446,"J01CA04","Amoxicilina 500 mg (Lote 446)","Amoxicilina","Antibiótico penicilina","Tableta","500 mg","Oral"
447,"M01AE01","Ibuprofeno 400 mg (Lote 447)","Ibuprofeno","Antiinflamatorio","Tableta","400 mg","Oral"
448,"M01AE01","Ibuprofeno 400 mg (Lote 448)","Ibuprofeno","Antiinflamatorio","Tableta","400 mg","Oral"
449,"N02BE01","Paracetamol 500 mg (Lote 449)","Paracetamol","Analgésico","Tableta","500 mg","Oral"
450,"N02BE01","Paracetamol 500 mg (Lote 450)","Paracetamol","Analgésico","Tableta","500 mg","Oral"
451,"R03AK06","Salbutamol inhalador (Lote 451)","Salbutamol","Broncodilatador","Inhalador","100 mcg","Inhalatoria"
452,"J01CA04","Amoxicilina 500 mg (Lote 452)","Amoxicilina","Antibiótico penicilina","Tableta","500 mg","Oral"
453,"C09AA05","Enalapril 20 mg (Lote 453)","Enalapril","Antihipertensivo IECA","Tableta","20 mg","Oral"
454,"A02BC01","Omeprazol 20 mg (Lote 454)","Omeprazol","Antiácido","Cápsula","20 mg","Oral"
455,"M01AE01","Ibuprofeno 400 mg (Lote 455)","Ibuprofeno","Antiinflamatorio","Tableta","400 mg","Oral"
456,"B01AC06","Ácido acetilsalicílico (Lote 456)","Aspirina","Antiagregante","Tableta","100 mg","Oral"
457,"J01CA04","Amoxicilina 500 mg (Lote 457)","Amoxicilina","Antibiótico penicilina","Tableta","500 mg","Oral"
458,"R03AK06","Salbutamol inhalador (Lote 458)","Salbutamol","Broncodilatador","Inhalador","100 mcg","Inhalatoria"
459,"A02BC01","Omeprazol 20 mg (Lote 459)","Omeprazol","Antiácido","Cápsula","20 mg","Oral"
460,"M01AE01","Ibuprofeno 400 mg (Lote 460)","Ibuprofeno","Antiinflamatorio","Tableta","400 mg","Oral"
461,"M01AE01","Ibuprofeno 400 mg (Lote 461)","Ibuprofeno","Antiinflamatorio","Tableta","400 mg","Oral"
462,"C09AA05","Enalapril 20 mg (Lote 462)","Enalapril","Antihipertensivo IECA","Tableta","20 mg","Oral"
463,"A10BA02","Metformina 850 mg (Lote 463)","Metformina","Antidiabético","Tableta","850 mg","Oral"
464,"A10BA02","Metformina 850 mg (Lote 464)","Metformina","Antidiabético","Tableta","850 mg","Oral"
465,"A02BC01","Omeprazol 20 mg (Lote 465)","Omeprazol","Antiácido","Cápsula","20 mg","Oral"
466,"A10BA02","Metformina 850 mg (Lote 466)","Metformina","Antidiabético","Tableta","850 mg","Oral"
467,"A10BA02","Metformina 850 mg (Lote 467)","Metformina","Antidiabético","Tableta","850 mg","Oral"
468,"R03AK06","Salbutamol inhalador (Lote 468)","Salbutamol","Broncodilatador","Inhalador","100 mcg","Inhalatoria"
469,"R03AK06","Salbutamol inhalador (Lote 469)","Salbutamol","Broncodilatador","Inhalador","100 mcg","Inhalatoria"
470,"A02BC01","Omeprazol 20 mg (Lote 470)","Omeprazol","Antiácido","Cápsula","20 mg","Oral"
471,"B01AC06","Ácido acetilsalicílico (Lote 471)","Aspirina","Antiagregante","Tableta","100 mg","Oral"
472,"C09AA05","Enalapril 20 mg (Lote 472)","Enalapril","Antihipertensivo IECA","Tableta","20 mg","Oral"
473,"B01AC06","Ácido acetilsalicílico (Lote 473)","Aspirina","Antiagregante","Tableta","100 mg","Oral"
474,"J01CA04","Amoxicilina 500 mg (Lote 474)","Amoxicilina","Antibiótico penicilina","Tableta","500 mg","Oral"
475,"C09AA05","Enalapril 20 mg (Lote 475)","Enalapril","Antihipertensivo IECA","Tableta","20 mg","Oral"
476,"N02BE01","Paracetamol 500 mg (Lote 476)","Paracetamol","Analgésico","Tableta","500 mg","Oral"
477,"J01CA04","Amoxicilina 500 mg (Lote 477)","Amoxicilina","Antibiótico penicilina","Tableta","500 mg","Oral"
478,"R03AK06","Salbutamol inhalador (Lote 478)","Salbutamol","Broncodilatador","Inhalador","100 mcg","Inhalatoria"
479,"B01AC06","Ácido acetilsalicílico (Lote 479)","Aspirina","Antiagregante","Tableta","100 mg","Oral"
480,"A02BC01","Omeprazol 20 mg (Lote 480)","Omeprazol","Antiácido","Cápsula","20 mg","Oral"
481,"J01CA04","Amoxicilina 500 mg (Lote 481)","Amoxicilina","Antibiótico penicilina","Tableta","500 mg","Oral"
482,"J01CA04","Amoxicilina 500 mg (Lote 482)","Amoxicilina","Antibiótico penicilina","Tableta","500 mg","Oral"
483,"N02BE01","Paracetamol 500 mg (Lote 483)","Paracetamol","Analgésico","Tableta","500 mg","Oral"
484,"A02BC01","Omeprazol 20 mg (Lote 484)","Omeprazol","Antiácido","Cápsula","20 mg","Oral"
485,"A10BA02","Metformina 850 mg (Lote 485)","Metformina","Antidiabético","Tableta","850 mg","Oral"
486,"J01CA04","Amoxicilina 500 mg (Lote 486)","Amoxicilina","Antibiótico penicilina","Tableta","500 mg","Oral"
487,"A02BC01","Omeprazol 20 mg (Lote 487)","Omeprazol","Antiácido","Cápsula","20 mg","Oral"
488,"C09AA05","Enalapril 20 mg (Lote 488)","Enalapril","Antihipertensivo IECA","Tableta","20 mg","Oral"
489,"A02BC01","Omeprazol 20 mg (Lote 489)","Omeprazol","Antiácido","Cápsula","20 mg","Oral"
490,"R03AK06","Salbutamol inhalador (Lote 490)","Salbutamol","Broncodilatador","Inhalador","100 mcg","Inhalatoria"
491,"M01AE01","Ibuprofeno 400 mg (Lote 491)","Ibuprofeno","Antiinflamatorio","Tableta","400 mg","Oral"
492,"B01AC06","Ácido acetilsalicílico (Lote 492)","Aspirina","Antiagregante","Tableta","100 mg","Oral"
493,"J01CA04","Amoxicilina 500 mg (Lote 493)","Amoxicilina","Antibiótico penicilina","Tableta","500 mg","Oral"
494,"N02BE01","Paracetamol 500 mg (Lote 494)","Paracetamol","Analgésico","Tableta","500 mg","Oral"
495,"A02BC01","Omeprazol 20 mg (Lote 495)","Omeprazol","Antiácido","Cápsula","20 mg","Oral"
496,"J01CA04","Amoxicilina 500 mg (Lote 496)","Amoxicilina","Antibiótico penicilina","Tableta","500 mg","Oral"
497,"B01AC06","Ácido acetilsalicílico (Lote 497)","Aspirina","Antiagregante","Tableta","100 mg","Oral"
498,"N02BE01","Paracetamol 500 mg (Lote 498)","Paracetamol","Analgésico","Tableta","500 mg","Oral"
499,"B01AC06","Ácido acetilsalicílico (Lote 499)","Aspirina","Antiagregante","Tableta","100 mg","Oral"
500,"A02BC01","Omeprazol 20 mg (Lote 0)","Omeprazol","Antiácido","Cápsula","20 mg","Oral"
501,"N02BE01","Paracetamol 500 mg (Lote 1)","Paracetamol","Analgésico","Tableta","500 mg","Oral"
502,"N02BE01","Paracetamol 500 mg (Lote 2)","Paracetamol","Analgésico","Tableta","500 mg","Oral"
503,"J01CA04","Amoxicilina 500 mg (Lote 3)","Amoxicilina","Antibiótico penicilina","Tableta","500 mg","Oral"
504,"M01AE01","Ibuprofeno 400 mg (Lote 4)","Ibuprofeno","Antiinflamatorio","Tableta","400 mg","Oral"
505,"N02BE01","Paracetamol 500 mg (Lote 5)","Paracetamol","Analgésico","Tableta","500 mg","Oral"
506,"C09AA05","Enalapril 20 mg (Lote 6)","Enalapril","Antihipertensivo IECA","Tableta","20 mg","Oral"
507,"M01AE01","Ibuprofeno 400 mg (Lote 7)","Ibuprofeno","Antiinflamatorio","Tableta","400 mg","Oral"
508,"R03AK06","Salbutamol inhalador (Lote 8)","Salbutamol","Broncodilatador","Inhalador","100 mcg","Inhalatoria"
509,"M01AE01","Ibuprofeno 400 mg (Lote 9)","Ibuprofeno","Antiinflamatorio","Tableta","400 mg","Oral"
510,"A02BC01","Omeprazol 20 mg (Lote 10)","Omeprazol","Antiácido","Cápsula","20 mg","Oral"
511,"C09AA05","Enalapril 20 mg (Lote 11)","Enalapril","Antihipertensivo IECA","Tableta","20 mg","Oral"
512,"J01CA04","Amoxicilina 500 mg (Lote 12)","Amoxicilina","Antibiótico penicilina","Tableta","500 mg","Oral"
513,"C09AA05","Enalapril 20 mg (Lote 13)","Enalapril","Antihipertensivo IECA","Tableta","20 mg","Oral"
514,"A10BA02","Metformina 850 mg (Lote 14)","Metformina","Antidiabético","Tableta","850 mg","Oral"
515,"N02BE01","Paracetamol 500 mg (Lote 15)","Paracetamol","Analgésico","Tableta","500 mg","Oral"
516,"R03AK06","Salbutamol inhalador (Lote 16)","Salbutamol","Broncodilatador","Inhalador","100 mcg","Inhalatoria"
517,"C09AA05","Enalapril 20 mg (Lote 17)","Enalapril","Antihipertensivo IECA","Tableta","20 mg","Oral"
518,"J01CA04","Amoxicilina 500 mg (Lote 18)","Amoxicilina","Antibiótico penicilina","Tableta","500 mg","Oral"
519,"A10BA02","Metformina 850 mg (Lote 19)","Metformina","Antidiabético","Tableta","850 mg","Oral"
520,"M01AE01","Ibuprofeno 400 mg (Lote 20)","Ibuprofeno","Antiinflamatorio","Tableta","400 mg","Oral"
521,"A10BA02","Metformina 850 mg (Lote 21)","Metformina","Antidiabético","Tableta","850 mg","Oral"
522,"A02BC01","Omeprazol 20 mg (Lote 22)","Omeprazol","Antiácido","Cápsula","20 mg","Oral"
523,"R03AK06","Salbutamol inhalador (Lote 23)","Salbutamol","Broncodilatador","Inhalador","100 mcg","Inhalatoria"
524,"C09AA05","Enalapril 20 mg (Lote 24)","Enalapril","Antihipertensivo IECA","Tableta","20 mg","Oral"
525,"J01CA04","Amoxicilina 500 mg (Lote 25)","Amoxicilina","Antibiótico penicilina","Tableta","500 mg","Oral"
526,"B01AC06","Ácido acetilsalicílico (Lote 26)","Aspirina","Antiagregante","Tableta","100 mg","Oral"
527,"A02BC01","Omeprazol 20 mg (Lote 27)","Omeprazol","Antiácido","Cápsula","20 mg","Oral"
528,"J01CA04","Amoxicilina 500 mg (Lote 28)","Amoxicilina","Antibiótico penicilina","Tableta","500 mg","Oral"
529,"R03AK06","Salbutamol inhalador (Lote 29)","Salbutamol","Broncodilatador","Inhalador","100 mcg","Inhalatoria"
530,"M01AE01","Ibuprofeno 400 mg (Lote 30)","Ibuprofeno","Antiinflamatorio","Tableta","400 mg","Oral"
531,"M01AE01","Ibuprofeno 400 mg (Lote 31)","Ibuprofeno","Antiinflamatorio","Tableta","400 mg","Oral"
532,"M01AE01","Ibuprofeno 400 mg (Lote 32)","Ibuprofeno","Antiinflamatorio","Tableta","400 mg","Oral"
533,"R03AK06","Salbutamol inhalador (Lote 33)","Salbutamol","Broncodilatador","Inhalador","100 mcg","Inhalatoria"
534,"A02BC01","Omeprazol 20 mg (Lote 34)","Omeprazol","Antiácido","Cápsula","20 mg","Oral"
535,"J01CA04","Amoxicilina 500 mg (Lote 35)","Amoxicilina","Antibiótico penicilina","Tableta","500 mg","Oral"
536,"R03AK06","Salbutamol inhalador (Lote 36)","Salbutamol","Broncodilatador","Inhalador","100 mcg","Inhalatoria"
537,"C09AA05","Enalapril 20 mg (Lote 37)","Enalapril","Antihipertensivo IECA","Tableta","20 mg","Oral"
538,"A10BA02","Metformina 850 mg (Lote 38)","Metformina","Antidiabético","Tableta","850 mg","Oral"
539,"A02BC01","Omeprazol 20 mg (Lote 39)","Omeprazol","Antiácido","Cápsula","20 mg","Oral"
540,"N02BE01","Paracetamol 500 mg (Lote 40)","Paracetamol","Analgésico","Tableta","500 mg","Oral"
541,"M01AE01","Ibuprofeno 400 mg (Lote 41)","Ibuprofeno","Antiinflamatorio","Tableta","400 mg","Oral"
542,"R03AK06","Salbutamol inhalador (Lote 42)","Salbutamol","Broncodilatador","Inhalador","100 mcg","Inhalatoria"
543,"C09AA05","Enalapril 20 mg (Lote 43)","Enalapril","Antihipertensivo IECA","Tableta","20 mg","Oral"
544,"A10BA02","Metformina 850 mg (Lote 44)","Metformina","Antidiabético","Tableta","850 mg","Oral"
545,"C09AA05","Enalapril 20 mg (Lote 45)","Enalapril","Antihipertensivo IECA","Tableta","20 mg","Oral"
546,"A10BA02","Metformina 850 mg (Lote 46)","Metformina","Antidiabético","Tableta","850 mg","Oral"
547,"A02BC01","Omeprazol 20 mg (Lote 47)","Omeprazol","Antiácido","Cápsula","20 mg","Oral"
548,"B01AC06","Ácido acetilsalicílico (Lote 48)","Aspirina","Antiagregante","Tableta","100 mg","Oral"
549,"N02BE01","Paracetamol 500 mg (Lote 49)","Paracetamol","Analgésico","Tableta","500 mg","Oral"
550,"J01CA04","Amoxicilina 500 mg (Lote 50)","Amoxicilina","Antibiótico penicilina","Tableta","500 mg","Oral"
551,"N02BE01","Paracetamol 500 mg (Lote 51)","Paracetamol","Analgésico","Tableta","500 mg","Oral"
552,"C09AA05","Enalapril 20 mg (Lote 52)","Enalapril","Antihipertensivo IECA","Tableta","20 mg","Oral"
553,"B01AC06","Ácido acetilsalicílico (Lote 53)","Aspirina","Antiagregante","Tableta","100 mg","Oral"
554,"M01AE01","Ibuprofeno 400 mg (Lote 54)","Ibuprofeno","Antiinflamatorio","Tableta","400 mg","Oral"
555,"N02BE01","Paracetamol 500 mg (Lote 55)","Paracetamol","Analgésico","Tableta","500 mg","Oral"
556,"N02BE01","Paracetamol 500 mg (Lote 56)","Paracetamol","Analgésico","Tableta","500 mg","Oral"
557,"R03AK06","Salbutamol inhalador (Lote 57)","Salbutamol","Broncodilatador","Inhalador","100 mcg","Inhalatoria"
558,"A10BA02","Metformina 850 mg (Lote 58)","Metformina","Antidiabético","Tableta","850 mg","Oral"
559,"M01AE01","Ibuprofeno 400 mg (Lote 59)","Ibuprofeno","Antiinflamatorio","Tableta","400 mg","Oral"
560,"N02BE01","Paracetamol 500 mg (Lote 60)","Paracetamol","Analgésico","Tableta","500 mg","Oral"
561,"M01AE01","Ibuprofeno 400 mg (Lote 61)","Ibuprofeno","Antiinflamatorio","Tableta","400 mg","Oral"
562,"R03AK06","Salbutamol inhalador (Lote 62)","Salbutamol","Broncodilatador","Inhalador","100 mcg","Inhalatoria"
563,"A10BA02","Metformina 850 mg (Lote 63)","Metformina","Antidiabético","Tableta","850 mg","Oral"
564,"R03AK06","Salbutamol inhalador (Lote 64)","Salbutamol","Broncodilatador","Inhalador","100 mcg","Inhalatoria"
565,"N02BE01","Paracetamol 500 mg (Lote 65)","Paracetamol","Analgésico","Tableta","500 mg","Oral"
566,"R03AK06","Salbutamol inhalador (Lote 66)","Salbutamol","Broncodilatador","Inhalador","100 mcg","Inhalatoria"
567,"A02BC01","Omeprazol 20 mg (Lote 67)","Omeprazol","Antiácido","Cápsula","20 mg","Oral"
568,"R03AK06","Salbutamol inhalador (Lote 68)","Salbutamol","Broncodilatador","Inhalador","100 mcg","Inhalatoria"
569,"J01CA04","Amoxicilina 500 mg (Lote 69)","Amoxicilina","Antibiótico penicilina","Tableta","500 mg","Oral"
570,"N02BE01","Paracetamol 500 mg (Lote 70)","Paracetamol","Analgésico","Tableta","500 mg","Oral"
571,"M01AE01","Ibuprofeno 400 mg (Lote 71)","Ibuprofeno","Antiinflamatorio","Tableta","400 mg","Oral"
572,"C09AA05","Enalapril 20 mg (Lote 72)","Enalapril","Antihipertensivo IECA","Tableta","20 mg","Oral"
573,"A10BA02","Metformina 850 mg (Lote 73)","Metformina","Antidiabético","Tableta","850 mg","Oral"
574,"C09AA05","Enalapril 20 mg (Lote 74)","Enalapril","Antihipertensivo IECA","Tableta","20 mg","Oral"
575,"R03AK06","Salbutamol inhalador (Lote 75)","Salbutamol","Broncodilatador","Inhalador","100 mcg","Inhalatoria"
576,"A10BA02","Metformina 850 mg (Lote 76)","Metformina","Antidiabético","Tableta","850 mg","Oral"
577,"J01CA04","Amoxicilina 500 mg (Lote 77)","Amoxicilina","Antibiótico penicilina","Tableta","500 mg","Oral"
578,"R03AK06","Salbutamol inhalador (Lote 78)","Salbutamol","Broncodilatador","Inhalador","100 mcg","Inhalatoria"
579,"A02BC01","Omeprazol 20 mg (Lote 79)","Omeprazol","Antiácido","Cápsula","20 mg","Oral"
580,"N02BE01","Paracetamol 500 mg (Lote 80)","Paracetamol","Analgésico","Tableta","500 mg","Oral"
581,"R03AK06","Salbutamol inhalador (Lote 81)","Salbutamol","Broncodilatador","Inhalador","100 mcg","Inhalatoria"
582,"A10BA02","Metformina 850 mg (Lote 82)","Metformina","Antidiabético","Tableta","850 mg","Oral"
583,"N02BE01","Paracetamol 500 mg (Lote 83)","Paracetamol","Analgésico","Tableta","500 mg","Oral"
584,"M01AE01","Ibuprofeno 400 mg (Lote 84)","Ibuprofeno","Antiinflamatorio","Tableta","400 mg","Oral"
585,"M01AE01","Ibuprofeno 400 mg (Lote 85)","Ibuprofeno","Antiinflamatorio","Tableta","400 mg","Oral"
586,"A10BA02","Metformina 850 mg (Lote 86)","Metformina","Antidiabético","Tableta","850 mg","Oral"
587,"N02BE01","Paracetamol 500 mg (Lote 87)","Paracetamol","Analgésico","Tableta","500 mg","Oral"
588,"C09AA05","Enalapril 20 mg (Lote 88)","Enalapril","Antihipertensivo IECA","Tableta","20 mg","Oral"
589,"A10BA02","Metformina 850 mg (Lote 89)","Metformina","Antidiabético","Tableta","850 mg","Oral"
590,"B01AC06","Ácido acetilsalicílico (Lote 90)","Aspirina","Antiagregante","Tableta","100 mg","Oral"
591,"A02BC01","Omeprazol 20 mg (Lote 91)","Omeprazol","Antiácido","Cápsula","20 mg","Oral"
592,"A02BC01","Omeprazol 20 mg (Lote 92)","Omeprazol","Antiácido","Cápsula","20 mg","Oral"
593,"J01CA04","Amoxicilina 500 mg (Lote 93)","Amoxicilina","Antibiótico penicilina","Tableta","500 mg","Oral"
594,"B01AC06","Ácido acetilsalicílico (Lote 94)","Aspirina","Antiagregante","Tableta","100 mg","Oral"
595,"A02BC01","Omeprazol 20 mg (Lote 95)","Omeprazol","Antiácido","Cápsula","20 mg","Oral"
596,"M01AE01","Ibuprofeno 400 mg (Lote 96)","Ibuprofeno","Antiinflamatorio","Tableta","400 mg","Oral"
597,"J01CA04","Amoxicilina 500 mg (Lote 97)","Amoxicilina","Antibiótico penicilina","Tableta","500 mg","Oral"
598,"J01CA04","Amoxicilina 500 mg (Lote 98)","Amoxicilina","Antibiótico penicilina","Tableta","500 mg","Oral"
599,"B01AC06","Ácido acetilsalicílico (Lote 99)","Aspirina","Antiagregante","Tableta","100 mg","Oral"
600,"N02BE01","Paracetamol 500 mg (Lote 100)","Paracetamol","Analgésico","Tableta","500 mg","Oral"
601,"J01CA04","Amoxicilina 500 mg (Lote 101)","Amoxicilina","Antibiótico penicilina","Tableta","500 mg","Oral"
602,"B01AC06","Ácido acetilsalicílico (Lote 102)","Aspirina","Antiagregante","Tableta","100 mg","Oral"
603,"A02BC01","Omeprazol 20 mg (Lote 103)","Omeprazol","Antiácido","Cápsula","20 mg","Oral"
604,"J01CA04","Amoxicilina 500 mg (Lote 104)","Amoxicilina","Antibiótico penicilina","Tableta","500 mg","Oral"
605,"A02BC01","Omeprazol 20 mg (Lote 105)","Omeprazol","Antiácido","Cápsula","20 mg","Oral"
606,"J01CA04","Amoxicilina 500 mg (Lote 106)","Amoxicilina","Antibiótico penicilina","Tableta","500 mg","Oral"
607,"N02BE01","Paracetamol 500 mg (Lote 107)","Paracetamol","Analgésico","Tableta","500 mg","Oral"
608,"R03AK06","Salbutamol inhalador (Lote 108)","Salbutamol","Broncodilatador","Inhalador","100 mcg","Inhalatoria"
609,"B01AC06","Ácido acetilsalicílico (Lote 109)","Aspirina","Antiagregante","Tableta","100 mg","Oral"
610,"J01CA04","Amoxicilina 500 mg (Lote 110)","Amoxicilina","Antibiótico penicilina","Tableta","500 mg","Oral"
611,"A10BA02","Metformina 850 mg (Lote 111)","Metformina","Antidiabético","Tableta","850 mg","Oral"
612,"A02BC01","Omeprazol 20 mg (Lote 112)","Omeprazol","Antiácido","Cápsula","20 mg","Oral"
613,"N02BE01","Paracetamol 500 mg (Lote 113)","Paracetamol","Analgésico","Tableta","500 mg","Oral"
614,"R03AK06","Salbutamol inhalador (Lote 114)","Salbutamol","Broncodilatador","Inhalador","100 mcg","Inhalatoria"
615,"B01AC06","Ácido acetilsalicílico (Lote 115)","Aspirina","Antiagregante","Tableta","100 mg","Oral"
616,"C09AA05","Enalapril 20 mg (Lote 116)","Enalapril","Antihipertensivo IECA","Tableta","20 mg","Oral"
617,"M01AE01","Ibuprofeno 400 mg (Lote 117)","Ibuprofeno","Antiinflamatorio","Tableta","400 mg","Oral"
618,"J01CA04","Amoxicilina 500 mg (Lote 118)","Amoxicilina","Antibiótico penicilina","Tableta","500 mg","Oral"
619,"M01AE01","Ibuprofeno 400 mg (Lote 119)","Ibuprofeno","Antiinflamatorio","Tableta","400 mg","Oral"
620,"N02BE01","Paracetamol 500 mg (Lote 120)","Paracetamol","Analgésico","Tableta","500 mg","Oral"
621,"M01AE01","Ibuprofeno 400 mg (Lote 121)","Ibuprofeno","Antiinflamatorio","Tableta","400 mg","Oral"
622,"C09AA05","Enalapril 20 mg (Lote 122)","Enalapril","Antihipertensivo IECA","Tableta","20 mg","Oral"
623,"A02BC01","Omeprazol 20 mg (Lote 123)","Omeprazol","Antiácido","Cápsula","20 mg","Oral"
624,"A10BA02","Metformina 850 mg (Lote 124)","Metformina","Antidiabético","Tableta","850 mg","Oral"
625,"A10BA02","Metformina 850 mg (Lote 125)","Metformina","Antidiabético","Tableta","850 mg","Oral"
626,"A10BA02","Metformina 850 mg (Lote 126)","Metformina","Antidiabético","Tableta","850 mg","Oral"
627,"A02BC01","Omeprazol 20 mg (Lote 127)","Omeprazol","Antiácido","Cápsula","20 mg","Oral"
628,"A10BA02","Metformina 850 mg (Lote 128)","Metformina","Antidiabético","Tableta","850 mg","Oral"
629,"R03AK06","Salbutamol inhalador (Lote 129)","Salbutamol","Broncodilatador","Inhalador","100 mcg","Inhalatoria"
630,"R03AK06","Salbutamol inhalador (Lote 130)","Salbutamol","Broncodilatador","Inhalador","100 mcg","Inhalatoria"
631,"J01CA04","Amoxicilina 500 mg (Lote 131)","Amoxicilina","Antibiótico penicilina","Tableta","500 mg","Oral"
632,"N02BE01","Paracetamol 500 mg (Lote 132)","Paracetamol","Analgésico","Tableta","500 mg","Oral"
633,"C09AA05","Enalapril 20 mg (Lote 133)","Enalapril","Antihipertensivo IECA","Tableta","20 mg","Oral"
634,"N02BE01","Paracetamol 500 mg (Lote 134)","Paracetamol","Analgésico","Tableta","500 mg","Oral"
635,"M01AE01","Ibuprofeno 400 mg (Lote 135)","Ibuprofeno","Antiinflamatorio","Tableta","400 mg","Oral"
636,"M01AE01","Ibuprofeno 400 mg (Lote 136)","Ibuprofeno","Antiinflamatorio","Tableta","400 mg","Oral"
637,"B01AC06","Ácido acetilsalicílico (Lote 137)","Aspirina","Antiagregante","Tableta","100 mg","Oral"
638,"N02BE01","Paracetamol 500 mg (Lote 138)","Paracetamol","Analgésico","Tableta","500 mg","Oral"
639,"R03AK06","Salbutamol inhalador (Lote 139)","Salbutamol","Broncodilatador","Inhalador","100 mcg","Inhalatoria"
640,"M01AE01","Ibuprofeno 400 mg (Lote 140)","Ibuprofeno","Antiinflamatorio","Tableta","400 mg","Oral"
641,"N02BE01","Paracetamol 500 mg (Lote 141)","Paracetamol","Analgésico","Tableta","500 mg","Oral"
642,"M01AE01","Ibuprofeno 400 mg (Lote 142)","Ibuprofeno","Antiinflamatorio","Tableta","400 mg","Oral"
643,"N02BE01","Paracetamol 500 mg (Lote 143)","Paracetamol","Analgésico","Tableta","500 mg","Oral"
644,"M01AE01","Ibuprofeno 400 mg (Lote 144)","Ibuprofeno","Antiinflamatorio","Tableta","400 mg","Oral"
645,"A10BA02","Metformina 850 mg (Lote 145)","Metformina","Antidiabético","Tableta","850 mg","Oral"
646,"A02BC01","Omeprazol 20 mg (Lote 146)","Omeprazol","Antiácido","Cápsula","20 mg","Oral"
647,"B01AC06","Ácido acetilsalicílico (Lote 147)","Aspirina","Antiagregante","Tableta","100 mg","Oral"
648,"J01CA04","Amoxicilina 500 mg (Lote 148)","Amoxicilina","Antibiótico penicilina","Tableta","500 mg","Oral"
649,"N02BE01","Paracetamol 500 mg (Lote 149)","Paracetamol","Analgésico","Tableta","500 mg","Oral"
650,"C09AA05","Enalapril 20 mg (Lote 150)","Enalapril","Antihipertensivo IECA","Tableta","20 mg","Oral"
651,"N02BE01","Paracetamol 500 mg (Lote 151)","Paracetamol","Analgésico","Tableta","500 mg","Oral"
652,"A10BA02","Metformina 850 mg (Lote 152)","Metformina","Antidiabético","Tableta","850 mg","Oral"
653,"R03AK06","Salbutamol inhalador (Lote 153)","Salbutamol","Broncodilatador","Inhalador","100 mcg","Inhalatoria"
654,"J01CA04","Amoxicilina 500 mg (Lote 154)","Amoxicilina","Antibiótico penicilina","Tableta","500 mg","Oral"
655,"N02BE01","Paracetamol 500 mg (Lote 155)","Paracetamol","Analgésico","Tableta","500 mg","Oral"
656,"M01AE01","Ibuprofeno 400 mg (Lote 156)","Ibuprofeno","Antiinflamatorio","Tableta","400 mg","Oral"
657,"R03AK06","Salbutamol inhalador (Lote 157)","Salbutamol","Broncodilatador","Inhalador","100 mcg","Inhalatoria"
658,"C09AA05","Enalapril 20 mg (Lote 158)","Enalapril","Antihipertensivo IECA","Tableta","20 mg","Oral"
659,"A02BC01","Omeprazol 20 mg (Lote 159)","Omeprazol","Antiácido","Cápsula","20 mg","Oral"
660,"A10BA02","Metformina 850 mg (Lote 160)","Metformina","Antidiabético","Tableta","850 mg","Oral"
661,"N02BE01","Paracetamol 500 mg (Lote 161)","Paracetamol","Analgésico","Tableta","500 mg","Oral"
662,"M01AE01","Ibuprofeno 400 mg (Lote 162)","Ibuprofeno","Antiinflamatorio","Tableta","400 mg","Oral"
663,"N02BE01","Paracetamol 500 mg (Lote 163)","Paracetamol","Analgésico","Tableta","500 mg","Oral"
664,"A02BC01","Omeprazol 20 mg (Lote 164)","Omeprazol","Antiácido","Cápsula","20 mg","Oral"
665,"N02BE01","Paracetamol 500 mg (Lote 165)","Paracetamol","Analgésico","Tableta","500 mg","Oral"
666,"J01CA04","Amoxicilina 500 mg (Lote 166)","Amoxicilina","Antibiótico penicilina","Tableta","500 mg","Oral"
667,"R03AK06","Salbutamol inhalador (Lote 167)","Salbutamol","Broncodilatador","Inhalador","100 mcg","Inhalatoria"
668,"J01CA04","Amoxicilina 500 mg (Lote 168)","Amoxicilina","Antibiótico penicilina","Tableta","500 mg","Oral"
669,"B01AC06","Ácido acetilsalicílico (Lote 169)","Aspirina","Antiagregante","Tableta","100 mg","Oral"
670,"R03AK06","Salbutamol inhalador (Lote 170)","Salbutamol","Broncodilatador","Inhalador","100 mcg","Inhalatoria"
671,"R03AK06","Salbutamol inhalador (Lote 171)","Salbutamol","Broncodilatador","Inhalador","100 mcg","Inhalatoria"
672,"N02BE01","Paracetamol 500 mg (Lote 172)","Paracetamol","Analgésico","Tableta","500 mg","Oral"
673,"C09AA05","Enalapril 20 mg (Lote 173)","Enalapril","Antihipertensivo IECA","Tableta","20 mg","Oral"
674,"A10BA02","Metformina 850 mg (Lote 174)","Metformina","Antidiabético","Tableta","850 mg","Oral"
675,"C09AA05","Enalapril 20 mg (Lote 175)","Enalapril","Antihipertensivo IECA","Tableta","20 mg","Oral"
676,"M01AE01","Ibuprofeno 400 mg (Lote 176)","Ibuprofeno","Antiinflamatorio","Tableta","400 mg","Oral"
677,"J01CA04","Amoxicilina 500 mg (Lote 177)","Amoxicilina","Antibiótico penicilina","Tableta","500 mg","Oral"
678,"M01AE01","Ibuprofeno 400 mg (Lote 178)","Ibuprofeno","Antiinflamatorio","Tableta","400 mg","Oral"
679,"A02BC01","Omeprazol 20 mg (Lote 179)","Omeprazol","Antiácido","Cápsula","20 mg","Oral"
680,"A02BC01","Omeprazol 20 mg (Lote 180)","Omeprazol","Antiácido","Cápsula","20 mg","Oral"
681,"J01CA04","Amoxicilina 500 mg (Lote 181)","Amoxicilina","Antibiótico penicilina","Tableta","500 mg","Oral"
682,"C09AA05","Enalapril 20 mg (Lote 182)","Enalapril","Antihipertensivo IECA","Tableta","20 mg","Oral"
683,"A02BC01","Omeprazol 20 mg (Lote 183)","Omeprazol","Antiácido","Cápsula","20 mg","Oral"
684,"J01CA04","Amoxicilina 500 mg (Lote 184)","Amoxicilina","Antibiótico penicilina","Tableta","500 mg","Oral"
685,"J01CA04","Amoxicilina 500 mg (Lote 185)","Amoxicilina","Antibiótico penicilina","Tableta","500 mg","Oral"
686,"R03AK06","Salbutamol inhalador (Lote 186)","Salbutamol","Broncodilatador","Inhalador","100 mcg","Inhalatoria"
687,"N02BE01","Paracetamol 500 mg (Lote 187)","Paracetamol","Analgésico","Tableta","500 mg","Oral"
688,"M01AE01","Ibuprofeno 400 mg (Lote 188)","Ibuprofeno","Antiinflamatorio","Tableta","400 mg","Oral"
689,"C09AA05","Enalapril 20 mg (Lote 189)","Enalapril","Antihipertensivo IECA","Tableta","20 mg","Oral"
690,"J01CA04","Amoxicilina 500 mg (Lote 190)","Amoxicilina","Antibiótico penicilina","Tableta","500 mg","Oral"
691,"C09AA05","Enalapril 20 mg (Lote 191)","Enalapril","Antihipertensivo IECA","Tableta","20 mg","Oral"
692,"R03AK06","Salbutamol inhalador (Lote 192)","Salbutamol","Broncodilatador","Inhalador","100 mcg","Inhalatoria"
693,"A02BC01","Omeprazol 20 mg (Lote 193)","Omeprazol","Antiácido","Cápsula","20 mg","Oral"
694,"B01AC06","Ácido acetilsalicílico (Lote 194)","Aspirina","Antiagregante","Tableta","100 mg","Oral"
695,"M01AE01","Ibuprofeno 400 mg (Lote 195)","Ibuprofeno","Antiinflamatorio","Tableta","400 mg","Oral"
696,"C09AA05","Enalapril 20 mg (Lote 196)","Enalapril","Antihipertensivo IECA","Tableta","20 mg","Oral"
697,"B01AC06","Ácido acetilsalicílico (Lote 197)","Aspirina","Antiagregante","Tableta","100 mg","Oral"
698,"M01AE01","Ibuprofeno 400 mg (Lote 198)","Ibuprofeno","Antiinflamatorio","Tableta","400 mg","Oral"
699,"N02BE01","Paracetamol 500 mg (Lote 199)","Paracetamol","Analgésico","Tableta","500 mg","Oral"
700,"B01AC06","Ácido acetilsalicílico (Lote 200)","Aspirina","Antiagregante","Tableta","100 mg","Oral"
701,"A10BA02","Metformina 850 mg (Lote 201)","Metformina","Antidiabético","Tableta","850 mg","Oral"
702,"N02BE01","Paracetamol 500 mg (Lote 202)","Paracetamol","Analgésico","Tableta","500 mg","Oral"
703,"A02BC01","Omeprazol 20 mg (Lote 203)","Omeprazol","Antiácido","Cápsula","20 mg","Oral"
704,"C09AA05","Enalapril 20 mg (Lote 204)","Enalapril","Antihipertensivo IECA","Tableta","20 mg","Oral"
705,"J01CA04","Amoxicilina 500 mg (Lote 205)","Amoxicilina","Antibiótico penicilina","Tableta","500 mg","Oral"
706,"N02BE01","Paracetamol 500 mg (Lote 206)","Paracetamol","Analgésico","Tableta","500 mg","Oral"
707,"R03AK06","Salbutamol inhalador (Lote 207)","Salbutamol","Broncodilatador","Inhalador","100 mcg","Inhalatoria"
708,"A10BA02","Metformina 850 mg (Lote 208)","Metformina","Antidiabético","Tableta","850 mg","Oral"
709,"C09AA05","Enalapril 20 mg (Lote 209)","Enalapril","Antihipertensivo IECA","Tableta","20 mg","Oral"
710,"B01AC06","Ácido acetilsalicílico (Lote 210)","Aspirina","Antiagregante","Tableta","100 mg","Oral"
711,"N02BE01","Paracetamol 500 mg (Lote 211)","Paracetamol","Analgésico","Tableta","500 mg","Oral"
712,"M01AE01","Ibuprofeno 400 mg (Lote 212)","Ibuprofeno","Antiinflamatorio","Tableta","400 mg","Oral"
713,"C09AA05","Enalapril 20 mg (Lote 213)","Enalapril","Antihipertensivo IECA","Tableta","20 mg","Oral"
714,"B01AC06","Ácido acetilsalicílico (Lote 214)","Aspirina","Antiagregante","Tableta","100 mg","Oral"
715,"J01CA04","Amoxicilina 500 mg (Lote 215)","Amoxicilina","Antibiótico penicilina","Tableta","500 mg","Oral"
716,"B01AC06","Ácido acetilsalicílico (Lote 216)","Aspirina","Antiagregante","Tableta","100 mg","Oral"
717,"C09AA05","Enalapril 20 mg (Lote 217)","Enalapril","Antihipertensivo IECA","Tableta","20 mg","Oral"
718,"J01CA04","Amoxicilina 500 mg (Lote 218)","Amoxicilina","Antibiótico penicilina","Tableta","500 mg","Oral"
719,"A10BA02","Metformina 850 mg (Lote 219)","Metformina","Antidiabético","Tableta","850 mg","Oral"
720,"N02BE01","Paracetamol 500 mg (Lote 220)","Paracetamol","Analgésico","Tableta","500 mg","Oral"
721,"C09AA05","Enalapril 20 mg (Lote 221)","Enalapril","Antihipertensivo IECA","Tableta","20 mg","Oral"
722,"A10BA02","Metformina 850 mg (Lote 222)","Metformina","Antidiabético","Tableta","850 mg","Oral"
723,"R03AK06","Salbutamol inhalador (Lote 223)","Salbutamol","Broncodilatador","Inhalador","100 mcg","Inhalatoria"
724,"R03AK06","Salbutamol inhalador (Lote 224)","Salbutamol","Broncodilatador","Inhalador","100 mcg","Inhalatoria"
725,"C09AA05","Enalapril 20 mg (Lote 225)","Enalapril","Antihipertensivo IECA","Tableta","20 mg","Oral"
726,"A10BA02","Metformina 850 mg (Lote 226)","Metformina","Antidiabético","Tableta","850 mg","Oral"
727,"M01AE01","Ibuprofeno 400 mg (Lote 227)","Ibuprofeno","Antiinflamatorio","Tableta","400 mg","Oral"
728,"M01AE01","Ibuprofeno 400 mg (Lote 228)","Ibuprofeno","Antiinflamatorio","Tableta","400 mg","Oral"
729,"M01AE01","Ibuprofeno 400 mg (Lote 229)","Ibuprofeno","Antiinflamatorio","Tableta","400 mg","Oral"
730,"J01CA04","Amoxicilina 500 mg (Lote 230)","Amoxicilina","Antibiótico penicilina","Tableta","500 mg","Oral"
731,"A02BC01","Omeprazol 20 mg (Lote 231)","Omeprazol","Antiácido","Cápsula","20 mg","Oral"
732,"N02BE01","Paracetamol 500 mg (Lote 232)","Paracetamol","Analgésico","Tableta","500 mg","Oral"
733,"J01CA04","Amoxicilina 500 mg (Lote 233)","Amoxicilina","Antibiótico penicilina","Tableta","500 mg","Oral"
734,"R03AK06","Salbutamol inhalador (Lote 234)","Salbutamol","Broncodilatador","Inhalador","100 mcg","Inhalatoria"
735,"C09AA05","Enalapril 20 mg (Lote 235)","Enalapril","Antihipertensivo IECA","Tableta","20 mg","Oral"
736,"N02BE01","Paracetamol 500 mg (Lote 236)","Paracetamol","Analgésico","Tableta","500 mg","Oral"
737,"N02BE01","Paracetamol 500 mg (Lote 237)","Paracetamol","Analgésico","Tableta","500 mg","Oral"
738,"B01AC06","Ácido acetilsalicílico (Lote 238)","Aspirina","Antiagregante","Tableta","100 mg","Oral"
739,"R03AK06","Salbutamol inhalador (Lote 239)","Salbutamol","Broncodilatador","Inhalador","100 mcg","Inhalatoria"
740,"B01AC06","Ácido acetilsalicílico (Lote 240)","Aspirina","Antiagregante","Tableta","100 mg","Oral"
741,"A10BA02","Metformina 850 mg (Lote 241)","Metformina","Antidiabético","Tableta","850 mg","Oral"
742,"N02BE01","Paracetamol 500 mg (Lote 242)","Paracetamol","Analgésico","Tableta","500 mg","Oral"
743,"B01AC06","Ácido acetilsalicílico (Lote 243)","Aspirina","Antiagregante","Tableta","100 mg","Oral"
744,"A10BA02","Metformina 850 mg (Lote 244)","Metformina","Antidiabético","Tableta","850 mg","Oral"
745,"N02BE01","Paracetamol 500 mg (Lote 245)","Paracetamol","Analgésico","Tableta","500 mg","Oral"
746,"A10BA02","Metformina 850 mg (Lote 246)","Metformina","Antidiabético","Tableta","850 mg","Oral"
747,"A02BC01","Omeprazol 20 mg (Lote 247)","Omeprazol","Antiácido","Cápsula","20 mg","Oral"
748,"C09AA05","Enalapril 20 mg (Lote 248)","Enalapril","Antihipertensivo IECA","Tableta","20 mg","Oral"
749,"R03AK06","Salbutamol inhalador (Lote 249)","Salbutamol","Broncodilatador","Inhalador","100 mcg","Inhalatoria"
750,"R03AK06","Salbutamol inhalador (Lote 250)","Salbutamol","Broncodilatador","Inhalador","100 mcg","Inhalatoria"
751,"N02BE01","Paracetamol 500 mg (Lote 251)","Paracetamol","Analgésico","Tableta","500 mg","Oral"
752,"A02BC01","Omeprazol 20 mg (Lote 252)","Omeprazol","Antiácido","Cápsula","20 mg","Oral"
753,"B01AC06","Ácido acetilsalicílico (Lote 253)","Aspirina","Antiagregante","Tableta","100 mg","Oral"
754,"A02BC01","Omeprazol 20 mg (Lote 254)","Omeprazol","Antiácido","Cápsula","20 mg","Oral"
755,"M01AE01","Ibuprofeno 400 mg (Lote 255)","Ibuprofeno","Antiinflamatorio","Tableta","400 mg","Oral"
756,"C09AA05","Enalapril 20 mg (Lote 256)","Enalapril","Antihipertensivo IECA","Tableta","20 mg","Oral"
757,"M01AE01","Ibuprofeno 400 mg (Lote 257)","Ibuprofeno","Antiinflamatorio","Tableta","400 mg","Oral"
758,"M01AE01","Ibuprofeno 400 mg (Lote 258)","Ibuprofeno","Antiinflamatorio","Tableta","400 mg","Oral"
759,"A02BC01","Omeprazol 20 mg (Lote 259)","Omeprazol","Antiácido","Cápsula","20 mg","Oral"
760,"M01AE01","Ibuprofeno 400 mg (Lote 260)","Ibuprofeno","Antiinflamatorio","Tableta","400 mg","Oral"
761,"A10BA02","Metformina 850 mg (Lote 261)","Metformina","Antidiabético","Tableta","850 mg","Oral"
762,"A02BC01","Omeprazol 20 mg (Lote 262)","Omeprazol","Antiácido","Cápsula","20 mg","Oral"
763,"R03AK06","Salbutamol inhalador (Lote 263)","Salbutamol","Broncodilatador","Inhalador","100 mcg","Inhalatoria"
764,"A10BA02","Metformina 850 mg (Lote 264)","Metformina","Antidiabético","Tableta","850 mg","Oral"
765,"C09AA05","Enalapril 20 mg (Lote 265)","Enalapril","Antihipertensivo IECA","Tableta","20 mg","Oral"
766,"M01AE01","Ibuprofeno 400 mg (Lote 266)","Ibuprofeno","Antiinflamatorio","Tableta","400 mg","Oral"
767,"B01AC06","Ácido acetilsalicílico (Lote 267)","Aspirina","Antiagregante","Tableta","100 mg","Oral"
768,"A10BA02","Metformina 850 mg (Lote 268)","Metformina","Antidiabético","Tableta","850 mg","Oral"
769,"R03AK06","Salbutamol inhalador (Lote 269)","Salbutamol","Broncodilatador","Inhalador","100 mcg","Inhalatoria"
770,"M01AE01","Ibuprofeno 400 mg (Lote 270)","Ibuprofeno","Antiinflamatorio","Tableta","400 mg","Oral"
771,"J01CA04","Amoxicilina 500 mg (Lote 271)","Amoxicilina","Antibiótico penicilina","Tableta","500 mg","Oral"
772,"B01AC06","Ácido acetilsalicílico (Lote 272)","Aspirina","Antiagregante","Tableta","100 mg","Oral"
773,"A02BC01","Omeprazol 20 mg (Lote 273)","Omeprazol","Antiácido","Cápsula","20 mg","Oral"
774,"B01AC06","Ácido acetilsalicílico (Lote 274)","Aspirina","Antiagregante","Tableta","100 mg","Oral"
775,"N02BE01","Paracetamol 500 mg (Lote 275)","Paracetamol","Analgésico","Tableta","500 mg","Oral"
776,"J01CA04","Amoxicilina 500 mg (Lote 276)","Amoxicilina","Antibiótico penicilina","Tableta","500 mg","Oral"
777,"N02BE01","Paracetamol 500 mg (Lote 277)","Paracetamol","Analgésico","Tableta","500 mg","Oral"
778,"J01CA04","Amoxicilina 500 mg (Lote 278)","Amoxicilina","Antibiótico penicilina","Tableta","500 mg","Oral"
779,"A02BC01","Omeprazol 20 mg (Lote 279)","Omeprazol","Antiácido","Cápsula","20 mg","Oral"
780,"B01AC06","Ácido acetilsalicílico (Lote 280)","Aspirina","Antiagregante","Tableta","100 mg","Oral"
781,"A02BC01","Omeprazol 20 mg (Lote 281)","Omeprazol","Antiácido","Cápsula","20 mg","Oral"
782,"C09AA05","Enalapril 20 mg (Lote 282)","Enalapril","Antihipertensivo IECA","Tableta","20 mg","Oral"
783,"B01AC06","Ácido acetilsalicílico (Lote 283)","Aspirina","Antiagregante","Tableta","100 mg","Oral"
784,"A10BA02","Metformina 850 mg (Lote 284)","Metformina","Antidiabético","Tableta","850 mg","Oral"
785,"A02BC01","Omeprazol 20 mg (Lote 285)","Omeprazol","Antiácido","Cápsula","20 mg","Oral"
786,"B01AC06","Ácido acetilsalicílico (Lote 286)","Aspirina","Antiagregante","Tableta","100 mg","Oral"
787,"B01AC06","Ácido acetilsalicílico (Lote 287)","Aspirina","Antiagregante","Tableta","100 mg","Oral"
788,"N02BE01","Paracetamol 500 mg (Lote 288)","Paracetamol","Analgésico","Tableta","500 mg","Oral"
789,"M01AE01","Ibuprofeno 400 mg (Lote 289)","Ibuprofeno","Antiinflamatorio","Tableta","400 mg","Oral"
790,"C09AA05","Enalapril 20 mg (Lote 290)","Enalapril","Antihipertensivo IECA","Tableta","20 mg","Oral"
791,"M01AE01","Ibuprofeno 400 mg (Lote 291)","Ibuprofeno","Antiinflamatorio","Tableta","400 mg","Oral"
792,"J01CA04","Amoxicilina 500 mg (Lote 292)","Amoxicilina","Antibiótico penicilina","Tableta","500 mg","Oral"
793,"A10BA02","Metformina 850 mg (Lote 293)","Metformina","Antidiabético","Tableta","850 mg","Oral"
794,"R03AK06","Salbutamol inhalador (Lote 294)","Salbutamol","Broncodilatador","Inhalador","100 mcg","Inhalatoria"
795,"A10BA02","Metformina 850 mg (Lote 295)","Metformina","Antidiabético","Tableta","850 mg","Oral"
796,"N02BE01","Paracetamol 500 mg (Lote 296)","Paracetamol","Analgésico","Tableta","500 mg","Oral"
797,"N02BE01","Paracetamol 500 mg (Lote 297)","Paracetamol","Analgésico","Tableta","500 mg","Oral"
798,"C09AA05","Enalapril 20 mg (Lote 298)","Enalapril","Antihipertensivo IECA","Tableta","20 mg","Oral"
799,"J01CA04","Amoxicilina 500 mg (Lote 299)","Amoxicilina","Antibiótico penicilina","Tableta","500 mg","Oral"
800,"R03AK06","Salbutamol inhalador (Lote 300)","Salbutamol","Broncodilatador","Inhalador","100 mcg","Inhalatoria"
801,"R03AK06","Salbutamol inhalador (Lote 301)","Salbutamol","Broncodilatador","Inhalador","100 mcg","Inhalatoria"
802,"C09AA05","Enalapril 20 mg (Lote 302)","Enalapril","Antihipertensivo IECA","Tableta","20 mg","Oral"
803,"A02BC01","Omeprazol 20 mg (Lote 303)","Omeprazol","Antiácido","Cápsula","20 mg","Oral"
804,"J01CA04","Amoxicilina 500 mg (Lote 304)","Amoxicilina","Antibiótico penicilina","Tableta","500 mg","Oral"
805,"C09AA05","Enalapril 20 mg (Lote 305)","Enalapril","Antihipertensivo IECA","Tableta","20 mg","Oral"
806,"B01AC06","Ácido acetilsalicílico (Lote 306)","Aspirina","Antiagregante","Tableta","100 mg","Oral"
807,"N02BE01","Paracetamol 500 mg (Lote 307)","Paracetamol","Analgésico","Tableta","500 mg","Oral"
808,"N02BE01","Paracetamol 500 mg (Lote 308)","Paracetamol","Analgésico","Tableta","500 mg","Oral"
809,"A02BC01","Omeprazol 20 mg (Lote 309)","Omeprazol","Antiácido","Cápsula","20 mg","Oral"
810,"N02BE01","Paracetamol 500 mg (Lote 310)","Paracetamol","Analgésico","Tableta","500 mg","Oral"
811,"A10BA02","Metformina 850 mg (Lote 311)","Metformina","Antidiabético","Tableta","850 mg","Oral"
812,"A10BA02","Metformina 850 mg (Lote 312)","Metformina","Antidiabético","Tableta","850 mg","Oral"
813,"R03AK06","Salbutamol inhalador (Lote 313)","Salbutamol","Broncodilatador","Inhalador","100 mcg","Inhalatoria"
814,"N02BE01","Paracetamol 500 mg (Lote 314)","Paracetamol","Analgésico","Tableta","500 mg","Oral"
815,"R03AK06","Salbutamol inhalador (Lote 315)","Salbutamol","Broncodilatador","Inhalador","100 mcg","Inhalatoria"
816,"A02BC01","Omeprazol 20 mg (Lote 316)","Omeprazol","Antiácido","Cápsula","20 mg","Oral"
817,"A10BA02","Metformina 850 mg (Lote 317)","Metformina","Antidiabético","Tableta","850 mg","Oral"
818,"N02BE01","Paracetamol 500 mg (Lote 318)","Paracetamol","Analgésico","Tableta","500 mg","Oral"
819,"A02BC01","Omeprazol 20 mg (Lote 319)","Omeprazol","Antiácido","Cápsula","20 mg","Oral"
820,"B01AC06","Ácido acetilsalicílico (Lote 320)","Aspirina","Antiagregante","Tableta","100 mg","Oral"
821,"A02BC01","Omeprazol 20 mg (Lote 321)","Omeprazol","Antiácido","Cápsula","20 mg","Oral"
822,"N02BE01","Paracetamol 500 mg (Lote 322)","Paracetamol","Analgésico","Tableta","500 mg","Oral"
823,"J01CA04","Amoxicilina 500 mg (Lote 323)","Amoxicilina","Antibiótico penicilina","Tableta","500 mg","Oral"
824,"N02BE01","Paracetamol 500 mg (Lote 324)","Paracetamol","Analgésico","Tableta","500 mg","Oral"
825,"B01AC06","Ácido acetilsalicílico (Lote 325)","Aspirina","Antiagregante","Tableta","100 mg","Oral"
826,"N02BE01","Paracetamol 500 mg (Lote 326)","Paracetamol","Analgésico","Tableta","500 mg","Oral"
827,"N02BE01","Paracetamol 500 mg (Lote 327)","Paracetamol","Analgésico","Tableta","500 mg","Oral"
828,"B01AC06","Ácido acetilsalicílico (Lote 328)","Aspirina","Antiagregante","Tableta","100 mg","Oral"
829,"C09AA05","Enalapril 20 mg (Lote 329)","Enalapril","Antihipertensivo IECA","Tableta","20 mg","Oral"
830,"N02BE01","Paracetamol 500 mg (Lote 330)","Paracetamol","Analgésico","Tableta","500 mg","Oral"
831,"C09AA05","Enalapril 20 mg (Lote 331)","Enalapril","Antihipertensivo IECA","Tableta","20 mg","Oral"
832,"C09AA05","Enalapril 20 mg (Lote 332)","Enalapril","Antihipertensivo IECA","Tableta","20 mg","Oral"
833,"A10BA02","Metformina 850 mg (Lote 333)","Metformina","Antidiabético","Tableta","850 mg","Oral"
834,"A10BA02","Metformina 850 mg (Lote 334)","Metformina","Antidiabético","Tableta","850 mg","Oral"
835,"A10BA02","Metformina 850 mg (Lote 335)","Metformina","Antidiabético","Tableta","850 mg","Oral"
836,"J01CA04","Amoxicilina 500 mg (Lote 336)","Amoxicilina","Antibiótico penicilina","Tableta","500 mg","Oral"
837,"R03AK06","Salbutamol inhalador (Lote 337)","Salbutamol","Broncodilatador","Inhalador","100 mcg","Inhalatoria"
838,"C09AA05","Enalapril 20 mg (Lote 338)","Enalapril","Antihipertensivo IECA","Tableta","20 mg","Oral"
839,"B01AC06","Ácido acetilsalicílico (Lote 339)","Aspirina","Antiagregante","Tableta","100 mg","Oral"
840,"R03AK06","Salbutamol inhalador (Lote 340)","Salbutamol","Broncodilatador","Inhalador","100 mcg","Inhalatoria"
841,"M01AE01","Ibuprofeno 400 mg (Lote 341)","Ibuprofeno","Antiinflamatorio","Tableta","400 mg","Oral"
842,"B01AC06","Ácido acetilsalicílico (Lote 342)","Aspirina","Antiagregante","Tableta","100 mg","Oral"
843,"A10BA02","Metformina 850 mg (Lote 343)","Metformina","Antidiabético","Tableta","850 mg","Oral"
844,"R03AK06","Salbutamol inhalador (Lote 344)","Salbutamol","Broncodilatador","Inhalador","100 mcg","Inhalatoria"
845,"A02BC01","Omeprazol 20 mg (Lote 345)","Omeprazol","Antiácido","Cápsula","20 mg","Oral"
846,"A02BC01","Omeprazol 20 mg (Lote 346)","Omeprazol","Antiácido","Cápsula","20 mg","Oral"
847,"M01AE01","Ibuprofeno 400 mg (Lote 347)","Ibuprofeno","Antiinflamatorio","Tableta","400 mg","Oral"
848,"C09AA05","Enalapril 20 mg (Lote 348)","Enalapril","Antihipertensivo IECA","Tableta","20 mg","Oral"
849,"J01CA04","Amoxicilina 500 mg (Lote 349)","Amoxicilina","Antibiótico penicilina","Tableta","500 mg","Oral"
850,"A10BA02","Metformina 850 mg (Lote 350)","Metformina","Antidiabético","Tableta","850 mg","Oral"
851,"C09AA05","Enalapril 20 mg (Lote 351)","Enalapril","Antihipertensivo IECA","Tableta","20 mg","Oral"
852,"M01AE01","Ibuprofeno 400 mg (Lote 352)","Ibuprofeno","Antiinflamatorio","Tableta","400 mg","Oral"
853,"R03AK06","Salbutamol inhalador (Lote 353)","Salbutamol","Broncodilatador","Inhalador","100 mcg","Inhalatoria"
854,"C09AA05","Enalapril 20 mg (Lote 354)","Enalapril","Antihipertensivo IECA","Tableta","20 mg","Oral"
855,"M01AE01","Ibuprofeno 400 mg (Lote 355)","Ibuprofeno","Antiinflamatorio","Tableta","400 mg","Oral"
856,"C09AA05","Enalapril 20 mg (Lote 356)","Enalapril","Antihipertensivo IECA","Tableta","20 mg","Oral"
857,"A02BC01","Omeprazol 20 mg (Lote 357)","Omeprazol","Antiácido","Cápsula","20 mg","Oral"
858,"N02BE01","Paracetamol 500 mg (Lote 358)","Paracetamol","Analgésico","Tableta","500 mg","Oral"
859,"C09AA05","Enalapril 20 mg (Lote 359)","Enalapril","Antihipertensivo IECA","Tableta","20 mg","Oral"
860,"A10BA02","Metformina 850 mg (Lote 360)","Metformina","Antidiabético","Tableta","850 mg","Oral"
861,"B01AC06","Ácido acetilsalicílico (Lote 361)","Aspirina","Antiagregante","Tableta","100 mg","Oral"
862,"M01AE01","Ibuprofeno 400 mg (Lote 362)","Ibuprofeno","Antiinflamatorio","Tableta","400 mg","Oral"
863,"J01CA04","Amoxicilina 500 mg (Lote 363)","Amoxicilina","Antibiótico penicilina","Tableta","500 mg","Oral"
864,"B01AC06","Ácido acetilsalicílico (Lote 364)","Aspirina","Antiagregante","Tableta","100 mg","Oral"
865,"M01AE01","Ibuprofeno 400 mg (Lote 365)","Ibuprofeno","Antiinflamatorio","Tableta","400 mg","Oral"
866,"C09AA05","Enalapril 20 mg (Lote 366)","Enalapril","Antihipertensivo IECA","Tableta","20 mg","Oral"
867,"B01AC06","Ácido acetilsalicílico (Lote 367)","Aspirina","Antiagregante","Tableta","100 mg","Oral"
868,"R03AK06","Salbutamol inhalador (Lote 368)","Salbutamol","Broncodilatador","Inhalador","100 mcg","Inhalatoria"
869,"M01AE01","Ibuprofeno 400 mg (Lote 369)","Ibuprofeno","Antiinflamatorio","Tableta","400 mg","Oral"
870,"A02BC01","Omeprazol 20 mg (Lote 370)","Omeprazol","Antiácido","Cápsula","20 mg","Oral"
871,"B01AC06","Ácido acetilsalicílico (Lote 371)","Aspirina","Antiagregante","Tableta","100 mg","Oral"
872,"A02BC01","Omeprazol 20 mg (Lote 372)","Omeprazol","Antiácido","Cápsula","20 mg","Oral"
873,"J01CA04","Amoxicilina 500 mg (Lote 373)","Amoxicilina","Antibiótico penicilina","Tableta","500 mg","Oral"
874,"N02BE01","Paracetamol 500 mg (Lote 374)","Paracetamol","Analgésico","Tableta","500 mg","Oral"
875,"B01AC06","Ácido acetilsalicílico (Lote 375)","Aspirina","Antiagregante","Tableta","100 mg","Oral"
876,"M01AE01","Ibuprofeno 400 mg (Lote 376)","Ibuprofeno","Antiinflamatorio","Tableta","400 mg","Oral"
877,"C09AA05","Enalapril 20 mg (Lote 377)","Enalapril","Antihipertensivo IECA","Tableta","20 mg","Oral"
878,"A10BA02","Metformina 850 mg (Lote 378)","Metformina","Antidiabético","Tableta","850 mg","Oral"
879,"R03AK06","Salbutamol inhalador (Lote 379)","Salbutamol","Broncodilatador","Inhalador","100 mcg","Inhalatoria"
880,"C09AA05","Enalapril 20 mg (Lote 380)","Enalapril","Antihipertensivo IECA","Tableta","20 mg","Oral"
881,"J01CA04","Amoxicilina 500 mg (Lote 381)","Amoxicilina","Antibiótico penicilina","Tableta","500 mg","Oral"
882,"R03AK06","Salbutamol inhalador (Lote 382)","Salbutamol","Broncodilatador","Inhalador","100 mcg","Inhalatoria"
883,"R03AK06","Salbutamol inhalador (Lote 383)","Salbutamol","Broncodilatador","Inhalador","100 mcg","Inhalatoria"
884,"C09AA05","Enalapril 20 mg (Lote 384)","Enalapril","Antihipertensivo IECA","Tableta","20 mg","Oral"
885,"A02BC01","Omeprazol 20 mg (Lote 385)","Omeprazol","Antiácido","Cápsula","20 mg","Oral"
886,"A02BC01","Omeprazol 20 mg (Lote 386)","Omeprazol","Antiácido","Cápsula","20 mg","Oral"
887,"B01AC06","Ácido acetilsalicílico (Lote 387)","Aspirina","Antiagregante","Tableta","100 mg","Oral"
888,"J01CA04","Amoxicilina 500 mg (Lote 388)","Amoxicilina","Antibiótico penicilina","Tableta","500 mg","Oral"
889,"A10BA02","Metformina 850 mg (Lote 389)","Metformina","Antidiabético","Tableta","850 mg","Oral"
890,"N02BE01","Paracetamol 500 mg (Lote 390)","Paracetamol","Analgésico","Tableta","500 mg","Oral"
891,"N02BE01","Paracetamol 500 mg (Lote 391)","Paracetamol","Analgésico","Tableta","500 mg","Oral"
892,"M01AE01","Ibuprofeno 400 mg (Lote 392)","Ibuprofeno","Antiinflamatorio","Tableta","400 mg","Oral"
893,"A10BA02","Metformina 850 mg (Lote 393)","Metformina","Antidiabético","Tableta","850 mg","Oral"
894,"B01AC06","Ácido acetilsalicílico (Lote 394)","Aspirina","Antiagregante","Tableta","100 mg","Oral"
895,"M01AE01","Ibuprofeno 400 mg (Lote 395)","Ibuprofeno","Antiinflamatorio","Tableta","400 mg","Oral"
896,"N02BE01","Paracetamol 500 mg (Lote 396)","Paracetamol","Analgésico","Tableta","500 mg","Oral"
897,"A02BC01","Omeprazol 20 mg (Lote 397)","Omeprazol","Antiácido","Cápsula","20 mg","Oral"
898,"R03AK06","Salbutamol inhalador (Lote 398)","Salbutamol","Broncodilatador","Inhalador","100 mcg","Inhalatoria"
899,"R03AK06","Salbutamol inhalador (Lote 399)","Salbutamol","Broncodilatador","Inhalador","100 mcg","Inhalatoria"
900,"M01AE01","Ibuprofeno 400 mg (Lote 400)","Ibuprofeno","Antiinflamatorio","Tableta","400 mg","Oral"
901,"C09AA05","Enalapril 20 mg (Lote 401)","Enalapril","Antihipertensivo IECA","Tableta","20 mg","Oral"
902,"M01AE01","Ibuprofeno 400 mg (Lote 402)","Ibuprofeno","Antiinflamatorio","Tableta","400 mg","Oral"
903,"C09AA05","Enalapril 20 mg (Lote 403)","Enalapril","Antihipertensivo IECA","Tableta","20 mg","Oral"
904,"B01AC06","Ácido acetilsalicílico (Lote 404)","Aspirina","Antiagregante","Tableta","100 mg","Oral"
905,"J01CA04","Amoxicilina 500 mg (Lote 405)","Amoxicilina","Antibiótico penicilina","Tableta","500 mg","Oral"
906,"J01CA04","Amoxicilina 500 mg (Lote 406)","Amoxicilina","Antibiótico penicilina","Tableta","500 mg","Oral"
907,"A02BC01","Omeprazol 20 mg (Lote 407)","Omeprazol","Antiácido","Cápsula","20 mg","Oral"
908,"A10BA02","Metformina 850 mg (Lote 408)","Metformina","Antidiabético","Tableta","850 mg","Oral"
909,"A10BA02","Metformina 850 mg (Lote 409)","Metformina","Antidiabético","Tableta","850 mg","Oral"
910,"A02BC01","Omeprazol 20 mg (Lote 410)","Omeprazol","Antiácido","Cápsula","20 mg","Oral"
911,"B01AC06","Ácido acetilsalicílico (Lote 411)","Aspirina","Antiagregante","Tableta","100 mg","Oral"
912,"R03AK06","Salbutamol inhalador (Lote 412)","Salbutamol","Broncodilatador","Inhalador","100 mcg","Inhalatoria"
913,"C09AA05","Enalapril 20 mg (Lote 413)","Enalapril","Antihipertensivo IECA","Tableta","20 mg","Oral"
914,"R03AK06","Salbutamol inhalador (Lote 414)","Salbutamol","Broncodilatador","Inhalador","100 mcg","Inhalatoria"
915,"N02BE01","Paracetamol 500 mg (Lote 415)","Paracetamol","Analgésico","Tableta","500 mg","Oral"
916,"C09AA05","Enalapril 20 mg (Lote 416)","Enalapril","Antihipertensivo IECA","Tableta","20 mg","Oral"
917,"A10BA02","Metformina 850 mg (Lote 417)","Metformina","Antidiabético","Tableta","850 mg","Oral"
918,"N02BE01","Paracetamol 500 mg (Lote 418)","Paracetamol","Analgésico","Tableta","500 mg","Oral"
919,"B01AC06","Ácido acetilsalicílico (Lote 419)","Aspirina","Antiagregante","Tableta","100 mg","Oral"
920,"A10BA02","Metformina 850 mg (Lote 420)","Metformina","Antidiabético","Tableta","850 mg","Oral"
921,"R03AK06","Salbutamol inhalador (Lote 421)","Salbutamol","Broncodilatador","Inhalador","100 mcg","Inhalatoria"
922,"A02BC01","Omeprazol 20 mg (Lote 422)","Omeprazol","Antiácido","Cápsula","20 mg","Oral"
923,"M01AE01","Ibuprofeno 400 mg (Lote 423)","Ibuprofeno","Antiinflamatorio","Tableta","400 mg","Oral"
924,"N02BE01","Paracetamol 500 mg (Lote 424)","Paracetamol","Analgésico","Tableta","500 mg","Oral"
925,"N02BE01","Paracetamol 500 mg (Lote 425)","Paracetamol","Analgésico","Tableta","500 mg","Oral"
926,"N02BE01","Paracetamol 500 mg (Lote 426)","Paracetamol","Analgésico","Tableta","500 mg","Oral"
927,"M01AE01","Ibuprofeno 400 mg (Lote 427)","Ibuprofeno","Antiinflamatorio","Tableta","400 mg","Oral"
928,"B01AC06","Ácido acetilsalicílico (Lote 428)","Aspirina","Antiagregante","Tableta","100 mg","Oral"
929,"J01CA04","Amoxicilina 500 mg (Lote 429)","Amoxicilina","Antibiótico penicilina","Tableta","500 mg","Oral"
930,"J01CA04","Amoxicilina 500 mg (Lote 430)","Amoxicilina","Antibiótico penicilina","Tableta","500 mg","Oral"
931,"A10BA02","Metformina 850 mg (Lote 431)","Metformina","Antidiabético","Tableta","850 mg","Oral"
932,"J01CA04","Amoxicilina 500 mg (Lote 432)","Amoxicilina","Antibiótico penicilina","Tableta","500 mg","Oral"
933,"A10BA02","Metformina 850 mg (Lote 433)","Metformina","Antidiabético","Tableta","850 mg","Oral"
934,"C09AA05","Enalapril 20 mg (Lote 434)","Enalapril","Antihipertensivo IECA","Tableta","20 mg","Oral"
935,"C09AA05","Enalapril 20 mg (Lote 435)","Enalapril","Antihipertensivo IECA","Tableta","20 mg","Oral"
936,"M01AE01","Ibuprofeno 400 mg (Lote 436)","Ibuprofeno","Antiinflamatorio","Tableta","400 mg","Oral"
937,"B01AC06","Ácido acetilsalicílico (Lote 437)","Aspirina","Antiagregante","Tableta","100 mg","Oral"
938,"J01CA04","Amoxicilina 500 mg (Lote 438)","Amoxicilina","Antibiótico penicilina","Tableta","500 mg","Oral"
939,"J01CA04","Amoxicilina 500 mg (Lote 439)","Amoxicilina","Antibiótico penicilina","Tableta","500 mg","Oral"
940,"R03AK06","Salbutamol inhalador (Lote 440)","Salbutamol","Broncodilatador","Inhalador","100 mcg","Inhalatoria"
941,"J01CA04","Amoxicilina 500 mg (Lote 441)","Amoxicilina","Antibiótico penicilina","Tableta","500 mg","Oral"
942,"C09AA05","Enalapril 20 mg (Lote 442)","Enalapril","Antihipertensivo IECA","Tableta","20 mg","Oral"
943,"C09AA05","Enalapril 20 mg (Lote 443)","Enalapril","Antihipertensivo IECA","Tableta","20 mg","Oral"
944,"C09AA05","Enalapril 20 mg (Lote 444)","Enalapril","Antihipertensivo IECA","Tableta","20 mg","Oral"
945,"A02BC01","Omeprazol 20 mg (Lote 445)","Omeprazol","Antiácido","Cápsula","20 mg","Oral"
946,"N02BE01","Paracetamol 500 mg (Lote 446)","Paracetamol","Analgésico","Tableta","500 mg","Oral"
947,"A02BC01","Omeprazol 20 mg (Lote 447)","Omeprazol","Antiácido","Cápsula","20 mg","Oral"
948,"M01AE01","Ibuprofeno 400 mg (Lote 448)","Ibuprofeno","Antiinflamatorio","Tableta","400 mg","Oral"
949,"R03AK06","Salbutamol inhalador (Lote 449)","Salbutamol","Broncodilatador","Inhalador","100 mcg","Inhalatoria"
950,"A10BA02","Metformina 850 mg (Lote 450)","Metformina","Antidiabético","Tableta","850 mg","Oral"
951,"C09AA05","Enalapril 20 mg (Lote 451)","Enalapril","Antihipertensivo IECA","Tableta","20 mg","Oral"
952,"R03AK06","Salbutamol inhalador (Lote 452)","Salbutamol","Broncodilatador","Inhalador","100 mcg","Inhalatoria"
953,"M01AE01","Ibuprofeno 400 mg (Lote 453)","Ibuprofeno","Antiinflamatorio","Tableta","400 mg","Oral"
954,"J01CA04","Amoxicilina 500 mg (Lote 454)","Amoxicilina","Antibiótico penicilina","Tableta","500 mg","Oral"
955,"M01AE01","Ibuprofeno 400 mg (Lote 455)","Ibuprofeno","Antiinflamatorio","Tableta","400 mg","Oral"
956,"R03AK06","Salbutamol inhalador (Lote 456)","Salbutamol","Broncodilatador","Inhalador","100 mcg","Inhalatoria"
957,"J01CA04","Amoxicilina 500 mg (Lote 457)","Amoxicilina","Antibiótico penicilina","Tableta","500 mg","Oral"
958,"A02BC01","Omeprazol 20 mg (Lote 458)","Omeprazol","Antiácido","Cápsula","20 mg","Oral"
959,"R03AK06","Salbutamol inhalador (Lote 459)","Salbutamol","Broncodilatador","Inhalador","100 mcg","Inhalatoria"
960,"A02BC01","Omeprazol 20 mg (Lote 460)","Omeprazol","Antiácido","Cápsula","20 mg","Oral"
961,"B01AC06","Ácido acetilsalicílico (Lote 461)","Aspirina","Antiagregante","Tableta","100 mg","Oral"
962,"M01AE01","Ibuprofeno 400 mg (Lote 462)","Ibuprofeno","Antiinflamatorio","Tableta","400 mg","Oral"
963,"M01AE01","Ibuprofeno 400 mg (Lote 463)","Ibuprofeno","Antiinflamatorio","Tableta","400 mg","Oral"
964,"N02BE01","Paracetamol 500 mg (Lote 464)","Paracetamol","Analgésico","Tableta","500 mg","Oral"
965,"J01CA04","Amoxicilina 500 mg (Lote 465)","Amoxicilina","Antibiótico penicilina","Tableta","500 mg","Oral"
966,"J01CA04","Amoxicilina 500 mg (Lote 466)","Amoxicilina","Antibiótico penicilina","Tableta","500 mg","Oral"
967,"R03AK06","Salbutamol inhalador (Lote 467)","Salbutamol","Broncodilatador","Inhalador","100 mcg","Inhalatoria"
968,"J01CA04","Amoxicilina 500 mg (Lote 468)","Amoxicilina","Antibiótico penicilina","Tableta","500 mg","Oral"
969,"B01AC06","Ácido acetilsalicílico (Lote 469)","Aspirina","Antiagregante","Tableta","100 mg","Oral"
970,"J01CA04","Amoxicilina 500 mg (Lote 470)","Amoxicilina","Antibiótico penicilina","Tableta","500 mg","Oral"
971,"B01AC06","Ácido acetilsalicílico (Lote 471)","Aspirina","Antiagregante","Tableta","100 mg","Oral"
972,"B01AC06","Ácido acetilsalicílico (Lote 472)","Aspirina","Antiagregante","Tableta","100 mg","Oral"
973,"A10BA02","Metformina 850 mg (Lote 473)","Metformina","Antidiabético","Tableta","850 mg","Oral"
974,"M01AE01","Ibuprofeno 400 mg (Lote 474)","Ibuprofeno","Antiinflamatorio","Tableta","400 mg","Oral"
975,"N02BE01","Paracetamol 500 mg (Lote 475)","Paracetamol","Analgésico","Tableta","500 mg","Oral"
976,"N02BE01","Paracetamol 500 mg (Lote 476)","Paracetamol","Analgésico","Tableta","500 mg","Oral"
977,"A02BC01","Omeprazol 20 mg (Lote 477)","Omeprazol","Antiácido","Cápsula","20 mg","Oral"
978,"J01CA04","Amoxicilina 500 mg (Lote 478)","Amoxicilina","Antibiótico penicilina","Tableta","500 mg","Oral"
979,"A02BC01","Omeprazol 20 mg (Lote 479)","Omeprazol","Antiácido","Cápsula","20 mg","Oral"
980,"M01AE01","Ibuprofeno 400 mg (Lote 480)","Ibuprofeno","Antiinflamatorio","Tableta","400 mg","Oral"
981,"A02BC01","Omeprazol 20 mg (Lote 481)","Omeprazol","Antiácido","Cápsula","20 mg","Oral"
982,"B01AC06","Ácido acetilsalicílico (Lote 482)","Aspirina","Antiagregante","Tableta","100 mg","Oral"
983,"N02BE01","Paracetamol 500 mg (Lote 483)","Paracetamol","Analgésico","Tableta","500 mg","Oral"
984,"C09AA05","Enalapril 20 mg (Lote 484)","Enalapril","Antihipertensivo IECA","Tableta","20 mg","Oral"
985,"M01AE01","Ibuprofeno 400 mg (Lote 485)","Ibuprofeno","Antiinflamatorio","Tableta","400 mg","Oral"
986,"R03AK06","Salbutamol inhalador (Lote 486)","Salbutamol","Broncodilatador","Inhalador","100 mcg","Inhalatoria"
987,"R03AK06","Salbutamol inhalador (Lote 487)","Salbutamol","Broncodilatador","Inhalador","100 mcg","Inhalatoria"
988,"A10BA02","Metformina 850 mg (Lote 488)","Metformina","Antidiabético","Tableta","850 mg","Oral"
989,"N02BE01","Paracetamol 500 mg (Lote 489)","Paracetamol","Analgésico","Tableta","500 mg","Oral"
990,"C09AA05","Enalapril 20 mg (Lote 490)","Enalapril","Antihipertensivo IECA","Tableta","20 mg","Oral"
991,"J01CA04","Amoxicilina 500 mg (Lote 491)","Amoxicilina","Antibiótico penicilina","Tableta","500 mg","Oral"
992,"N02BE01","Paracetamol 500 mg (Lote 492)","Paracetamol","Analgésico","Tableta","500 mg","Oral"
993,"B01AC06","Ácido acetilsalicílico (Lote 493)","Aspirina","Antiagregante","Tableta","100 mg","Oral"
994,"C09AA05","Enalapril 20 mg (Lote 494)","Enalapril","Antihipertensivo IECA","Tableta","20 mg","Oral"
995,"R03AK06","Salbutamol inhalador (Lote 495)","Salbutamol","Broncodilatador","Inhalador","100 mcg","Inhalatoria"
996,"M01AE01","Ibuprofeno 400 mg (Lote 496)","Ibuprofeno","Antiinflamatorio","Tableta","400 mg","Oral"
997,"R03AK06","Salbutamol inhalador (Lote 497)","Salbutamol","Broncodilatador","Inhalador","100 mcg","Inhalatoria"
998,"J01CA04","Amoxicilina 500 mg (Lote 498)","Amoxicilina","Antibiótico penicilina","Tableta","500 mg","Oral"
999,"M01AE01","Ibuprofeno 400 mg (Lote 499)","Ibuprofeno","Antiinflamatorio","Tableta","400 mg","Oral"
1000,"M01AE01","Ibuprofeno 400 mg (Lote 0)","Ibuprofeno","Antiinflamatorio","Tableta","400 mg","Oral"
