1,2015-01-01,2014,12,"Diciembre",4,31,"Miércoles",f
2,2015-01-02,2015,1,"Enero",1,1,"Jueves",f
3,2015-01-03,2015,1,"Enero",1,2,"Viernes",f
4,2015-01-04,2015,1,"Enero",1,3,"Sábado",t
5,2015-01-05,2015,1,"Enero",1,4,"Domingo",t
6,2015-01-06,2015,1,"Enero",1,5,"Lunes",f
7,2015-01-07,2015,1,"Enero",1,6,"Martes",f
8,2015-01-08,2015,1,"Enero",1,7,"Miércoles",f
9,2015-01-09,2015,1,"Enero",1,8,"Jueves",f
10,2015-01-10,2015,1,"Enero",1,9,"Viernes",f
11,2015-01-11,2015,1,"Enero",1,10,"Sábado",t
12,2015-01-12,2015,1,"Enero",1,11,"Domingo",t
13,2015-01-13,2015,1,"Enero",1,12,"Lunes",f
14,2015-01-14,2015,1,"Enero",1,13,"Martes",f
15,2015-01-15,2015,1,"Enero",1,14,"Miércoles",f
16,2015-01-16,2015,1,"Enero",1,15,"Jueves",f
17,2015-01-17,2015,1,"Enero",1,16,"Viernes",f
18,2015-01-18,2015,1,"Enero",1,17,"Sábado",t
19,2015-01-19,2015,1,"Enero",1,18,"Domingo",t
20,2015-01-20,2015,1,"Enero",1,19,"Lunes",f
21,2015-01-21,2015,1,"Enero",1,20,"Martes",f
22,2015-01-22,2015,1,"Enero",1,21,"Miércoles",f
23,2015-01-23,2015,1,"Enero",1,22,"Jueves",f
24,2015-01-24,2015,1,"Enero",1,23,"Viernes",f
25,2015-01-25,2015,1,"Enero",1,24,"Sábado",t
26,2015-01-26,2015,1,"Enero",1,25,"Domingo",t
27,2015-01-27,2015,1,"Enero",1,26,"Lunes",f
28,2015-01-28,2015,1,"Enero",1,27,"Martes",f
29,2015-01-29,2015,1,"Enero",1,28,"Miércoles",f
30,2015-01-30,2015,1,"Enero",1,29,"Jueves",f
31,2015-01-31,2015,1,"Enero",1,30,"Viernes",f
32,2015-02-01,2015,1,"Enero",1,31,"Sábado",t
33,2015-02-02,2015,2,"Febrero",1,1,"Domingo",t
34,2015-02-03,2015,2,"Febrero",1,2,"Lunes",f
35,2015-02-04,2015,2,"Febrero",1,3,"Martes",f
36,2015-02-05,2015,2,"Febrero",1,4,"Miércoles",f
37,2015-02-06,2015,2,"Febrero",1,5,"Jueves",f
38,2015-02-07,2015,2,"Febrero",1,6,"Viernes",f
39,2015-02-08,2015,2,"Febrero",1,7,"Sábado",t
40,2015-02-09,2015,2,"Febrero",1,8,"Domingo",t
41,2015-02-10,2015,2,"Febrero",1,9,"Lunes",f
42,2015-02-11,2015,2,"Febrero",1,10,"Martes",f
43,2015-02-12,2015,2,"Febrero",1,11,"Miércoles",f
44,2015-02-13,2015,2,"Febrero",1,12,"Jueves",f
45,2015-02-14,2015,2,"Febrero",1,13,"Viernes",f
46,2015-02-15,2015,2,"Febrero",1,14,"Sábado",t
47,2015-02-16,2015,2,"Febrero",1,15,"Domingo",t
48,2015-02-17,2015,2,"Febrero",1,16,"Lunes",f
49,2015-02-18,2015,2,"Febrero",1,17,"Martes",f
50,2015-02-19,2015,2,"Febrero",1,18,"Miércoles",f
51,2015-02-20,2015,2,"Febrero",1,19,"Jueves",f
52,2015-02-21,2015,2,"Febrero",1,20,"Viernes",f
53,2015-02-22,2015,2,"Febrero",1,21,"Sábado",t
54,2015-02-23,2015,2,"Febrero",1,22,"Domingo",t
55,2015-02-24,2015,2,"Febrero",1,23,"Lunes",f
56,2015-02-25,2015,2,"Febrero",1,24,"Martes",f
57,2015-02-26,2015,2,"Febrero",1,25,"Miércoles",f
58,2015-02-27,2015,2,"Febrero",1,26,"Jueves",f
59,2015-02-28,2015,2,"Febrero",1,27,"Viernes",f
60,2015-03-01,2015,2,"Febrero",1,28,"Sábado",t
61,2015-03-02,2015,3,"Marzo",1,1,"Domingo",t
62,2015-03-03,2015,3,"Marzo",1,2,"Lunes",f
63,2015-03-04,2015,3,"Marzo",1,3,"Martes",f
64,2015-03-05,2015,3,"Marzo",1,4,"Miércoles",f
65,2015-03-06,2015,3,"Marzo",1,5,"Jueves",f
66,2015-03-07,2015,3,"Marzo",1,6,"Viernes",f
67,2015-03-08,2015,3,"Marzo",1,7,"Sábado",t
68,2015-03-09,2015,3,"Marzo",1,8,"Domingo",t
69,2015-03-10,2015,3,"Marzo",1,9,"Lunes",f
70,2015-03-11,2015,3,"Marzo",1,10,"Martes",f
71,2015-03-12,2015,3,"Marzo",1,11,"Miércoles",f
72,2015-03-13,2015,3,"Marzo",1,12,"Jueves",f
73,2015-03-14,2015,3,"Marzo",1,13,"Viernes",f
74,2015-03-15,2015,3,"Marzo",1,14,"Sábado",t
75,2015-03-16,2015,3,"Marzo",1,15,"Domingo",t
76,2015-03-17,2015,3,"Marzo",1,16,"Lunes",f
77,2015-03-18,2015,3,"Marzo",1,17,"Martes",f
78,2015-03-19,2015,3,"Marzo",1,18,"Miércoles",f
79,2015-03-20,2015,3,"Marzo",1,19,"Jueves",f
80,2015-03-21,2015,3,"Marzo",1,20,"Viernes",f
81,2015-03-22,2015,3,"Marzo",1,21,"Sábado",t
82,2015-03-23,2015,3,"Marzo",1,22,"Domingo",t
83,2015-03-24,2015,3,"Marzo",1,23,"Lunes",f
84,2015-03-25,2015,3,"Marzo",1,24,"Martes",f
85,2015-03-26,2015,3,"Marzo",1,25,"Miércoles",f
86,2015-03-27,2015,3,"Marzo",1,26,"Jueves",f
87,2015-03-28,2015,3,"Marzo",1,27,"Viernes",f
88,2015-03-29,2015,3,"Marzo",1,28,"Sábado",t
89,2015-03-30,2015,3,"Marzo",1,29,"Domingo",t
90,2015-03-31,2015,3,"Marzo",1,30,"Lunes",f
91,2015-04-01,2015,3,"Marzo",1,31,"Martes",f
92,2015-04-02,2015,4,"Abril",2,1,"Miércoles",f
93,2015-04-03,2015,4,"Abril",2,2,"Jueves",f
94,2015-04-04,2015,4,"Abril",2,3,"Viernes",f
95,2015-04-05,2015,4,"Abril",2,4,"Sábado",t
96,2015-04-06,2015,4,"Abril",2,5,"Domingo",t
97,2015-04-07,2015,4,"Abril",2,6,"Lunes",f
98,2015-04-08,2015,4,"Abril",2,7,"Martes",f
99,2015-04-09,2015,4,"Abril",2,8,"Miércoles",f
100,2015-04-10,2015,4,"Abril",2,9,"Jueves",f
101,2015-04-11,2015,4,"Abril",2,10,"Viernes",f
102,2015-04-12,2015,4,"Abril",2,11,"Sábado",t
103,2015-04-13,2015,4,"Abril",2,12,"Domingo",t
104,2015-04-14,2015,4,"Abril",2,13,"Lunes",f
105,2015-04-15,2015,4,"Abril",2,14,"Martes",f
106,2015-04-16,2015,4,"Abril",2,15,"Miércoles",f
107,2015-04-17,2015,4,"Abril",2,16,"Jueves",f
108,2015-04-18,2015,4,"Abril",2,17,"Viernes",f
109,2015-04-19,2015,4,"Abril",2,18,"Sábado",t
110,2015-04-20,2015,4,"Abril",2,19,"Domingo",t
111,2015-04-21,2015,4,"Abril",2,20,"Lunes",f
112,2015-04-22,2015,4,"Abril",2,21,"Martes",f
113,2015-04-23,2015,4,"Abril",2,22,"Miércoles",f
114,2015-04-24,2015,4,"Abril",2,23,"Jueves",f
115,2015-04-25,2015,4,"Abril",2,24,"Viernes",f
116,2015-04-26,2015,4,"Abril",2,25,"Sábado",t
117,2015-04-27,2015,4,"Abril",2,26,"Domingo",t
118,2015-04-28,2015,4,"Abril",2,27,"Lunes",f
119,2015-04-29,2015,4,"Abril",2,28,"Martes",f
120,2015-04-30,2015,4,"Abril",2,29,"Miércoles",f
121,2015-05-01,2015,4,"Abril",2,30,"Jueves",f
122,2015-05-02,2015,5,"Mayo",2,1,"Viernes",f
123,2015-05-03,2015,5,"Mayo",2,2,"Sábado",t
124,2015-05-04,2015,5,"Mayo",2,3,"Domingo",t
125,2015-05-05,2015,5,"Mayo",2,4,"Lunes",f
126,2015-05-06,2015,5,"Mayo",2,5,"Martes",f
127,2015-05-07,2015,5,"Mayo",2,6,"Miércoles",f
128,2015-05-08,2015,5,"Mayo",2,7,"Jueves",f
129,2015-05-09,2015,5,"Mayo",2,8,"Viernes",f
130,2015-05-10,2015,5,"Mayo",2,9,"Sábado",t
131,2015-05-11,2015,5,"Mayo",2,10,"Domingo",t
132,2015-05-12,2015,5,"Mayo",2,11,"Lunes",f
133,2015-05-13,2015,5,"Mayo",2,12,"Martes",f
134,2015-05-14,2015,5,"Mayo",2,13,"Miércoles",f
135,2015-05-15,2015,5,"Mayo",2,14,"Jueves",f
136,2015-05-16,2015,5,"Mayo",2,15,"Viernes",f
137,2015-05-17,2015,5,"Mayo",2,16,"Sábado",t
138,2015-05-18,2015,5,"Mayo",2,17,"Domingo",t
139,2015-05-19,2015,5,"Mayo",2,18,"Lunes",f
140,2015-05-20,2015,5,"Mayo",2,19,"Martes",f
141,2015-05-21,2015,5,"Mayo",2,20,"Miércoles",f
142,2015-05-22,2015,5,"Mayo",2,21,"Jueves",f
143,2015-05-23,2015,5,"Mayo",2,22,"Viernes",f
144,2015-05-24,2015,5,"Mayo",2,23,"Sábado",t
145,2015-05-25,2015,5,"Mayo",2,24,"Domingo",t
146,2015-05-26,2015,5,"Mayo",2,25,"Lunes",f
147,2015-05-27,2015,5,"Mayo",2,26,"Martes",f
148,2015-05-28,2015,5,"Mayo",2,27,"Miércoles",f
149,2015-05-29,2015,5,"Mayo",2,28,"Jueves",f
150,2015-05-30,2015,5,"Mayo",2,29,"Viernes",f
151,2015-05-31,2015,5,"Mayo",2,30,"Sábado",t
152,2015-06-01,2015,5,"Mayo",2,31,"Domingo",t
153,2015-06-02,2015,6,"Junio",2,1,"Lunes",f
154,2015-06-03,2015,6,"Junio",2,2,"Martes",f
155,2015-06-04,2015,6,"Junio",2,3,"Miércoles",f
156,2015-06-05,2015,6,"Junio",2,4,"Jueves",f
157,2015-06-06,2015,6,"Junio",2,5,"Viernes",f
158,2015-06-07,2015,6,"Junio",2,6,"Sábado",t
159,2015-06-08,2015,6,"Junio",2,7,"Domingo",t
160,2015-06-09,2015,6,"Junio",2,8,"Lunes",f
161,2015-06-10,2015,6,"Junio",2,9,"Martes",f
162,2015-06-11,2015,6,"Junio",2,10,"Miércoles",f
163,2015-06-12,2015,6,"Junio",2,11,"Jueves",f
164,2015-06-13,2015,6,"Junio",2,12,"Viernes",f
165,2015-06-14,2015,6,"Junio",2,13,"Sábado",t
166,2015-06-15,2015,6,"Junio",2,14,"Domingo",t
167,2015-06-16,2015,6,"Junio",2,15,"Lunes",f
168,2015-06-17,2015,6,"Junio",2,16,"Martes",f
169,2015-06-18,2015,6,"Junio",2,17,"Miércoles",f
170,2015-06-19,2015,6,"Junio",2,18,"Jueves",f
171,2015-06-20,2015,6,"Junio",2,19,"Viernes",f
172,2015-06-21,2015,6,"Junio",2,20,"Sábado",t
173,2015-06-22,2015,6,"Junio",2,21,"Domingo",t
174,2015-06-23,2015,6,"Junio",2,22,"Lunes",f
175,2015-06-24,2015,6,"Junio",2,23,"Martes",f
176,2015-06-25,2015,6,"Junio",2,24,"Miércoles",f
177,2015-06-26,2015,6,"Junio",2,25,"Jueves",f
178,2015-06-27,2015,6,"Junio",2,26,"Viernes",f
179,2015-06-28,2015,6,"Junio",2,27,"Sábado",t
180,2015-06-29,2015,6,"Junio",2,28,"Domingo",t
181,2015-06-30,2015,6,"Junio",2,29,"Lunes",f
182,2015-07-01,2015,6,"Junio",2,30,"Martes",f
183,2015-07-02,2015,7,"Julio",3,1,"Miércoles",f
184,2015-07-03,2015,7,"Julio",3,2,"Jueves",f
185,2015-07-04,2015,7,"Julio",3,3,"Viernes",f
186,2015-07-05,2015,7,"Julio",3,4,"Sábado",t
187,2015-07-06,2015,7,"Julio",3,5,"Domingo",t
188,2015-07-07,2015,7,"Julio",3,6,"Lunes",f
189,2015-07-08,2015,7,"Julio",3,7,"Martes",f
190,2015-07-09,2015,7,"Julio",3,8,"Miércoles",f
191,2015-07-10,2015,7,"Julio",3,9,"Jueves",f
192,2015-07-11,2015,7,"Julio",3,10,"Viernes",f
193,2015-07-12,2015,7,"Julio",3,11,"Sábado",t
194,2015-07-13,2015,7,"Julio",3,12,"Domingo",t
195,2015-07-14,2015,7,"Julio",3,13,"Lunes",f
196,2015-07-15,2015,7,"Julio",3,14,"Martes",f
197,2015-07-16,2015,7,"Julio",3,15,"Miércoles",f
198,2015-07-17,2015,7,"Julio",3,16,"Jueves",f
199,2015-07-18,2015,7,"Julio",3,17,"Viernes",f
200,2015-07-19,2015,7,"Julio",3,18,"Sábado",t
201,2015-07-20,2015,7,"Julio",3,19,"Domingo",t
202,2015-07-21,2015,7,"Julio",3,20,"Lunes",f
203,2015-07-22,2015,7,"Julio",3,21,"Martes",f
204,2015-07-23,2015,7,"Julio",3,22,"Miércoles",f
205,2015-07-24,2015,7,"Julio",3,23,"Jueves",f
206,2015-07-25,2015,7,"Julio",3,24,"Viernes",f
207,2015-07-26,2015,7,"Julio",3,25,"Sábado",t
208,2015-07-27,2015,7,"Julio",3,26,"Domingo",t
209,2015-07-28,2015,7,"Julio",3,27,"Lunes",f
210,2015-07-29,2015,7,"Julio",3,28,"Martes",f
211,2015-07-30,2015,7,"Julio",3,29,"Miércoles",f
212,2015-07-31,2015,7,"Julio",3,30,"Jueves",f
213,2015-08-01,2015,7,"Julio",3,31,"Viernes",f
214,2015-08-02,2015,8,"Agosto",3,1,"Sábado",t
215,2015-08-03,2015,8,"Agosto",3,2,"Domingo",t
216,2015-08-04,2015,8,"Agosto",3,3,"Lunes",f
217,2015-08-05,2015,8,"Agosto",3,4,"Martes",f
218,2015-08-06,2015,8,"Agosto",3,5,"Miércoles",f
219,2015-08-07,2015,8,"Agosto",3,6,"Jueves",f
220,2015-08-08,2015,8,"Agosto",3,7,"Viernes",f
221,2015-08-09,2015,8,"Agosto",3,8,"Sábado",t
222,2015-08-10,2015,8,"Agosto",3,9,"Domingo",t
223,2015-08-11,2015,8,"Agosto",3,10,"Lunes",f
224,2015-08-12,2015,8,"Agosto",3,11,"Martes",f
225,2015-08-13,2015,8,"Agosto",3,12,"Miércoles",f
226,2015-08-14,2015,8,"Agosto",3,13,"Jueves",f
227,2015-08-15,2015,8,"Agosto",3,14,"Viernes",f
228,2015-08-16,2015,8,"Agosto",3,15,"Sábado",t
229,2015-08-17,2015,8,"Agosto",3,16,"Domingo",t
230,2015-08-18,2015,8,"Agosto",3,17,"Lunes",f
231,2015-08-19,2015,8,"Agosto",3,18,"Martes",f
232,2015-08-20,2015,8,"Agosto",3,19,"Miércoles",f
233,2015-08-21,2015,8,"Agosto",3,20,"Jueves",f
234,2015-08-22,2015,8,"Agosto",3,21,"Viernes",f
235,2015-08-23,2015,8,"Agosto",3,22,"Sábado",t
236,2015-08-24,2015,8,"Agosto",3,23,"Domingo",t
237,2015-08-25,2015,8,"Agosto",3,24,"Lunes",f
238,2015-08-26,2015,8,"Agosto",3,25,"Martes",f
239,2015-08-27,2015,8,"Agosto",3,26,"Miércoles",f
240,2015-08-28,2015,8,"Agosto",3,27,"Jueves",f
241,2015-08-29,2015,8,"Agosto",3,28,"Viernes",f
242,2015-08-30,2015,8,"Agosto",3,29,"Sábado",t
243,2015-08-31,2015,8,"Agosto",3,30,"Domingo",t
244,2015-09-01,2015,8,"Agosto",3,31,"Lunes",f
245,2015-09-02,2015,9,"Septiembre",3,1,"Martes",f
246,2015-09-03,2015,9,"Septiembre",3,2,"Miércoles",f
247,2015-09-04,2015,9,"Septiembre",3,3,"Jueves",f
248,2015-09-05,2015,9,"Septiembre",3,4,"Viernes",f
249,2015-09-06,2015,9,"Septiembre",3,5,"Sábado",t
250,2015-09-07,2015,9,"Septiembre",3,6,"Domingo",t
251,2015-09-08,2015,9,"Septiembre",3,7,"Lunes",f
252,2015-09-09,2015,9,"Septiembre",3,8,"Martes",f
253,2015-09-10,2015,9,"Septiembre",3,9,"Miércoles",f
254,2015-09-11,2015,9,"Septiembre",3,10,"Jueves",f
255,2015-09-12,2015,9,"Septiembre",3,11,"Viernes",f
256,2015-09-13,2015,9,"Septiembre",3,12,"Sábado",t
257,2015-09-14,2015,9,"Septiembre",3,13,"Domingo",t
258,2015-09-15,2015,9,"Septiembre",3,14,"Lunes",f
259,2015-09-16,2015,9,"Septiembre",3,15,"Martes",f
260,2015-09-17,2015,9,"Septiembre",3,16,"Miércoles",f
261,2015-09-18,2015,9,"Septiembre",3,17,"Jueves",f
262,2015-09-19,2015,9,"Septiembre",3,18,"Viernes",f
263,2015-09-20,2015,9,"Septiembre",3,19,"Sábado",t
264,2015-09-21,2015,9,"Septiembre",3,20,"Domingo",t
265,2015-09-22,2015,9,"Septiembre",3,21,"Lunes",f
266,2015-09-23,2015,9,"Septiembre",3,22,"Martes",f
267,2015-09-24,2015,9,"Septiembre",3,23,"Miércoles",f
268,2015-09-25,2015,9,"Septiembre",3,24,"Jueves",f
269,2015-09-26,2015,9,"Septiembre",3,25,"Viernes",f
270,2015-09-27,2015,9,"Septiembre",3,26,"Sábado",t
271,2015-09-28,2015,9,"Septiembre",3,27,"Domingo",t
272,2015-09-29,2015,9,"Septiembre",3,28,"Lunes",f
273,2015-09-30,2015,9,"Septiembre",3,29,"Martes",f
274,2015-10-01,2015,9,"Septiembre",3,30,"Miércoles",f
275,2015-10-02,2015,10,"Octubre",4,1,"Jueves",f
276,2015-10-03,2015,10,"Octubre",4,2,"Viernes",f
277,2015-10-04,2015,10,"Octubre",4,3,"Sábado",t
278,2015-10-05,2015,10,"Octubre",4,4,"Domingo",t
279,2015-10-06,2015,10,"Octubre",4,5,"Lunes",f
280,2015-10-07,2015,10,"Octubre",4,6,"Martes",f
281,2015-10-08,2015,10,"Octubre",4,7,"Miércoles",f
282,2015-10-09,2015,10,"Octubre",4,8,"Jueves",f
283,2015-10-10,2015,10,"Octubre",4,9,"Viernes",f
284,2015-10-11,2015,10,"Octubre",4,10,"Sábado",t
285,2015-10-12,2015,10,"Octubre",4,11,"Domingo",t
286,2015-10-13,2015,10,"Octubre",4,12,"Lunes",f
287,2015-10-14,2015,10,"Octubre",4,13,"Martes",f
288,2015-10-15,2015,10,"Octubre",4,14,"Miércoles",f
289,2015-10-16,2015,10,"Octubre",4,15,"Jueves",f
290,2015-10-17,2015,10,"Octubre",4,16,"Viernes",f
291,2015-10-18,2015,10,"Octubre",4,17,"Sábado",t
292,2015-10-19,2015,10,"Octubre",4,18,"Domingo",t
293,2015-10-20,2015,10,"Octubre",4,19,"Lunes",f
294,2015-10-21,2015,10,"Octubre",4,20,"Martes",f
295,2015-10-22,2015,10,"Octubre",4,21,"Miércoles",f
296,2015-10-23,2015,10,"Octubre",4,22,"Jueves",f
297,2015-10-24,2015,10,"Octubre",4,23,"Viernes",f
298,2015-10-25,2015,10,"Octubre",4,24,"Sábado",t
299,2015-10-26,2015,10,"Octubre",4,25,"Domingo",t
300,2015-10-27,2015,10,"Octubre",4,26,"Lunes",f
301,2015-10-28,2015,10,"Octubre",4,27,"Martes",f
302,2015-10-29,2015,10,"Octubre",4,28,"Miércoles",f
303,2015-10-30,2015,10,"Octubre",4,29,"Jueves",f
304,2015-10-31,2015,10,"Octubre",4,30,"Viernes",f
305,2015-11-01,2015,10,"Octubre",4,31,"Sábado",t
306,2015-11-02,2015,11,"Noviembre",4,1,"Domingo",t
307,2015-11-03,2015,11,"Noviembre",4,2,"Lunes",f
308,2015-11-04,2015,11,"Noviembre",4,3,"Martes",f
309,2015-11-05,2015,11,"Noviembre",4,4,"Miércoles",f
310,2015-11-06,2015,11,"Noviembre",4,5,"Jueves",f
311,2015-11-07,2015,11,"Noviembre",4,6,"Viernes",f
312,2015-11-08,2015,11,"Noviembre",4,7,"Sábado",t
313,2015-11-09,2015,11,"Noviembre",4,8,"Domingo",t
314,2015-11-10,2015,11,"Noviembre",4,9,"Lunes",f
315,2015-11-11,2015,11,"Noviembre",4,10,"Martes",f
316,2015-11-12,2015,11,"Noviembre",4,11,"Miércoles",f
317,2015-11-13,2015,11,"Noviembre",4,12,"Jueves",f
318,2015-11-14,2015,11,"Noviembre",4,13,"Viernes",f
319,2015-11-15,2015,11,"Noviembre",4,14,"Sábado",t
320,2015-11-16,2015,11,"Noviembre",4,15,"Domingo",t
321,2015-11-17,2015,11,"Noviembre",4,16,"Lunes",f
322,2015-11-18,2015,11,"Noviembre",4,17,"Martes",f
323,2015-11-19,2015,11,"Noviembre",4,18,"Miércoles",f
324,2015-11-20,2015,11,"Noviembre",4,19,"Jueves",f
325,2015-11-21,2015,11,"Noviembre",4,20,"Viernes",f
326,2015-11-22,2015,11,"Noviembre",4,21,"Sábado",t
327,2015-11-23,2015,11,"Noviembre",4,22,"Domingo",t
328,2015-11-24,2015,11,"Noviembre",4,23,"Lunes",f
329,2015-11-25,2015,11,"Noviembre",4,24,"Martes",f
330,2015-11-26,2015,11,"Noviembre",4,25,"Miércoles",f
331,2015-11-27,2015,11,"Noviembre",4,26,"Jueves",f
332,2015-11-28,2015,11,"Noviembre",4,27,"Viernes",f
333,2015-11-29,2015,11,"Noviembre",4,28,"Sábado",t
334,2015-11-30,2015,11,"Noviembre",4,29,"Domingo",t
335,2015-12-01,2015,11,"Noviembre",4,30,"Lunes",f
336,2015-12-02,2015,12,"Diciembre",4,1,"Martes",f
337,2015-12-03,2015,12,"Diciembre",4,2,"Miércoles",f
338,2015-12-04,2015,12,"Diciembre",4,3,"Jueves",f
339,2015-12-05,2015,12,"Diciembre",4,4,"Viernes",f
340,2015-12-06,2015,12,"Diciembre",4,5,"Sábado",t
341,2015-12-07,2015,12,"Diciembre",4,6,"Domingo",t
342,2015-12-08,2015,12,"Diciembre",4,7,"Lunes",f
343,2015-12-09,2015,12,"Diciembre",4,8,"Martes",f
344,2015-12-10,2015,12,"Diciembre",4,9,"Miércoles",f
345,2015-12-11,2015,12,"Diciembre",4,10,"Jueves",f
346,2015-12-12,2015,12,"Diciembre",4,11,"Viernes",f
347,2015-12-13,2015,12,"Diciembre",4,12,"Sábado",t
348,2015-12-14,2015,12,"Diciembre",4,13,"Domingo",t
349,2015-12-15,2015,12,"Diciembre",4,14,"Lunes",f
350,2015-12-16,2015,12,"Diciembre",4,15,"Martes",f
351,2015-12-17,2015,12,"Diciembre",4,16,"Miércoles",f
352,2015-12-18,2015,12,"Diciembre",4,17,"Jueves",f
353,2015-12-19,2015,12,"Diciembre",4,18,"Viernes",f
354,2015-12-20,2015,12,"Diciembre",4,19,"Sábado",t
355,2015-12-21,2015,12,"Diciembre",4,20,"Domingo",t
356,2015-12-22,2015,12,"Diciembre",4,21,"Lunes",f
357,2015-12-23,2015,12,"Diciembre",4,22,"Martes",f
358,2015-12-24,2015,12,"Diciembre",4,23,"Miércoles",f
359,2015-12-25,2015,12,"Diciembre",4,24,"Jueves",f
360,2015-12-26,2015,12,"Diciembre",4,25,"Viernes",f
361,2015-12-27,2015,12,"Diciembre",4,26,"Sábado",t
362,2015-12-28,2015,12,"Diciembre",4,27,"Domingo",t
363,2015-12-29,2015,12,"Diciembre",4,28,"Lunes",f
364,2015-12-30,2015,12,"Diciembre",4,29,"Martes",f
365,2015-12-31,2015,12,"Diciembre",4,30,"Miércoles",f
366,2016-01-01,2015,12,"Diciembre",4,31,"Jueves",f
367,2016-01-02,2016,1,"Enero",1,1,"Viernes",f
368,2016-01-03,2016,1,"Enero",1,2,"Sábado",t
369,2016-01-04,2016,1,"Enero",1,3,"Domingo",t
370,2016-01-05,2016,1,"Enero",1,4,"Lunes",f
371,2016-01-06,2016,1,"Enero",1,5,"Martes",f
372,2016-01-07,2016,1,"Enero",1,6,"Miércoles",f
373,2016-01-08,2016,1,"Enero",1,7,"Jueves",f
374,2016-01-09,2016,1,"Enero",1,8,"Viernes",f
375,2016-01-10,2016,1,"Enero",1,9,"Sábado",t
376,2016-01-11,2016,1,"Enero",1,10,"Domingo",t
377,2016-01-12,2016,1,"Enero",1,11,"Lunes",f
378,2016-01-13,2016,1,"Enero",1,12,"Martes",f
379,2016-01-14,2016,1,"Enero",1,13,"Miércoles",f
380,2016-01-15,2016,1,"Enero",1,14,"Jueves",f
381,2016-01-16,2016,1,"Enero",1,15,"Viernes",f
382,2016-01-17,2016,1,"Enero",1,16,"Sábado",t
383,2016-01-18,2016,1,"Enero",1,17,"Domingo",t
384,2016-01-19,2016,1,"Enero",1,18,"Lunes",f
385,2016-01-20,2016,1,"Enero",1,19,"Martes",f
386,2016-01-21,2016,1,"Enero",1,20,"Miércoles",f
387,2016-01-22,2016,1,"Enero",1,21,"Jueves",f
388,2016-01-23,2016,1,"Enero",1,22,"Viernes",f
389,2016-01-24,2016,1,"Enero",1,23,"Sábado",t
390,2016-01-25,2016,1,"Enero",1,24,"Domingo",t
391,2016-01-26,2016,1,"Enero",1,25,"Lunes",f
392,2016-01-27,2016,1,"Enero",1,26,"Martes",f
393,2016-01-28,2016,1,"Enero",1,27,"Miércoles",f
394,2016-01-29,2016,1,"Enero",1,28,"Jueves",f
395,2016-01-30,2016,1,"Enero",1,29,"Viernes",f
396,2016-01-31,2016,1,"Enero",1,30,"Sábado",t
397,2016-02-01,2016,1,"Enero",1,31,"Domingo",t
398,2016-02-02,2016,2,"Febrero",1,1,"Lunes",f
399,2016-02-03,2016,2,"Febrero",1,2,"Martes",f
400,2016-02-04,2016,2,"Febrero",1,3,"Miércoles",f
401,2016-02-05,2016,2,"Febrero",1,4,"Jueves",f
402,2016-02-06,2016,2,"Febrero",1,5,"Viernes",f
403,2016-02-07,2016,2,"Febrero",1,6,"Sábado",t
404,2016-02-08,2016,2,"Febrero",1,7,"Domingo",t
405,2016-02-09,2016,2,"Febrero",1,8,"Lunes",f
406,2016-02-10,2016,2,"Febrero",1,9,"Martes",f
407,2016-02-11,2016,2,"Febrero",1,10,"Miércoles",f
408,2016-02-12,2016,2,"Febrero",1,11,"Jueves",f
409,2016-02-13,2016,2,"Febrero",1,12,"Viernes",f
410,2016-02-14,2016,2,"Febrero",1,13,"Sábado",t
411,2016-02-15,2016,2,"Febrero",1,14,"Domingo",t
412,2016-02-16,2016,2,"Febrero",1,15,"Lunes",f
413,2016-02-17,2016,2,"Febrero",1,16,"Martes",f
414,2016-02-18,2016,2,"Febrero",1,17,"Miércoles",f
415,2016-02-19,2016,2,"Febrero",1,18,"Jueves",f
416,2016-02-20,2016,2,"Febrero",1,19,"Viernes",f
417,2016-02-21,2016,2,"Febrero",1,20,"Sábado",t
418,2016-02-22,2016,2,"Febrero",1,21,"Domingo",t
419,2016-02-23,2016,2,"Febrero",1,22,"Lunes",f
420,2016-02-24,2016,2,"Febrero",1,23,"Martes",f
421,2016-02-25,2016,2,"Febrero",1,24,"Miércoles",f
422,2016-02-26,2016,2,"Febrero",1,25,"Jueves",f
423,2016-02-27,2016,2,"Febrero",1,26,"Viernes",f
424,2016-02-28,2016,2,"Febrero",1,27,"Sábado",t
425,2016-02-29,2016,2,"Febrero",1,28,"Domingo",t
426,2016-03-01,2016,2,"Febrero",1,29,"Lunes",f
427,2016-03-02,2016,3,"Marzo",1,1,"Martes",f
428,2016-03-03,2016,3,"Marzo",1,2,"Miércoles",f
429,2016-03-04,2016,3,"Marzo",1,3,"Jueves",f
430,2016-03-05,2016,3,"Marzo",1,4,"Viernes",f
431,2016-03-06,2016,3,"Marzo",1,5,"Sábado",t
432,2016-03-07,2016,3,"Marzo",1,6,"Domingo",t
433,2016-03-08,2016,3,"Marzo",1,7,"Lunes",f
434,2016-03-09,2016,3,"Marzo",1,8,"Martes",f
435,2016-03-10,2016,3,"Marzo",1,9,"Miércoles",f
436,2016-03-11,2016,3,"Marzo",1,10,"Jueves",f
437,2016-03-12,2016,3,"Marzo",1,11,"Viernes",f
438,2016-03-13,2016,3,"Marzo",1,12,"Sábado",t
439,2016-03-14,2016,3,"Marzo",1,13,"Domingo",t
440,2016-03-15,2016,3,"Marzo",1,14,"Lunes",f
441,2016-03-16,2016,3,"Marzo",1,15,"Martes",f
442,2016-03-17,2016,3,"Marzo",1,16,"Miércoles",f
443,2016-03-18,2016,3,"Marzo",1,17,"Jueves",f
444,2016-03-19,2016,3,"Marzo",1,18,"Viernes",f
445,2016-03-20,2016,3,"Marzo",1,19,"Sábado",t
446,2016-03-21,2016,3,"Marzo",1,20,"Domingo",t
447,2016-03-22,2016,3,"Marzo",1,21,"Lunes",f
448,2016-03-23,2016,3,"Marzo",1,22,"Martes",f
449,2016-03-24,2016,3,"Marzo",1,23,"Miércoles",f
450,2016-03-25,2016,3,"Marzo",1,24,"Jueves",f
451,2016-03-26,2016,3,"Marzo",1,25,"Viernes",f
452,2016-03-27,2016,3,"Marzo",1,26,"Sábado",t
453,2016-03-28,2016,3,"Marzo",1,27,"Domingo",t
454,2016-03-29,2016,3,"Marzo",1,28,"Lunes",f
455,2016-03-30,2016,3,"Marzo",1,29,"Martes",f
456,2016-03-31,2016,3,"Marzo",1,30,"Miércoles",f
457,2016-04-01,2016,3,"Marzo",1,31,"Jueves",f
458,2016-04-02,2016,4,"Abril",2,1,"Viernes",f
459,2016-04-03,2016,4,"Abril",2,2,"Sábado",t
460,2016-04-04,2016,4,"Abril",2,3,"Domingo",t
461,2016-04-05,2016,4,"Abril",2,4,"Lunes",f
462,2016-04-06,2016,4,"Abril",2,5,"Martes",f
463,2016-04-07,2016,4,"Abril",2,6,"Miércoles",f
464,2016-04-08,2016,4,"Abril",2,7,"Jueves",f
465,2016-04-09,2016,4,"Abril",2,8,"Viernes",f
466,2016-04-10,2016,4,"Abril",2,9,"Sábado",t
467,2016-04-11,2016,4,"Abril",2,10,"Domingo",t
468,2016-04-12,2016,4,"Abril",2,11,"Lunes",f
469,2016-04-13,2016,4,"Abril",2,12,"Martes",f
470,2016-04-14,2016,4,"Abril",2,13,"Miércoles",f
471,2016-04-15,2016,4,"Abril",2,14,"Jueves",f
472,2016-04-16,2016,4,"Abril",2,15,"Viernes",f
473,2016-04-17,2016,4,"Abril",2,16,"Sábado",t
474,2016-04-18,2016,4,"Abril",2,17,"Domingo",t
475,2016-04-19,2016,4,"Abril",2,18,"Lunes",f
476,2016-04-20,2016,4,"Abril",2,19,"Martes",f
477,2016-04-21,2016,4,"Abril",2,20,"Miércoles",f
478,2016-04-22,2016,4,"Abril",2,21,"Jueves",f
479,2016-04-23,2016,4,"Abril",2,22,"Viernes",f
480,2016-04-24,2016,4,"Abril",2,23,"Sábado",t
481,2016-04-25,2016,4,"Abril",2,24,"Domingo",t
482,2016-04-26,2016,4,"Abril",2,25,"Lunes",f
483,2016-04-27,2016,4,"Abril",2,26,"Martes",f
484,2016-04-28,2016,4,"Abril",2,27,"Miércoles",f
485,2016-04-29,2016,4,"Abril",2,28,"Jueves",f
486,2016-04-30,2016,4,"Abril",2,29,"Viernes",f
487,2016-05-01,2016,4,"Abril",2,30,"Sábado",t
488,2016-05-02,2016,5,"Mayo",2,1,"Domingo",t
489,2016-05-03,2016,5,"Mayo",2,2,"Lunes",f
490,2016-05-04,2016,5,"Mayo",2,3,"Martes",f
491,2016-05-05,2016,5,"Mayo",2,4,"Miércoles",f
492,2016-05-06,2016,5,"Mayo",2,5,"Jueves",f
493,2016-05-07,2016,5,"Mayo",2,6,"Viernes",f
494,2016-05-08,2016,5,"Mayo",2,7,"Sábado",t
495,2016-05-09,2016,5,"Mayo",2,8,"Domingo",t
496,2016-05-10,2016,5,"Mayo",2,9,"Lunes",f
497,2016-05-11,2016,5,"Mayo",2,10,"Martes",f
498,2016-05-12,2016,5,"Mayo",2,11,"Miércoles",f
499,2016-05-13,2016,5,"Mayo",2,12,"Jueves",f
500,2016-05-14,2016,5,"Mayo",2,13,"Viernes",f
501,2016-05-15,2016,5,"Mayo",2,14,"Sábado",t
502,2016-05-16,2016,5,"Mayo",2,15,"Domingo",t
503,2016-05-17,2016,5,"Mayo",2,16,"Lunes",f
504,2016-05-18,2016,5,"Mayo",2,17,"Martes",f
505,2016-05-19,2016,5,"Mayo",2,18,"Miércoles",f
506,2016-05-20,2016,5,"Mayo",2,19,"Jueves",f
507,2016-05-21,2016,5,"Mayo",2,20,"Viernes",f
508,2016-05-22,2016,5,"Mayo",2,21,"Sábado",t
509,2016-05-23,2016,5,"Mayo",2,22,"Domingo",t
510,2016-05-24,2016,5,"Mayo",2,23,"Lunes",f
511,2016-05-25,2016,5,"Mayo",2,24,"Martes",f
512,2016-05-26,2016,5,"Mayo",2,25,"Miércoles",f
513,2016-05-27,2016,5,"Mayo",2,26,"Jueves",f
514,2016-05-28,2016,5,"Mayo",2,27,"Viernes",f
515,2016-05-29,2016,5,"Mayo",2,28,"Sábado",t
516,2016-05-30,2016,5,"Mayo",2,29,"Domingo",t
517,2016-05-31,2016,5,"Mayo",2,30,"Lunes",f
518,2016-06-01,2016,5,"Mayo",2,31,"Martes",f
519,2016-06-02,2016,6,"Junio",2,1,"Miércoles",f
520,2016-06-03,2016,6,"Junio",2,2,"Jueves",f
521,2016-06-04,2016,6,"Junio",2,3,"Viernes",f
522,2016-06-05,2016,6,"Junio",2,4,"Sábado",t
523,2016-06-06,2016,6,"Junio",2,5,"Domingo",t
524,2016-06-07,2016,6,"Junio",2,6,"Lunes",f
525,2016-06-08,2016,6,"Junio",2,7,"Martes",f
526,2016-06-09,2016,6,"Junio",2,8,"Miércoles",f
527,2016-06-10,2016,6,"Junio",2,9,"Jueves",f
528,2016-06-11,2016,6,"Junio",2,10,"Viernes",f
529,2016-06-12,2016,6,"Junio",2,11,"Sábado",t
530,2016-06-13,2016,6,"Junio",2,12,"Domingo",t
531,2016-06-14,2016,6,"Junio",2,13,"Lunes",f
532,2016-06-15,2016,6,"Junio",2,14,"Martes",f
533,2016-06-16,2016,6,"Junio",2,15,"Miércoles",f
534,2016-06-17,2016,6,"Junio",2,16,"Jueves",f
535,2016-06-18,2016,6,"Junio",2,17,"Viernes",f
536,2016-06-19,2016,6,"Junio",2,18,"Sábado",t
537,2016-06-20,2016,6,"Junio",2,19,"Domingo",t
538,2016-06-21,2016,6,"Junio",2,20,"Lunes",f
539,2016-06-22,2016,6,"Junio",2,21,"Martes",f
540,2016-06-23,2016,6,"Junio",2,22,"Miércoles",f
541,2016-06-24,2016,6,"Junio",2,23,"Jueves",f
542,2016-06-25,2016,6,"Junio",2,24,"Viernes",f
543,2016-06-26,2016,6,"Junio",2,25,"Sábado",t
544,2016-06-27,2016,6,"Junio",2,26,"Domingo",t
545,2016-06-28,2016,6,"Junio",2,27,"Lunes",f
546,2016-06-29,2016,6,"Junio",2,28,"Martes",f
547,2016-06-30,2016,6,"Junio",2,29,"Miércoles",f
548,2016-07-01,2016,6,"Junio",2,30,"Jueves",f
549,2016-07-02,2016,7,"Julio",3,1,"Viernes",f
550,2016-07-03,2016,7,"Julio",3,2,"Sábado",t
551,2016-07-04,2016,7,"Julio",3,3,"Domingo",t
552,2016-07-05,2016,7,"Julio",3,4,"Lunes",f
553,2016-07-06,2016,7,"Julio",3,5,"Martes",f
554,2016-07-07,2016,7,"Julio",3,6,"Miércoles",f
555,2016-07-08,2016,7,"Julio",3,7,"Jueves",f
556,2016-07-09,2016,7,"Julio",3,8,"Viernes",f
557,2016-07-10,2016,7,"Julio",3,9,"Sábado",t
558,2016-07-11,2016,7,"Julio",3,10,"Domingo",t
559,2016-07-12,2016,7,"Julio",3,11,"Lunes",f
560,2016-07-13,2016,7,"Julio",3,12,"Martes",f
561,2016-07-14,2016,7,"Julio",3,13,"Miércoles",f
562,2016-07-15,2016,7,"Julio",3,14,"Jueves",f
563,2016-07-16,2016,7,"Julio",3,15,"Viernes",f
564,2016-07-17,2016,7,"Julio",3,16,"Sábado",t
565,2016-07-18,2016,7,"Julio",3,17,"Domingo",t
566,2016-07-19,2016,7,"Julio",3,18,"Lunes",f
567,2016-07-20,2016,7,"Julio",3,19,"Martes",f
568,2016-07-21,2016,7,"Julio",3,20,"Miércoles",f
569,2016-07-22,2016,7,"Julio",3,21,"Jueves",f
570,2016-07-23,2016,7,"Julio",3,22,"Viernes",f
571,2016-07-24,2016,7,"Julio",3,23,"Sábado",t
572,2016-07-25,2016,7,"Julio",3,24,"Domingo",t
573,2016-07-26,2016,7,"Julio",3,25,"Lunes",f
574,2016-07-27,2016,7,"Julio",3,26,"Martes",f
575,2016-07-28,2016,7,"Julio",3,27,"Miércoles",f
576,2016-07-29,2016,7,"Julio",3,28,"Jueves",f
577,2016-07-30,2016,7,"Julio",3,29,"Viernes",f
578,2016-07-31,2016,7,"Julio",3,30,"Sábado",t
579,2016-08-01,2016,7,"Julio",3,31,"Domingo",t
580,2016-08-02,2016,8,"Agosto",3,1,"Lunes",f
581,2016-08-03,2016,8,"Agosto",3,2,"Martes",f
582,2016-08-04,2016,8,"Agosto",3,3,"Miércoles",f
583,2016-08-05,2016,8,"Agosto",3,4,"Jueves",f
584,2016-08-06,2016,8,"Agosto",3,5,"Viernes",f
585,2016-08-07,2016,8,"Agosto",3,6,"Sábado",t
586,2016-08-08,2016,8,"Agosto",3,7,"Domingo",t
587,2016-08-09,2016,8,"Agosto",3,8,"Lunes",f
588,2016-08-10,2016,8,"Agosto",3,9,"Martes",f
589,2016-08-11,2016,8,"Agosto",3,10,"Miércoles",f
590,2016-08-12,2016,8,"Agosto",3,11,"Jueves",f
591,2016-08-13,2016,8,"Agosto",3,12,"Viernes",f
592,2016-08-14,2016,8,"Agosto",3,13,"Sábado",t
593,2016-08-15,2016,8,"Agosto",3,14,"Domingo",t
594,2016-08-16,2016,8,"Agosto",3,15,"Lunes",f
595,2016-08-17,2016,8,"Agosto",3,16,"Martes",f
596,2016-08-18,2016,8,"Agosto",3,17,"Miércoles",f
597,2016-08-19,2016,8,"Agosto",3,18,"Jueves",f
598,2016-08-20,2016,8,"Agosto",3,19,"Viernes",f
599,2016-08-21,2016,8,"Agosto",3,20,"Sábado",t
600,2016-08-22,2016,8,"Agosto",3,21,"Domingo",t
601,2016-08-23,2016,8,"Agosto",3,22,"Lunes",f
602,2016-08-24,2016,8,"Agosto",3,23,"Martes",f
603,2016-08-25,2016,8,"Agosto",3,24,"Miércoles",f
604,2016-08-26,2016,8,"Agosto",3,25,"Jueves",f
605,2016-08-27,2016,8,"Agosto",3,26,"Viernes",f
606,2016-08-28,2016,8,"Agosto",3,27,"Sábado",t
607,2016-08-29,2016,8,"Agosto",3,28,"Domingo",t
608,2016-08-30,2016,8,"Agosto",3,29,"Lunes",f
609,2016-08-31,2016,8,"Agosto",3,30,"Martes",f
610,2016-09-01,2016,8,"Agosto",3,31,"Miércoles",f
611,2016-09-02,2016,9,"Septiembre",3,1,"Jueves",f
612,2016-09-03,2016,9,"Septiembre",3,2,"Viernes",f
613,2016-09-04,2016,9,"Septiembre",3,3,"Sábado",t
614,2016-09-05,2016,9,"Septiembre",3,4,"Domingo",t
615,2016-09-06,2016,9,"Septiembre",3,5,"Lunes",f
616,2016-09-07,2016,9,"Septiembre",3,6,"Martes",f
617,2016-09-08,2016,9,"Septiembre",3,7,"Miércoles",f
618,2016-09-09,2016,9,"Septiembre",3,8,"Jueves",f
619,2016-09-10,2016,9,"Septiembre",3,9,"Viernes",f
620,2016-09-11,2016,9,"Septiembre",3,10,"Sábado",t
621,2016-09-12,2016,9,"Septiembre",3,11,"Domingo",t
622,2016-09-13,2016,9,"Septiembre",3,12,"Lunes",f
623,2016-09-14,2016,9,"Septiembre",3,13,"Martes",f
624,2016-09-15,2016,9,"Septiembre",3,14,"Miércoles",f
625,2016-09-16,2016,9,"Septiembre",3,15,"Jueves",f
626,2016-09-17,2016,9,"Septiembre",3,16,"Viernes",f
627,2016-09-18,2016,9,"Septiembre",3,17,"Sábado",t
628,2016-09-19,2016,9,"Septiembre",3,18,"Domingo",t
629,2016-09-20,2016,9,"Septiembre",3,19,"Lunes",f
630,2016-09-21,2016,9,"Septiembre",3,20,"Martes",f
631,2016-09-22,2016,9,"Septiembre",3,21,"Miércoles",f
632,2016-09-23,2016,9,"Septiembre",3,22,"Jueves",f
633,2016-09-24,2016,9,"Septiembre",3,23,"Viernes",f
634,2016-09-25,2016,9,"Septiembre",3,24,"Sábado",t
635,2016-09-26,2016,9,"Septiembre",3,25,"Domingo",t
636,2016-09-27,2016,9,"Septiembre",3,26,"Lunes",f
637,2016-09-28,2016,9,"Septiembre",3,27,"Martes",f
638,2016-09-29,2016,9,"Septiembre",3,28,"Miércoles",f
639,2016-09-30,2016,9,"Septiembre",3,29,"Jueves",f
640,2016-10-01,2016,9,"Septiembre",3,30,"Viernes",f
641,2016-10-02,2016,10,"Octubre",4,1,"Sábado",t
642,2016-10-03,2016,10,"Octubre",4,2,"Domingo",t
643,2016-10-04,2016,10,"Octubre",4,3,"Lunes",f
644,2016-10-05,2016,10,"Octubre",4,4,"Martes",f
645,2016-10-06,2016,10,"Octubre",4,5,"Miércoles",f
646,2016-10-07,2016,10,"Octubre",4,6,"Jueves",f
647,2016-10-08,2016,10,"Octubre",4,7,"Viernes",f
648,2016-10-09,2016,10,"Octubre",4,8,"Sábado",t
649,2016-10-10,2016,10,"Octubre",4,9,"Domingo",t
650,2016-10-11,2016,10,"Octubre",4,10,"Lunes",f
651,2016-10-12,2016,10,"Octubre",4,11,"Martes",f
652,2016-10-13,2016,10,"Octubre",4,12,"Miércoles",f
653,2016-10-14,2016,10,"Octubre",4,13,"Jueves",f
654,2016-10-15,2016,10,"Octubre",4,14,"Viernes",f
655,2016-10-16,2016,10,"Octubre",4,15,"Sábado",t
656,2016-10-17,2016,10,"Octubre",4,16,"Domingo",t
657,2016-10-18,2016,10,"Octubre",4,17,"Lunes",f
658,2016-10-19,2016,10,"Octubre",4,18,"Martes",f
659,2016-10-20,2016,10,"Octubre",4,19,"Miércoles",f
660,2016-10-21,2016,10,"Octubre",4,20,"Jueves",f
661,2016-10-22,2016,10,"Octubre",4,21,"Viernes",f
662,2016-10-23,2016,10,"Octubre",4,22,"Sábado",t
663,2016-10-24,2016,10,"Octubre",4,23,"Domingo",t
664,2016-10-25,2016,10,"Octubre",4,24,"Lunes",f
665,2016-10-26,2016,10,"Octubre",4,25,"Martes",f
666,2016-10-27,2016,10,"Octubre",4,26,"Miércoles",f
667,2016-10-28,2016,10,"Octubre",4,27,"Jueves",f
668,2016-10-29,2016,10,"Octubre",4,28,"Viernes",f
669,2016-10-30,2016,10,"Octubre",4,29,"Sábado",t
670,2016-10-31,2016,10,"Octubre",4,30,"Domingo",t
671,2016-11-01,2016,10,"Octubre",4,31,"Lunes",f
672,2016-11-02,2016,11,"Noviembre",4,1,"Martes",f
673,2016-11-03,2016,11,"Noviembre",4,2,"Miércoles",f
674,2016-11-04,2016,11,"Noviembre",4,3,"Jueves",f
675,2016-11-05,2016,11,"Noviembre",4,4,"Viernes",f
676,2016-11-06,2016,11,"Noviembre",4,5,"Sábado",t
677,2016-11-07,2016,11,"Noviembre",4,6,"Domingo",t
678,2016-11-08,2016,11,"Noviembre",4,7,"Lunes",f
679,2016-11-09,2016,11,"Noviembre",4,8,"Martes",f
680,2016-11-10,2016,11,"Noviembre",4,9,"Miércoles",f
681,2016-11-11,2016,11,"Noviembre",4,10,"Jueves",f
682,2016-11-12,2016,11,"Noviembre",4,11,"Viernes",f
683,2016-11-13,2016,11,"Noviembre",4,12,"Sábado",t
684,2016-11-14,2016,11,"Noviembre",4,13,"Domingo",t
685,2016-11-15,2016,11,"Noviembre",4,14,"Lunes",f
686,2016-11-16,2016,11,"Noviembre",4,15,"Martes",f
687,2016-11-17,2016,11,"Noviembre",4,16,"Miércoles",f
688,2016-11-18,2016,11,"Noviembre",4,17,"Jueves",f
689,2016-11-19,2016,11,"Noviembre",4,18,"Viernes",f
690,2016-11-20,2016,11,"Noviembre",4,19,"Sábado",t
691,2016-11-21,2016,11,"Noviembre",4,20,"Domingo",t
692,2016-11-22,2016,11,"Noviembre",4,21,"Lunes",f
693,2016-11-23,2016,11,"Noviembre",4,22,"Martes",f
694,2016-11-24,2016,11,"Noviembre",4,23,"Miércoles",f
695,2016-11-25,2016,11,"Noviembre",4,24,"Jueves",f
696,2016-11-26,2016,11,"Noviembre",4,25,"Viernes",f
697,2016-11-27,2016,11,"Noviembre",4,26,"Sábado",t
698,2016-11-28,2016,11,"Noviembre",4,27,"Domingo",t
699,2016-11-29,2016,11,"Noviembre",4,28,"Lunes",f
700,2016-11-30,2016,11,"Noviembre",4,29,"Martes",f
701,2016-12-01,2016,11,"Noviembre",4,30,"Miércoles",f
702,2016-12-02,2016,12,"Diciembre",4,1,"Jueves",f
703,2016-12-03,2016,12,"Diciembre",4,2,"Viernes",f
704,2016-12-04,2016,12,"Diciembre",4,3,"Sábado",t
705,2016-12-05,2016,12,"Diciembre",4,4,"Domingo",t
706,2016-12-06,2016,12,"Diciembre",4,5,"Lunes",f
707,2016-12-07,2016,12,"Diciembre",4,6,"Martes",f
708,2016-12-08,2016,12,"Diciembre",4,7,"Miércoles",f
709,2016-12-09,2016,12,"Diciembre",4,8,"Jueves",f
710,2016-12-10,2016,12,"Diciembre",4,9,"Viernes",f
711,2016-12-11,2016,12,"Diciembre",4,10,"Sábado",t
712,2016-12-12,2016,12,"Diciembre",4,11,"Domingo",t
713,2016-12-13,2016,12,"Diciembre",4,12,"Lunes",f
714,2016-12-14,2016,12,"Diciembre",4,13,"Martes",f
715,2016-12-15,2016,12,"Diciembre",4,14,"Miércoles",f
716,2016-12-16,2016,12,"Diciembre",4,15,"Jueves",f
717,2016-12-17,2016,12,"Diciembre",4,16,"Viernes",f
718,2016-12-18,2016,12,"Diciembre",4,17,"Sábado",t
719,2016-12-19,2016,12,"Diciembre",4,18,"Domingo",t
720,2016-12-20,2016,12,"Diciembre",4,19,"Lunes",f
721,2016-12-21,2016,12,"Diciembre",4,20,"Martes",f
722,2016-12-22,2016,12,"Diciembre",4,21,"Miércoles",f
723,2016-12-23,2016,12,"Diciembre",4,22,"Jueves",f
724,2016-12-24,2016,12,"Diciembre",4,23,"Viernes",f
725,2016-12-25,2016,12,"Diciembre",4,24,"Sábado",t
726,2016-12-26,2016,12,"Diciembre",4,25,"Domingo",t
727,2016-12-27,2016,12,"Diciembre",4,26,"Lunes",f
728,2016-12-28,2016,12,"Diciembre",4,27,"Martes",f
729,2016-12-29,2016,12,"Diciembre",4,28,"Miércoles",f
730,2016-12-30,2016,12,"Diciembre",4,29,"Jueves",f
731,2016-12-31,2016,12,"Diciembre",4,30,"Viernes",f
732,2017-01-01,2016,12,"Diciembre",4,31,"Sábado",t
733,2017-01-02,2017,1,"Enero",1,1,"Domingo",t
734,2017-01-03,2017,1,"Enero",1,2,"Lunes",f
735,2017-01-04,2017,1,"Enero",1,3,"Martes",f
736,2017-01-05,2017,1,"Enero",1,4,"Miércoles",f
737,2017-01-06,2017,1,"Enero",1,5,"Jueves",f
738,2017-01-07,2017,1,"Enero",1,6,"Viernes",f
739,2017-01-08,2017,1,"Enero",1,7,"Sábado",t
740,2017-01-09,2017,1,"Enero",1,8,"Domingo",t
741,2017-01-10,2017,1,"Enero",1,9,"Lunes",f
742,2017-01-11,2017,1,"Enero",1,10,"Martes",f
743,2017-01-12,2017,1,"Enero",1,11,"Miércoles",f
744,2017-01-13,2017,1,"Enero",1,12,"Jueves",f
745,2017-01-14,2017,1,"Enero",1,13,"Viernes",f
746,2017-01-15,2017,1,"Enero",1,14,"Sábado",t
747,2017-01-16,2017,1,"Enero",1,15,"Domingo",t
748,2017-01-17,2017,1,"Enero",1,16,"Lunes",f
749,2017-01-18,2017,1,"Enero",1,17,"Martes",f
750,2017-01-19,2017,1,"Enero",1,18,"Miércoles",f
751,2017-01-20,2017,1,"Enero",1,19,"Jueves",f
752,2017-01-21,2017,1,"Enero",1,20,"Viernes",f
753,2017-01-22,2017,1,"Enero",1,21,"Sábado",t
754,2017-01-23,2017,1,"Enero",1,22,"Domingo",t
755,2017-01-24,2017,1,"Enero",1,23,"Lunes",f
756,2017-01-25,2017,1,"Enero",1,24,"Martes",f
757,2017-01-26,2017,1,"Enero",1,25,"Miércoles",f
758,2017-01-27,2017,1,"Enero",1,26,"Jueves",f
759,2017-01-28,2017,1,"Enero",1,27,"Viernes",f
760,2017-01-29,2017,1,"Enero",1,28,"Sábado",t
761,2017-01-30,2017,1,"Enero",1,29,"Domingo",t
762,2017-01-31,2017,1,"Enero",1,30,"Lunes",f
763,2017-02-01,2017,1,"Enero",1,31,"Martes",f
764,2017-02-02,2017,2,"Febrero",1,1,"Miércoles",f
765,2017-02-03,2017,2,"Febrero",1,2,"Jueves",f
766,2017-02-04,2017,2,"Febrero",1,3,"Viernes",f
767,2017-02-05,2017,2,"Febrero",1,4,"Sábado",t
768,2017-02-06,2017,2,"Febrero",1,5,"Domingo",t
769,2017-02-07,2017,2,"Febrero",1,6,"Lunes",f
770,2017-02-08,2017,2,"Febrero",1,7,"Martes",f
771,2017-02-09,2017,2,"Febrero",1,8,"Miércoles",f
772,2017-02-10,2017,2,"Febrero",1,9,"Jueves",f
773,2017-02-11,2017,2,"Febrero",1,10,"Viernes",f
774,2017-02-12,2017,2,"Febrero",1,11,"Sábado",t
775,2017-02-13,2017,2,"Febrero",1,12,"Domingo",t
776,2017-02-14,2017,2,"Febrero",1,13,"Lunes",f
777,2017-02-15,2017,2,"Febrero",1,14,"Martes",f
778,2017-02-16,2017,2,"Febrero",1,15,"Miércoles",f
779,2017-02-17,2017,2,"Febrero",1,16,"Jueves",f
780,2017-02-18,2017,2,"Febrero",1,17,"Viernes",f
781,2017-02-19,2017,2,"Febrero",1,18,"Sábado",t
782,2017-02-20,2017,2,"Febrero",1,19,"Domingo",t
783,2017-02-21,2017,2,"Febrero",1,20,"Lunes",f
784,2017-02-22,2017,2,"Febrero",1,21,"Martes",f
785,2017-02-23,2017,2,"Febrero",1,22,"Miércoles",f
786,2017-02-24,2017,2,"Febrero",1,23,"Jueves",f
787,2017-02-25,2017,2,"Febrero",1,24,"Viernes",f
788,2017-02-26,2017,2,"Febrero",1,25,"Sábado",t
789,2017-02-27,2017,2,"Febrero",1,26,"Domingo",t
790,2017-02-28,2017,2,"Febrero",1,27,"Lunes",f
791,2017-03-01,2017,2,"Febrero",1,28,"Martes",f
792,2017-03-02,2017,3,"Marzo",1,1,"Miércoles",f
793,2017-03-03,2017,3,"Marzo",1,2,"Jueves",f
794,2017-03-04,2017,3,"Marzo",1,3,"Viernes",f
795,2017-03-05,2017,3,"Marzo",1,4,"Sábado",t
796,2017-03-06,2017,3,"Marzo",1,5,"Domingo",t
797,2017-03-07,2017,3,"Marzo",1,6,"Lunes",f
798,2017-03-08,2017,3,"Marzo",1,7,"Martes",f
799,2017-03-09,2017,3,"Marzo",1,8,"Miércoles",f
800,2017-03-10,2017,3,"Marzo",1,9,"Jueves",f
801,2017-03-11,2017,3,"Marzo",1,10,"Viernes",f
802,2017-03-12,2017,3,"Marzo",1,11,"Sábado",t
803,2017-03-13,2017,3,"Marzo",1,12,"Domingo",t
804,2017-03-14,2017,3,"Marzo",1,13,"Lunes",f
805,2017-03-15,2017,3,"Marzo",1,14,"Martes",f
806,2017-03-16,2017,3,"Marzo",1,15,"Miércoles",f
807,2017-03-17,2017,3,"Marzo",1,16,"Jueves",f
808,2017-03-18,2017,3,"Marzo",1,17,"Viernes",f
809,2017-03-19,2017,3,"Marzo",1,18,"Sábado",t
810,2017-03-20,2017,3,"Marzo",1,19,"Domingo",t
811,2017-03-21,2017,3,"Marzo",1,20,"Lunes",f
812,2017-03-22,2017,3,"Marzo",1,21,"Martes",f
813,2017-03-23,2017,3,"Marzo",1,22,"Miércoles",f
814,2017-03-24,2017,3,"Marzo",1,23,"Jueves",f
815,2017-03-25,2017,3,"Marzo",1,24,"Viernes",f
816,2017-03-26,2017,3,"Marzo",1,25,"Sábado",t
817,2017-03-27,2017,3,"Marzo",1,26,"Domingo",t
818,2017-03-28,2017,3,"Marzo",1,27,"Lunes",f
819,2017-03-29,2017,3,"Marzo",1,28,"Martes",f
820,2017-03-30,2017,3,"Marzo",1,29,"Miércoles",f
821,2017-03-31,2017,3,"Marzo",1,30,"Jueves",f
822,2017-04-01,2017,3,"Marzo",1,31,"Viernes",f
823,2017-04-02,2017,4,"Abril",2,1,"Sábado",t
824,2017-04-03,2017,4,"Abril",2,2,"Domingo",t
825,2017-04-04,2017,4,"Abril",2,3,"Lunes",f
826,2017-04-05,2017,4,"Abril",2,4,"Martes",f
827,2017-04-06,2017,4,"Abril",2,5,"Miércoles",f
828,2017-04-07,2017,4,"Abril",2,6,"Jueves",f
829,2017-04-08,2017,4,"Abril",2,7,"Viernes",f
830,2017-04-09,2017,4,"Abril",2,8,"Sábado",t
831,2017-04-10,2017,4,"Abril",2,9,"Domingo",t
832,2017-04-11,2017,4,"Abril",2,10,"Lunes",f
833,2017-04-12,2017,4,"Abril",2,11,"Martes",f
834,2017-04-13,2017,4,"Abril",2,12,"Miércoles",f
835,2017-04-14,2017,4,"Abril",2,13,"Jueves",f
836,2017-04-15,2017,4,"Abril",2,14,"Viernes",f
837,2017-04-16,2017,4,"Abril",2,15,"Sábado",t
838,2017-04-17,2017,4,"Abril",2,16,"Domingo",t
839,2017-04-18,2017,4,"Abril",2,17,"Lunes",f
840,2017-04-19,2017,4,"Abril",2,18,"Martes",f
841,2017-04-20,2017,4,"Abril",2,19,"Miércoles",f
842,2017-04-21,2017,4,"Abril",2,20,"Jueves",f
843,2017-04-22,2017,4,"Abril",2,21,"Viernes",f
844,2017-04-23,2017,4,"Abril",2,22,"Sábado",t
845,2017-04-24,2017,4,"Abril",2,23,"Domingo",t
846,2017-04-25,2017,4,"Abril",2,24,"Lunes",f
847,2017-04-26,2017,4,"Abril",2,25,"Martes",f
848,2017-04-27,2017,4,"Abril",2,26,"Miércoles",f
849,2017-04-28,2017,4,"Abril",2,27,"Jueves",f
850,2017-04-29,2017,4,"Abril",2,28,"Viernes",f
851,2017-04-30,2017,4,"Abril",2,29,"Sábado",t
852,2017-05-01,2017,4,"Abril",2,30,"Domingo",t
853,2017-05-02,2017,5,"Mayo",2,1,"Lunes",f
854,2017-05-03,2017,5,"Mayo",2,2,"Martes",f
855,2017-05-04,2017,5,"Mayo",2,3,"Miércoles",f
856,2017-05-05,2017,5,"Mayo",2,4,"Jueves",f
857,2017-05-06,2017,5,"Mayo",2,5,"Viernes",f
858,2017-05-07,2017,5,"Mayo",2,6,"Sábado",t
859,2017-05-08,2017,5,"Mayo",2,7,"Domingo",t
860,2017-05-09,2017,5,"Mayo",2,8,"Lunes",f
861,2017-05-10,2017,5,"Mayo",2,9,"Martes",f
862,2017-05-11,2017,5,"Mayo",2,10,"Miércoles",f
863,2017-05-12,2017,5,"Mayo",2,11,"Jueves",f
864,2017-05-13,2017,5,"Mayo",2,12,"Viernes",f
865,2017-05-14,2017,5,"Mayo",2,13,"Sábado",t
866,2017-05-15,2017,5,"Mayo",2,14,"Domingo",t
867,2017-05-16,2017,5,"Mayo",2,15,"Lunes",f
868,2017-05-17,2017,5,"Mayo",2,16,"Martes",f
869,2017-05-18,2017,5,"Mayo",2,17,"Miércoles",f
870,2017-05-19,2017,5,"Mayo",2,18,"Jueves",f
871,2017-05-20,2017,5,"Mayo",2,19,"Viernes",f
872,2017-05-21,2017,5,"Mayo",2,20,"Sábado",t
873,2017-05-22,2017,5,"Mayo",2,21,"Domingo",t
874,2017-05-23,2017,5,"Mayo",2,22,"Lunes",f
875,2017-05-24,2017,5,"Mayo",2,23,"Martes",f
876,2017-05-25,2017,5,"Mayo",2,24,"Miércoles",f
877,2017-05-26,2017,5,"Mayo",2,25,"Jueves",f
878,2017-05-27,2017,5,"Mayo",2,26,"Viernes",f
879,2017-05-28,2017,5,"Mayo",2,27,"Sábado",t
880,2017-05-29,2017,5,"Mayo",2,28,"Domingo",t
881,2017-05-30,2017,5,"Mayo",2,29,"Lunes",f
882,2017-05-31,2017,5,"Mayo",2,30,"Martes",f
883,2017-06-01,2017,5,"Mayo",2,31,"Miércoles",f
884,2017-06-02,2017,6,"Junio",2,1,"Jueves",f
885,2017-06-03,2017,6,"Junio",2,2,"Viernes",f
886,2017-06-04,2017,6,"Junio",2,3,"Sábado",t
887,2017-06-05,2017,6,"Junio",2,4,"Domingo",t
888,2017-06-06,2017,6,"Junio",2,5,"Lunes",f
889,2017-06-07,2017,6,"Junio",2,6,"Martes",f
890,2017-06-08,2017,6,"Junio",2,7,"Miércoles",f
891,2017-06-09,2017,6,"Junio",2,8,"Jueves",f
892,2017-06-10,2017,6,"Junio",2,9,"Viernes",f
893,2017-06-11,2017,6,"Junio",2,10,"Sábado",t
894,2017-06-12,2017,6,"Junio",2,11,"Domingo",t
895,2017-06-13,2017,6,"Junio",2,12,"Lunes",f
896,2017-06-14,2017,6,"Junio",2,13,"Martes",f
897,2017-06-15,2017,6,"Junio",2,14,"Miércoles",f
898,2017-06-16,2017,6,"Junio",2,15,"Jueves",f
899,2017-06-17,2017,6,"Junio",2,16,"Viernes",f
900,2017-06-18,2017,6,"Junio",2,17,"Sábado",t
901,2017-06-19,2017,6,"Junio",2,18,"Domingo",t
902,2017-06-20,2017,6,"Junio",2,19,"Lunes",f
903,2017-06-21,2017,6,"Junio",2,20,"Martes",f
904,2017-06-22,2017,6,"Junio",2,21,"Miércoles",f
905,2017-06-23,2017,6,"Junio",2,22,"Jueves",f
906,2017-06-24,2017,6,"Junio",2,23,"Viernes",f
907,2017-06-25,2017,6,"Junio",2,24,"Sábado",t
908,2017-06-26,2017,6,"Junio",2,25,"Domingo",t
909,2017-06-27,2017,6,"Junio",2,26,"Lunes",f
910,2017-06-28,2017,6,"Junio",2,27,"Martes",f
911,2017-06-29,2017,6,"Junio",2,28,"Miércoles",f
912,2017-06-30,2017,6,"Junio",2,29,"Jueves",f
913,2017-07-01,2017,6,"Junio",2,30,"Viernes",f
914,2017-07-02,2017,7,"Julio",3,1,"Sábado",t
915,2017-07-03,2017,7,"Julio",3,2,"Domingo",t
916,2017-07-04,2017,7,"Julio",3,3,"Lunes",f
917,2017-07-05,2017,7,"Julio",3,4,"Martes",f
918,2017-07-06,2017,7,"Julio",3,5,"Miércoles",f
919,2017-07-07,2017,7,"Julio",3,6,"Jueves",f
920,2017-07-08,2017,7,"Julio",3,7,"Viernes",f
921,2017-07-09,2017,7,"Julio",3,8,"Sábado",t
922,2017-07-10,2017,7,"Julio",3,9,"Domingo",t
923,2017-07-11,2017,7,"Julio",3,10,"Lunes",f
924,2017-07-12,2017,7,"Julio",3,11,"Martes",f
925,2017-07-13,2017,7,"Julio",3,12,"Miércoles",f
926,2017-07-14,2017,7,"Julio",3,13,"Jueves",f
927,2017-07-15,2017,7,"Julio",3,14,"Viernes",f
928,2017-07-16,2017,7,"Julio",3,15,"Sábado",t
929,2017-07-17,2017,7,"Julio",3,16,"Domingo",t
930,2017-07-18,2017,7,"Julio",3,17,"Lunes",f
931,2017-07-19,2017,7,"Julio",3,18,"Martes",f
932,2017-07-20,2017,7,"Julio",3,19,"Miércoles",f
933,2017-07-21,2017,7,"Julio",3,20,"Jueves",f
934,2017-07-22,2017,7,"Julio",3,21,"Viernes",f
935,2017-07-23,2017,7,"Julio",3,22,"Sábado",t
936,2017-07-24,2017,7,"Julio",3,23,"Domingo",t
937,2017-07-25,2017,7,"Julio",3,24,"Lunes",f
938,2017-07-26,2017,7,"Julio",3,25,"Martes",f
939,2017-07-27,2017,7,"Julio",3,26,"Miércoles",f
940,2017-07-28,2017,7,"Julio",3,27,"Jueves",f
941,2017-07-29,2017,7,"Julio",3,28,"Viernes",f
942,2017-07-30,2017,7,"Julio",3,29,"Sábado",t
943,2017-07-31,2017,7,"Julio",3,30,"Domingo",t
944,2017-08-01,2017,7,"Julio",3,31,"Lunes",f
945,2017-08-02,2017,8,"Agosto",3,1,"Martes",f
946,2017-08-03,2017,8,"Agosto",3,2,"Miércoles",f
947,2017-08-04,2017,8,"Agosto",3,3,"Jueves",f
948,2017-08-05,2017,8,"Agosto",3,4,"Viernes",f
949,2017-08-06,2017,8,"Agosto",3,5,"Sábado",t
950,2017-08-07,2017,8,"Agosto",3,6,"Domingo",t
951,2017-08-08,2017,8,"Agosto",3,7,"Lunes",f
952,2017-08-09,2017,8,"Agosto",3,8,"Martes",f
953,2017-08-10,2017,8,"Agosto",3,9,"Miércoles",f
954,2017-08-11,2017,8,"Agosto",3,10,"Jueves",f
955,2017-08-12,2017,8,"Agosto",3,11,"Viernes",f
956,2017-08-13,2017,8,"Agosto",3,12,"Sábado",t
957,2017-08-14,2017,8,"Agosto",3,13,"Domingo",t
958,2017-08-15,2017,8,"Agosto",3,14,"Lunes",f
959,2017-08-16,2017,8,"Agosto",3,15,"Martes",f
960,2017-08-17,2017,8,"Agosto",3,16,"Miércoles",f
961,2017-08-18,2017,8,"Agosto",3,17,"Jueves",f
962,2017-08-19,2017,8,"Agosto",3,18,"Viernes",f
963,2017-08-20,2017,8,"Agosto",3,19,"Sábado",t
964,2017-08-21,2017,8,"Agosto",3,20,"Domingo",t
965,2017-08-22,2017,8,"Agosto",3,21,"Lunes",f
966,2017-08-23,2017,8,"Agosto",3,22,"Martes",f
967,2017-08-24,2017,8,"Agosto",3,23,"Miércoles",f
968,2017-08-25,2017,8,"Agosto",3,24,"Jueves",f
969,2017-08-26,2017,8,"Agosto",3,25,"Viernes",f
970,2017-08-27,2017,8,"Agosto",3,26,"Sábado",t
971,2017-08-28,2017,8,"Agosto",3,27,"Domingo",t
972,2017-08-29,2017,8,"Agosto",3,28,"Lunes",f
973,2017-08-30,2017,8,"Agosto",3,29,"Martes",f
974,2017-08-31,2017,8,"Agosto",3,30,"Miércoles",f
975,2017-09-01,2017,8,"Agosto",3,31,"Jueves",f
976,2017-09-02,2017,9,"Septiembre",3,1,"Viernes",f
977,2017-09-03,2017,9,"Septiembre",3,2,"Sábado",t
978,2017-09-04,2017,9,"Septiembre",3,3,"Domingo",t
979,2017-09-05,2017,9,"Septiembre",3,4,"Lunes",f
980,2017-09-06,2017,9,"Septiembre",3,5,"Martes",f
981,2017-09-07,2017,9,"Septiembre",3,6,"Miércoles",f
982,2017-09-08,2017,9,"Septiembre",3,7,"Jueves",f
983,2017-09-09,2017,9,"Septiembre",3,8,"Viernes",f
984,2017-09-10,2017,9,"Septiembre",3,9,"Sábado",t
985,2017-09-11,2017,9,"Septiembre",3,10,"Domingo",t
986,2017-09-12,2017,9,"Septiembre",3,11,"Lunes",f
987,2017-09-13,2017,9,"Septiembre",3,12,"Martes",f
988,2017-09-14,2017,9,"Septiembre",3,13,"Miércoles",f
989,2017-09-15,2017,9,"Septiembre",3,14,"Jueves",f
990,2017-09-16,2017,9,"Septiembre",3,15,"Viernes",f
991,2017-09-17,2017,9,"Septiembre",3,16,"Sábado",t
992,2017-09-18,2017,9,"Septiembre",3,17,"Domingo",t
993,2017-09-19,2017,9,"Septiembre",3,18,"Lunes",f
994,2017-09-20,2017,9,"Septiembre",3,19,"Martes",f
995,2017-09-21,2017,9,"Septiembre",3,20,"Miércoles",f
996,2017-09-22,2017,9,"Septiembre",3,21,"Jueves",f
997,2017-09-23,2017,9,"Septiembre",3,22,"Viernes",f
998,2017-09-24,2017,9,"Septiembre",3,23,"Sábado",t
999,2017-09-25,2017,9,"Septiembre",3,24,"Domingo",t
1000,2017-09-26,2017,9,"Septiembre",3,25,"Lunes",f
1001,2017-09-27,2017,9,"Septiembre",3,26,"Martes",f
1002,2017-09-28,2017,9,"Septiembre",3,27,"Miércoles",f
1003,2017-09-29,2017,9,"Septiembre",3,28,"Jueves",f
1004,2017-09-30,2017,9,"Septiembre",3,29,"Viernes",f
1005,2017-10-01,2017,9,"Septiembre",3,30,"Sábado",t
1006,2017-10-02,2017,10,"Octubre",4,1,"Domingo",t
1007,2017-10-03,2017,10,"Octubre",4,2,"Lunes",f
1008,2017-10-04,2017,10,"Octubre",4,3,"Martes",f
1009,2017-10-05,2017,10,"Octubre",4,4,"Miércoles",f
1010,2017-10-06,2017,10,"Octubre",4,5,"Jueves",f
1011,2017-10-07,2017,10,"Octubre",4,6,"Viernes",f
1012,2017-10-08,2017,10,"Octubre",4,7,"Sábado",t
1013,2017-10-09,2017,10,"Octubre",4,8,"Domingo",t
1014,2017-10-10,2017,10,"Octubre",4,9,"Lunes",f
1015,2017-10-11,2017,10,"Octubre",4,10,"Martes",f
1016,2017-10-12,2017,10,"Octubre",4,11,"Miércoles",f
1017,2017-10-13,2017,10,"Octubre",4,12,"Jueves",f
1018,2017-10-14,2017,10,"Octubre",4,13,"Viernes",f
1019,2017-10-15,2017,10,"Octubre",4,14,"Sábado",t
1020,2017-10-16,2017,10,"Octubre",4,15,"Domingo",t
1021,2017-10-17,2017,10,"Octubre",4,16,"Lunes",f
1022,2017-10-18,2017,10,"Octubre",4,17,"Martes",f
1023,2017-10-19,2017,10,"Octubre",4,18,"Miércoles",f
1024,2017-10-20,2017,10,"Octubre",4,19,"Jueves",f
1025,2017-10-21,2017,10,"Octubre",4,20,"Viernes",f
1026,2017-10-22,2017,10,"Octubre",4,21,"Sábado",t
1027,2017-10-23,2017,10,"Octubre",4,22,"Domingo",t
1028,2017-10-24,2017,10,"Octubre",4,23,"Lunes",f
1029,2017-10-25,2017,10,"Octubre",4,24,"Martes",f
1030,2017-10-26,2017,10,"Octubre",4,25,"Miércoles",f
1031,2017-10-27,2017,10,"Octubre",4,26,"Jueves",f
1032,2017-10-28,2017,10,"Octubre",4,27,"Viernes",f
1033,2017-10-29,2017,10,"Octubre",4,28,"Sábado",t
1034,2017-10-30,2017,10,"Octubre",4,29,"Domingo",t
1035,2017-10-31,2017,10,"Octubre",4,30,"Lunes",f
1036,2017-11-01,2017,10,"Octubre",4,31,"Martes",f
1037,2017-11-02,2017,11,"Noviembre",4,1,"Miércoles",f
1038,2017-11-03,2017,11,"Noviembre",4,2,"Jueves",f
1039,2017-11-04,2017,11,"Noviembre",4,3,"Viernes",f
1040,2017-11-05,2017,11,"Noviembre",4,4,"Sábado",t
1041,2017-11-06,2017,11,"Noviembre",4,5,"Domingo",t
1042,2017-11-07,2017,11,"Noviembre",4,6,"Lunes",f
1043,2017-11-08,2017,11,"Noviembre",4,7,"Martes",f
1044,2017-11-09,2017,11,"Noviembre",4,8,"Miércoles",f
1045,2017-11-10,2017,11,"Noviembre",4,9,"Jueves",f
1046,2017-11-11,2017,11,"Noviembre",4,10,"Viernes",f
1047,2017-11-12,2017,11,"Noviembre",4,11,"Sábado",t
1048,2017-11-13,2017,11,"Noviembre",4,12,"Domingo",t
1049,2017-11-14,2017,11,"Noviembre",4,13,"Lunes",f
1050,2017-11-15,2017,11,"Noviembre",4,14,"Martes",f
1051,2017-11-16,2017,11,"Noviembre",4,15,"Miércoles",f
1052,2017-11-17,2017,11,"Noviembre",4,16,"Jueves",f
1053,2017-11-18,2017,11,"Noviembre",4,17,"Viernes",f
1054,2017-11-19,2017,11,"Noviembre",4,18,"Sábado",t
1055,2017-11-20,2017,11,"Noviembre",4,19,"Domingo",t
1056,2017-11-21,2017,11,"Noviembre",4,20,"Lunes",f
1057,2017-11-22,2017,11,"Noviembre",4,21,"Martes",f
1058,2017-11-23,2017,11,"Noviembre",4,22,"Miércoles",f
1059,2017-11-24,2017,11,"Noviembre",4,23,"Jueves",f
1060,2017-11-25,2017,11,"Noviembre",4,24,"Viernes",f
1061,2017-11-26,2017,11,"Noviembre",4,25,"Sábado",t
1062,2017-11-27,2017,11,"Noviembre",4,26,"Domingo",t
1063,2017-11-28,2017,11,"Noviembre",4,27,"Lunes",f
1064,2017-11-29,2017,11,"Noviembre",4,28,"Martes",f
1065,2017-11-30,2017,11,"Noviembre",4,29,"Miércoles",f
1066,2017-12-01,2017,11,"Noviembre",4,30,"Jueves",f
1067,2017-12-02,2017,12,"Diciembre",4,1,"Viernes",f
1068,2017-12-03,2017,12,"Diciembre",4,2,"Sábado",t
1069,2017-12-04,2017,12,"Diciembre",4,3,"Domingo",t
1070,2017-12-05,2017,12,"Diciembre",4,4,"Lunes",f
1071,2017-12-06,2017,12,"Diciembre",4,5,"Martes",f
1072,2017-12-07,2017,12,"Diciembre",4,6,"Miércoles",f
1073,2017-12-08,2017,12,"Diciembre",4,7,"Jueves",f
1074,2017-12-09,2017,12,"Diciembre",4,8,"Viernes",f
1075,2017-12-10,2017,12,"Diciembre",4,9,"Sábado",t
1076,2017-12-11,2017,12,"Diciembre",4,10,"Domingo",t
1077,2017-12-12,2017,12,"Diciembre",4,11,"Lunes",f
1078,2017-12-13,2017,12,"Diciembre",4,12,"Martes",f
1079,2017-12-14,2017,12,"Diciembre",4,13,"Miércoles",f
1080,2017-12-15,2017,12,"Diciembre",4,14,"Jueves",f
1081,2017-12-16,2017,12,"Diciembre",4,15,"Viernes",f
1082,2017-12-17,2017,12,"Diciembre",4,16,"Sábado",t
1083,2017-12-18,2017,12,"Diciembre",4,17,"Domingo",t
1084,2017-12-19,2017,12,"Diciembre",4,18,"Lunes",f
1085,2017-12-20,2017,12,"Diciembre",4,19,"Martes",f
1086,2017-12-21,2017,12,"Diciembre",4,20,"Miércoles",f
1087,2017-12-22,2017,12,"Diciembre",4,21,"Jueves",f
1088,2017-12-23,2017,12,"Diciembre",4,22,"Viernes",f
1089,2017-12-24,2017,12,"Diciembre",4,23,"Sábado",t
1090,2017-12-25,2017,12,"Diciembre",4,24,"Domingo",t
1091,2017-12-26,2017,12,"Diciembre",4,25,"Lunes",f
1092,2017-12-27,2017,12,"Diciembre",4,26,"Martes",f
1093,2017-12-28,2017,12,"Diciembre",4,27,"Miércoles",f
1094,2017-12-29,2017,12,"Diciembre",4,28,"Jueves",f
1095,2017-12-30,2017,12,"Diciembre",4,29,"Viernes",f
1096,2017-12-31,2017,12,"Diciembre",4,30,"Sábado",t
1097,2018-01-01,2017,12,"Diciembre",4,31,"Domingo",t
1098,2018-01-02,2018,1,"Enero",1,1,"Lunes",f
1099,2018-01-03,2018,1,"Enero",1,2,"Martes",f
1100,2018-01-04,2018,1,"Enero",1,3,"Miércoles",f
1101,2018-01-05,2018,1,"Enero",1,4,"Jueves",f
1102,2018-01-06,2018,1,"Enero",1,5,"Viernes",f
1103,2018-01-07,2018,1,"Enero",1,6,"Sábado",t
1104,2018-01-08,2018,1,"Enero",1,7,"Domingo",t
1105,2018-01-09,2018,1,"Enero",1,8,"Lunes",f
1106,2018-01-10,2018,1,"Enero",1,9,"Martes",f
1107,2018-01-11,2018,1,"Enero",1,10,"Miércoles",f
1108,2018-01-12,2018,1,"Enero",1,11,"Jueves",f
1109,2018-01-13,2018,1,"Enero",1,12,"Viernes",f
1110,2018-01-14,2018,1,"Enero",1,13,"Sábado",t
1111,2018-01-15,2018,1,"Enero",1,14,"Domingo",t
1112,2018-01-16,2018,1,"Enero",1,15,"Lunes",f
1113,2018-01-17,2018,1,"Enero",1,16,"Martes",f
1114,2018-01-18,2018,1,"Enero",1,17,"Miércoles",f
1115,2018-01-19,2018,1,"Enero",1,18,"Jueves",f
1116,2018-01-20,2018,1,"Enero",1,19,"Viernes",f
1117,2018-01-21,2018,1,"Enero",1,20,"Sábado",t
1118,2018-01-22,2018,1,"Enero",1,21,"Domingo",t
1119,2018-01-23,2018,1,"Enero",1,22,"Lunes",f
1120,2018-01-24,2018,1,"Enero",1,23,"Martes",f
1121,2018-01-25,2018,1,"Enero",1,24,"Miércoles",f
1122,2018-01-26,2018,1,"Enero",1,25,"Jueves",f
1123,2018-01-27,2018,1,"Enero",1,26,"Viernes",f
1124,2018-01-28,2018,1,"Enero",1,27,"Sábado",t
1125,2018-01-29,2018,1,"Enero",1,28,"Domingo",t
1126,2018-01-30,2018,1,"Enero",1,29,"Lunes",f
1127,2018-01-31,2018,1,"Enero",1,30,"Martes",f
1128,2018-02-01,2018,1,"Enero",1,31,"Miércoles",f
1129,2018-02-02,2018,2,"Febrero",1,1,"Jueves",f
1130,2018-02-03,2018,2,"Febrero",1,2,"Viernes",f
1131,2018-02-04,2018,2,"Febrero",1,3,"Sábado",t
1132,2018-02-05,2018,2,"Febrero",1,4,"Domingo",t
1133,2018-02-06,2018,2,"Febrero",1,5,"Lunes",f
1134,2018-02-07,2018,2,"Febrero",1,6,"Martes",f
1135,2018-02-08,2018,2,"Febrero",1,7,"Miércoles",f
1136,2018-02-09,2018,2,"Febrero",1,8,"Jueves",f
1137,2018-02-10,2018,2,"Febrero",1,9,"Viernes",f
1138,2018-02-11,2018,2,"Febrero",1,10,"Sábado",t
1139,2018-02-12,2018,2,"Febrero",1,11,"Domingo",t
1140,2018-02-13,2018,2,"Febrero",1,12,"Lunes",f
1141,2018-02-14,2018,2,"Febrero",1,13,"Martes",f
1142,2018-02-15,2018,2,"Febrero",1,14,"Miércoles",f
1143,2018-02-16,2018,2,"Febrero",1,15,"Jueves",f
1144,2018-02-17,2018,2,"Febrero",1,16,"Viernes",f
1145,2018-02-18,2018,2,"Febrero",1,17,"Sábado",t
1146,2018-02-19,2018,2,"Febrero",1,18,"Domingo",t
1147,2018-02-20,2018,2,"Febrero",1,19,"Lunes",f
1148,2018-02-21,2018,2,"Febrero",1,20,"Martes",f
1149,2018-02-22,2018,2,"Febrero",1,21,"Miércoles",f
1150,2018-02-23,2018,2,"Febrero",1,22,"Jueves",f
1151,2018-02-24,2018,2,"Febrero",1,23,"Viernes",f
1152,2018-02-25,2018,2,"Febrero",1,24,"Sábado",t
1153,2018-02-26,2018,2,"Febrero",1,25,"Domingo",t
1154,2018-02-27,2018,2,"Febrero",1,26,"Lunes",f
1155,2018-02-28,2018,2,"Febrero",1,27,"Martes",f
1156,2018-03-01,2018,2,"Febrero",1,28,"Miércoles",f
1157,2018-03-02,2018,3,"Marzo",1,1,"Jueves",f
1158,2018-03-03,2018,3,"Marzo",1,2,"Viernes",f
1159,2018-03-04,2018,3,"Marzo",1,3,"Sábado",t
1160,2018-03-05,2018,3,"Marzo",1,4,"Domingo",t
1161,2018-03-06,2018,3,"Marzo",1,5,"Lunes",f
1162,2018-03-07,2018,3,"Marzo",1,6,"Martes",f
1163,2018-03-08,2018,3,"Marzo",1,7,"Miércoles",f
1164,2018-03-09,2018,3,"Marzo",1,8,"Jueves",f
1165,2018-03-10,2018,3,"Marzo",1,9,"Viernes",f
1166,2018-03-11,2018,3,"Marzo",1,10,"Sábado",t
1167,2018-03-12,2018,3,"Marzo",1,11,"Domingo",t
1168,2018-03-13,2018,3,"Marzo",1,12,"Lunes",f
1169,2018-03-14,2018,3,"Marzo",1,13,"Martes",f
1170,2018-03-15,2018,3,"Marzo",1,14,"Miércoles",f
1171,2018-03-16,2018,3,"Marzo",1,15,"Jueves",f
1172,2018-03-17,2018,3,"Marzo",1,16,"Viernes",f
1173,2018-03-18,2018,3,"Marzo",1,17,"Sábado",t
1174,2018-03-19,2018,3,"Marzo",1,18,"Domingo",t
1175,2018-03-20,2018,3,"Marzo",1,19,"Lunes",f
1176,2018-03-21,2018,3,"Marzo",1,20,"Martes",f
1177,2018-03-22,2018,3,"Marzo",1,21,"Miércoles",f
1178,2018-03-23,2018,3,"Marzo",1,22,"Jueves",f
1179,2018-03-24,2018,3,"Marzo",1,23,"Viernes",f
1180,2018-03-25,2018,3,"Marzo",1,24,"Sábado",t
1181,2018-03-26,2018,3,"Marzo",1,25,"Domingo",t
1182,2018-03-27,2018,3,"Marzo",1,26,"Lunes",f
1183,2018-03-28,2018,3,"Marzo",1,27,"Martes",f
1184,2018-03-29,2018,3,"Marzo",1,28,"Miércoles",f
1185,2018-03-30,2018,3,"Marzo",1,29,"Jueves",f
1186,2018-03-31,2018,3,"Marzo",1,30,"Viernes",f
1187,2018-04-01,2018,3,"Marzo",1,31,"Sábado",t
1188,2018-04-02,2018,4,"Abril",2,1,"Domingo",t
1189,2018-04-03,2018,4,"Abril",2,2,"Lunes",f
1190,2018-04-04,2018,4,"Abril",2,3,"Martes",f
1191,2018-04-05,2018,4,"Abril",2,4,"Miércoles",f
1192,2018-04-06,2018,4,"Abril",2,5,"Jueves",f
1193,2018-04-07,2018,4,"Abril",2,6,"Viernes",f
1194,2018-04-08,2018,4,"Abril",2,7,"Sábado",t
1195,2018-04-09,2018,4,"Abril",2,8,"Domingo",t
1196,2018-04-10,2018,4,"Abril",2,9,"Lunes",f
1197,2018-04-11,2018,4,"Abril",2,10,"Martes",f
1198,2018-04-12,2018,4,"Abril",2,11,"Miércoles",f
1199,2018-04-13,2018,4,"Abril",2,12,"Jueves",f
1200,2018-04-14,2018,4,"Abril",2,13,"Viernes",f
1201,2018-04-15,2018,4,"Abril",2,14,"Sábado",t
1202,2018-04-16,2018,4,"Abril",2,15,"Domingo",t
1203,2018-04-17,2018,4,"Abril",2,16,"Lunes",f
1204,2018-04-18,2018,4,"Abril",2,17,"Martes",f
1205,2018-04-19,2018,4,"Abril",2,18,"Miércoles",f
1206,2018-04-20,2018,4,"Abril",2,19,"Jueves",f
1207,2018-04-21,2018,4,"Abril",2,20,"Viernes",f
1208,2018-04-22,2018,4,"Abril",2,21,"Sábado",t
1209,2018-04-23,2018,4,"Abril",2,22,"Domingo",t
1210,2018-04-24,2018,4,"Abril",2,23,"Lunes",f
1211,2018-04-25,2018,4,"Abril",2,24,"Martes",f
1212,2018-04-26,2018,4,"Abril",2,25,"Miércoles",f
1213,2018-04-27,2018,4,"Abril",2,26,"Jueves",f
1214,2018-04-28,2018,4,"Abril",2,27,"Viernes",f
1215,2018-04-29,2018,4,"Abril",2,28,"Sábado",t
1216,2018-04-30,2018,4,"Abril",2,29,"Domingo",t
1217,2018-05-01,2018,4,"Abril",2,30,"Lunes",f
1218,2018-05-02,2018,5,"Mayo",2,1,"Martes",f
1219,2018-05-03,2018,5,"Mayo",2,2,"Miércoles",f
1220,2018-05-04,2018,5,"Mayo",2,3,"Jueves",f
1221,2018-05-05,2018,5,"Mayo",2,4,"Viernes",f
1222,2018-05-06,2018,5,"Mayo",2,5,"Sábado",t
1223,2018-05-07,2018,5,"Mayo",2,6,"Domingo",t
1224,2018-05-08,2018,5,"Mayo",2,7,"Lunes",f
1225,2018-05-09,2018,5,"Mayo",2,8,"Martes",f
1226,2018-05-10,2018,5,"Mayo",2,9,"Miércoles",f
1227,2018-05-11,2018,5,"Mayo",2,10,"Jueves",f
1228,2018-05-12,2018,5,"Mayo",2,11,"Viernes",f
1229,2018-05-13,2018,5,"Mayo",2,12,"Sábado",t
1230,2018-05-14,2018,5,"Mayo",2,13,"Domingo",t
1231,2018-05-15,2018,5,"Mayo",2,14,"Lunes",f
1232,2018-05-16,2018,5,"Mayo",2,15,"Martes",f
1233,2018-05-17,2018,5,"Mayo",2,16,"Miércoles",f
1234,2018-05-18,2018,5,"Mayo",2,17,"Jueves",f
1235,2018-05-19,2018,5,"Mayo",2,18,"Viernes",f
1236,2018-05-20,2018,5,"Mayo",2,19,"Sábado",t
1237,2018-05-21,2018,5,"Mayo",2,20,"Domingo",t
1238,2018-05-22,2018,5,"Mayo",2,21,"Lunes",f
1239,2018-05-23,2018,5,"Mayo",2,22,"Martes",f
1240,2018-05-24,2018,5,"Mayo",2,23,"Miércoles",f
1241,2018-05-25,2018,5,"Mayo",2,24,"Jueves",f
1242,2018-05-26,2018,5,"Mayo",2,25,"Viernes",f
1243,2018-05-27,2018,5,"Mayo",2,26,"Sábado",t
1244,2018-05-28,2018,5,"Mayo",2,27,"Domingo",t
1245,2018-05-29,2018,5,"Mayo",2,28,"Lunes",f
1246,2018-05-30,2018,5,"Mayo",2,29,"Martes",f
1247,2018-05-31,2018,5,"Mayo",2,30,"Miércoles",f
1248,2018-06-01,2018,5,"Mayo",2,31,"Jueves",f
1249,2018-06-02,2018,6,"Junio",2,1,"Viernes",f
1250,2018-06-03,2018,6,"Junio",2,2,"Sábado",t
1251,2018-06-04,2018,6,"Junio",2,3,"Domingo",t
1252,2018-06-05,2018,6,"Junio",2,4,"Lunes",f
1253,2018-06-06,2018,6,"Junio",2,5,"Martes",f
1254,2018-06-07,2018,6,"Junio",2,6,"Miércoles",f
1255,2018-06-08,2018,6,"Junio",2,7,"Jueves",f
1256,2018-06-09,2018,6,"Junio",2,8,"Viernes",f
1257,2018-06-10,2018,6,"Junio",2,9,"Sábado",t
1258,2018-06-11,2018,6,"Junio",2,10,"Domingo",t
1259,2018-06-12,2018,6,"Junio",2,11,"Lunes",f
1260,2018-06-13,2018,6,"Junio",2,12,"Martes",f
1261,2018-06-14,2018,6,"Junio",2,13,"Miércoles",f
1262,2018-06-15,2018,6,"Junio",2,14,"Jueves",f
1263,2018-06-16,2018,6,"Junio",2,15,"Viernes",f
1264,2018-06-17,2018,6,"Junio",2,16,"Sábado",t
1265,2018-06-18,2018,6,"Junio",2,17,"Domingo",t
1266,2018-06-19,2018,6,"Junio",2,18,"Lunes",f
1267,2018-06-20,2018,6,"Junio",2,19,"Martes",f
1268,2018-06-21,2018,6,"Junio",2,20,"Miércoles",f
1269,2018-06-22,2018,6,"Junio",2,21,"Jueves",f
1270,2018-06-23,2018,6,"Junio",2,22,"Viernes",f
1271,2018-06-24,2018,6,"Junio",2,23,"Sábado",t
1272,2018-06-25,2018,6,"Junio",2,24,"Domingo",t
1273,2018-06-26,2018,6,"Junio",2,25,"Lunes",f
1274,2018-06-27,2018,6,"Junio",2,26,"Martes",f
1275,2018-06-28,2018,6,"Junio",2,27,"Miércoles",f
1276,2018-06-29,2018,6,"Junio",2,28,"Jueves",f
1277,2018-06-30,2018,6,"Junio",2,29,"Viernes",f
1278,2018-07-01,2018,6,"Junio",2,30,"Sábado",t
1279,2018-07-02,2018,7,"Julio",3,1,"Domingo",t
1280,2018-07-03,2018,7,"Julio",3,2,"Lunes",f
1281,2018-07-04,2018,7,"Julio",3,3,"Martes",f
1282,2018-07-05,2018,7,"Julio",3,4,"Miércoles",f
1283,2018-07-06,2018,7,"Julio",3,5,"Jueves",f
1284,2018-07-07,2018,7,"Julio",3,6,"Viernes",f
1285,2018-07-08,2018,7,"Julio",3,7,"Sábado",t
1286,2018-07-09,2018,7,"Julio",3,8,"Domingo",t
1287,2018-07-10,2018,7,"Julio",3,9,"Lunes",f
1288,2018-07-11,2018,7,"Julio",3,10,"Martes",f
1289,2018-07-12,2018,7,"Julio",3,11,"Miércoles",f
1290,2018-07-13,2018,7,"Julio",3,12,"Jueves",f
1291,2018-07-14,2018,7,"Julio",3,13,"Viernes",f
1292,2018-07-15,2018,7,"Julio",3,14,"Sábado",t
1293,2018-07-16,2018,7,"Julio",3,15,"Domingo",t
1294,2018-07-17,2018,7,"Julio",3,16,"Lunes",f
1295,2018-07-18,2018,7,"Julio",3,17,"Martes",f
1296,2018-07-19,2018,7,"Julio",3,18,"Miércoles",f
1297,2018-07-20,2018,7,"Julio",3,19,"Jueves",f
1298,2018-07-21,2018,7,"Julio",3,20,"Viernes",f
1299,2018-07-22,2018,7,"Julio",3,21,"Sábado",t
1300,2018-07-23,2018,7,"Julio",3,22,"Domingo",t
1301,2018-07-24,2018,7,"Julio",3,23,"Lunes",f
1302,2018-07-25,2018,7,"Julio",3,24,"Martes",f
1303,2018-07-26,2018,7,"Julio",3,25,"Miércoles",f
1304,2018-07-27,2018,7,"Julio",3,26,"Jueves",f
1305,2018-07-28,2018,7,"Julio",3,27,"Viernes",f
1306,2018-07-29,2018,7,"Julio",3,28,"Sábado",t
1307,2018-07-30,2018,7,"Julio",3,29,"Domingo",t
1308,2018-07-31,2018,7,"Julio",3,30,"Lunes",f
1309,2018-08-01,2018,7,"Julio",3,31,"Martes",f
1310,2018-08-02,2018,8,"Agosto",3,1,"Miércoles",f
1311,2018-08-03,2018,8,"Agosto",3,2,"Jueves",f
1312,2018-08-04,2018,8,"Agosto",3,3,"Viernes",f
1313,2018-08-05,2018,8,"Agosto",3,4,"Sábado",t
1314,2018-08-06,2018,8,"Agosto",3,5,"Domingo",t
1315,2018-08-07,2018,8,"Agosto",3,6,"Lunes",f
1316,2018-08-08,2018,8,"Agosto",3,7,"Martes",f
1317,2018-08-09,2018,8,"Agosto",3,8,"Miércoles",f
1318,2018-08-10,2018,8,"Agosto",3,9,"Jueves",f
1319,2018-08-11,2018,8,"Agosto",3,10,"Viernes",f
1320,2018-08-12,2018,8,"Agosto",3,11,"Sábado",t
1321,2018-08-13,2018,8,"Agosto",3,12,"Domingo",t
1322,2018-08-14,2018,8,"Agosto",3,13,"Lunes",f
1323,2018-08-15,2018,8,"Agosto",3,14,"Martes",f
1324,2018-08-16,2018,8,"Agosto",3,15,"Miércoles",f
1325,2018-08-17,2018,8,"Agosto",3,16,"Jueves",f
1326,2018-08-18,2018,8,"Agosto",3,17,"Viernes",f
1327,2018-08-19,2018,8,"Agosto",3,18,"Sábado",t
1328,2018-08-20,2018,8,"Agosto",3,19,"Domingo",t
1329,2018-08-21,2018,8,"Agosto",3,20,"Lunes",f
1330,2018-08-22,2018,8,"Agosto",3,21,"Martes",f
1331,2018-08-23,2018,8,"Agosto",3,22,"Miércoles",f
1332,2018-08-24,2018,8,"Agosto",3,23,"Jueves",f
1333,2018-08-25,2018,8,"Agosto",3,24,"Viernes",f
1334,2018-08-26,2018,8,"Agosto",3,25,"Sábado",t
1335,2018-08-27,2018,8,"Agosto",3,26,"Domingo",t
1336,2018-08-28,2018,8,"Agosto",3,27,"Lunes",f
1337,2018-08-29,2018,8,"Agosto",3,28,"Martes",f
1338,2018-08-30,2018,8,"Agosto",3,29,"Miércoles",f
1339,2018-08-31,2018,8,"Agosto",3,30,"Jueves",f
1340,2018-09-01,2018,8,"Agosto",3,31,"Viernes",f
1341,2018-09-02,2018,9,"Septiembre",3,1,"Sábado",t
1342,2018-09-03,2018,9,"Septiembre",3,2,"Domingo",t
1343,2018-09-04,2018,9,"Septiembre",3,3,"Lunes",f
1344,2018-09-05,2018,9,"Septiembre",3,4,"Martes",f
1345,2018-09-06,2018,9,"Septiembre",3,5,"Miércoles",f
1346,2018-09-07,2018,9,"Septiembre",3,6,"Jueves",f
1347,2018-09-08,2018,9,"Septiembre",3,7,"Viernes",f
1348,2018-09-09,2018,9,"Septiembre",3,8,"Sábado",t
1349,2018-09-10,2018,9,"Septiembre",3,9,"Domingo",t
1350,2018-09-11,2018,9,"Septiembre",3,10,"Lunes",f
1351,2018-09-12,2018,9,"Septiembre",3,11,"Martes",f
1352,2018-09-13,2018,9,"Septiembre",3,12,"Miércoles",f
1353,2018-09-14,2018,9,"Septiembre",3,13,"Jueves",f
1354,2018-09-15,2018,9,"Septiembre",3,14,"Viernes",f
1355,2018-09-16,2018,9,"Septiembre",3,15,"Sábado",t
1356,2018-09-17,2018,9,"Septiembre",3,16,"Domingo",t
1357,2018-09-18,2018,9,"Septiembre",3,17,"Lunes",f
1358,2018-09-19,2018,9,"Septiembre",3,18,"Martes",f
1359,2018-09-20,2018,9,"Septiembre",3,19,"Miércoles",f
1360,2018-09-21,2018,9,"Septiembre",3,20,"Jueves",f
1361,2018-09-22,2018,9,"Septiembre",3,21,"Viernes",f
1362,2018-09-23,2018,9,"Septiembre",3,22,"Sábado",t
1363,2018-09-24,2018,9,"Septiembre",3,23,"Domingo",t
1364,2018-09-25,2018,9,"Septiembre",3,24,"Lunes",f
1365,2018-09-26,2018,9,"Septiembre",3,25,"Martes",f
1366,2018-09-27,2018,9,"Septiembre",3,26,"Miércoles",f
1367,2018-09-28,2018,9,"Septiembre",3,27,"Jueves",f
1368,2018-09-29,2018,9,"Septiembre",3,28,"Viernes",f
1369,2018-09-30,2018,9,"Septiembre",3,29,"Sábado",t
1370,2018-10-01,2018,9,"Septiembre",3,30,"Domingo",t
1371,2018-10-02,2018,10,"Octubre",4,1,"Lunes",f
1372,2018-10-03,2018,10,"Octubre",4,2,"Martes",f
1373,2018-10-04,2018,10,"Octubre",4,3,"Miércoles",f
1374,2018-10-05,2018,10,"Octubre",4,4,"Jueves",f
1375,2018-10-06,2018,10,"Octubre",4,5,"Viernes",f
1376,2018-10-07,2018,10,"Octubre",4,6,"Sábado",t
1377,2018-10-08,2018,10,"Octubre",4,7,"Domingo",t
1378,2018-10-09,2018,10,"Octubre",4,8,"Lunes",f
1379,2018-10-10,2018,10,"Octubre",4,9,"Martes",f
1380,2018-10-11,2018,10,"Octubre",4,10,"Miércoles",f
1381,2018-10-12,2018,10,"Octubre",4,11,"Jueves",f
1382,2018-10-13,2018,10,"Octubre",4,12,"Viernes",f
1383,2018-10-14,2018,10,"Octubre",4,13,"Sábado",t
1384,2018-10-15,2018,10,"Octubre",4,14,"Domingo",t
1385,2018-10-16,2018,10,"Octubre",4,15,"Lunes",f
1386,2018-10-17,2018,10,"Octubre",4,16,"Martes",f
1387,2018-10-18,2018,10,"Octubre",4,17,"Miércoles",f
1388,2018-10-19,2018,10,"Octubre",4,18,"Jueves",f
1389,2018-10-20,2018,10,"Octubre",4,19,"Viernes",f
1390,2018-10-21,2018,10,"Octubre",4,20,"Sábado",t
1391,2018-10-22,2018,10,"Octubre",4,21,"Domingo",t
1392,2018-10-23,2018,10,"Octubre",4,22,"Lunes",f
1393,2018-10-24,2018,10,"Octubre",4,23,"Martes",f
1394,2018-10-25,2018,10,"Octubre",4,24,"Miércoles",f
1395,2018-10-26,2018,10,"Octubre",4,25,"Jueves",f
1396,2018-10-27,2018,10,"Octubre",4,26,"Viernes",f
1397,2018-10-28,2018,10,"Octubre",4,27,"Sábado",t
1398,2018-10-29,2018,10,"Octubre",4,28,"Domingo",t
1399,2018-10-30,2018,10,"Octubre",4,29,"Lunes",f
1400,2018-10-31,2018,10,"Octubre",4,30,"Martes",f
1401,2018-11-01,2018,10,"Octubre",4,31,"Miércoles",f
1402,2018-11-02,2018,11,"Noviembre",4,1,"Jueves",f
1403,2018-11-03,2018,11,"Noviembre",4,2,"Viernes",f
1404,2018-11-04,2018,11,"Noviembre",4,3,"Sábado",t
1405,2018-11-05,2018,11,"Noviembre",4,4,"Domingo",t
1406,2018-11-06,2018,11,"Noviembre",4,5,"Lunes",f
1407,2018-11-07,2018,11,"Noviembre",4,6,"Martes",f
1408,2018-11-08,2018,11,"Noviembre",4,7,"Miércoles",f
1409,2018-11-09,2018,11,"Noviembre",4,8,"Jueves",f
1410,2018-11-10,2018,11,"Noviembre",4,9,"Viernes",f
1411,2018-11-11,2018,11,"Noviembre",4,10,"Sábado",t
1412,2018-11-12,2018,11,"Noviembre",4,11,"Domingo",t
1413,2018-11-13,2018,11,"Noviembre",4,12,"Lunes",f
1414,2018-11-14,2018,11,"Noviembre",4,13,"Martes",f
1415,2018-11-15,2018,11,"Noviembre",4,14,"Miércoles",f
1416,2018-11-16,2018,11,"Noviembre",4,15,"Jueves",f
1417,2018-11-17,2018,11,"Noviembre",4,16,"Viernes",f
1418,2018-11-18,2018,11,"Noviembre",4,17,"Sábado",t
1419,2018-11-19,2018,11,"Noviembre",4,18,"Domingo",t
1420,2018-11-20,2018,11,"Noviembre",4,19,"Lunes",f
1421,2018-11-21,2018,11,"Noviembre",4,20,"Martes",f
1422,2018-11-22,2018,11,"Noviembre",4,21,"Miércoles",f
1423,2018-11-23,2018,11,"Noviembre",4,22,"Jueves",f
1424,2018-11-24,2018,11,"Noviembre",4,23,"Viernes",f
1425,2018-11-25,2018,11,"Noviembre",4,24,"Sábado",t
1426,2018-11-26,2018,11,"Noviembre",4,25,"Domingo",t
1427,2018-11-27,2018,11,"Noviembre",4,26,"Lunes",f
1428,2018-11-28,2018,11,"Noviembre",4,27,"Martes",f
1429,2018-11-29,2018,11,"Noviembre",4,28,"Miércoles",f
1430,2018-11-30,2018,11,"Noviembre",4,29,"Jueves",f
1431,2018-12-01,2018,11,"Noviembre",4,30,"Viernes",f
1432,2018-12-02,2018,12,"Diciembre",4,1,"Sábado",t
1433,2018-12-03,2018,12,"Diciembre",4,2,"Domingo",t
1434,2018-12-04,2018,12,"Diciembre",4,3,"Lunes",f
1435,2018-12-05,2018,12,"Diciembre",4,4,"Martes",f
1436,2018-12-06,2018,12,"Diciembre",4,5,"Miércoles",f
1437,2018-12-07,2018,12,"Diciembre",4,6,"Jueves",f
1438,2018-12-08,2018,12,"Diciembre",4,7,"Viernes",f
1439,2018-12-09,2018,12,"Diciembre",4,8,"Sábado",t
1440,2018-12-10,2018,12,"Diciembre",4,9,"Domingo",t
1441,2018-12-11,2018,12,"Diciembre",4,10,"Lunes",f
1442,2018-12-12,2018,12,"Diciembre",4,11,"Martes",f
1443,2018-12-13,2018,12,"Diciembre",4,12,"Miércoles",f
1444,2018-12-14,2018,12,"Diciembre",4,13,"Jueves",f
1445,2018-12-15,2018,12,"Diciembre",4,14,"Viernes",f
1446,2018-12-16,2018,12,"Diciembre",4,15,"Sábado",t
1447,2018-12-17,2018,12,"Diciembre",4,16,"Domingo",t
1448,2018-12-18,2018,12,"Diciembre",4,17,"Lunes",f
1449,2018-12-19,2018,12,"Diciembre",4,18,"Martes",f
1450,2018-12-20,2018,12,"Diciembre",4,19,"Miércoles",f
1451,2018-12-21,2018,12,"Diciembre",4,20,"Jueves",f
1452,2018-12-22,2018,12,"Diciembre",4,21,"Viernes",f
1453,2018-12-23,2018,12,"Diciembre",4,22,"Sábado",t
1454,2018-12-24,2018,12,"Diciembre",4,23,"Domingo",t
1455,2018-12-25,2018,12,"Diciembre",4,24,"Lunes",f
1456,2018-12-26,2018,12,"Diciembre",4,25,"Martes",f
1457,2018-12-27,2018,12,"Diciembre",4,26,"Miércoles",f
1458,2018-12-28,2018,12,"Diciembre",4,27,"Jueves",f
1459,2018-12-29,2018,12,"Diciembre",4,28,"Viernes",f
1460,2018-12-30,2018,12,"Diciembre",4,29,"Sábado",t
1461,2018-12-31,2018,12,"Diciembre",4,30,"Domingo",t
1462,2019-01-01,2018,12,"Diciembre",4,31,"Lunes",f
1463,2019-01-02,2019,1,"Enero",1,1,"Martes",f
1464,2019-01-03,2019,1,"Enero",1,2,"Miércoles",f
1465,2019-01-04,2019,1,"Enero",1,3,"Jueves",f
1466,2019-01-05,2019,1,"Enero",1,4,"Viernes",f
1467,2019-01-06,2019,1,"Enero",1,5,"Sábado",t
1468,2019-01-07,2019,1,"Enero",1,6,"Domingo",t
1469,2019-01-08,2019,1,"Enero",1,7,"Lunes",f
1470,2019-01-09,2019,1,"Enero",1,8,"Martes",f
1471,2019-01-10,2019,1,"Enero",1,9,"Miércoles",f
1472,2019-01-11,2019,1,"Enero",1,10,"Jueves",f
1473,2019-01-12,2019,1,"Enero",1,11,"Viernes",f
1474,2019-01-13,2019,1,"Enero",1,12,"Sábado",t
1475,2019-01-14,2019,1,"Enero",1,13,"Domingo",t
1476,2019-01-15,2019,1,"Enero",1,14,"Lunes",f
1477,2019-01-16,2019,1,"Enero",1,15,"Martes",f
1478,2019-01-17,2019,1,"Enero",1,16,"Miércoles",f
1479,2019-01-18,2019,1,"Enero",1,17,"Jueves",f
1480,2019-01-19,2019,1,"Enero",1,18,"Viernes",f
1481,2019-01-20,2019,1,"Enero",1,19,"Sábado",t
1482,2019-01-21,2019,1,"Enero",1,20,"Domingo",t
1483,2019-01-22,2019,1,"Enero",1,21,"Lunes",f
1484,2019-01-23,2019,1,"Enero",1,22,"Martes",f
1485,2019-01-24,2019,1,"Enero",1,23,"Miércoles",f
1486,2019-01-25,2019,1,"Enero",1,24,"Jueves",f
1487,2019-01-26,2019,1,"Enero",1,25,"Viernes",f
1488,2019-01-27,2019,1,"Enero",1,26,"Sábado",t
1489,2019-01-28,2019,1,"Enero",1,27,"Domingo",t
1490,2019-01-29,2019,1,"Enero",1,28,"Lunes",f
1491,2019-01-30,2019,1,"Enero",1,29,"Martes",f
1492,2019-01-31,2019,1,"Enero",1,30,"Miércoles",f
1493,2019-02-01,2019,1,"Enero",1,31,"Jueves",f
1494,2019-02-02,2019,2,"Febrero",1,1,"Viernes",f
1495,2019-02-03,2019,2,"Febrero",1,2,"Sábado",t
1496,2019-02-04,2019,2,"Febrero",1,3,"Domingo",t
1497,2019-02-05,2019,2,"Febrero",1,4,"Lunes",f
1498,2019-02-06,2019,2,"Febrero",1,5,"Martes",f
1499,2019-02-07,2019,2,"Febrero",1,6,"Miércoles",f
1500,2019-02-08,2019,2,"Febrero",1,7,"Jueves",f
1501,2019-02-09,2019,2,"Febrero",1,8,"Viernes",f
1502,2019-02-10,2019,2,"Febrero",1,9,"Sábado",t
1503,2019-02-11,2019,2,"Febrero",1,10,"Domingo",t
1504,2019-02-12,2019,2,"Febrero",1,11,"Lunes",f
1505,2019-02-13,2019,2,"Febrero",1,12,"Martes",f
1506,2019-02-14,2019,2,"Febrero",1,13,"Miércoles",f
1507,2019-02-15,2019,2,"Febrero",1,14,"Jueves",f
1508,2019-02-16,2019,2,"Febrero",1,15,"Viernes",f
1509,2019-02-17,2019,2,"Febrero",1,16,"Sábado",t
1510,2019-02-18,2019,2,"Febrero",1,17,"Domingo",t
1511,2019-02-19,2019,2,"Febrero",1,18,"Lunes",f
1512,2019-02-20,2019,2,"Febrero",1,19,"Martes",f
1513,2019-02-21,2019,2,"Febrero",1,20,"Miércoles",f
1514,2019-02-22,2019,2,"Febrero",1,21,"Jueves",f
1515,2019-02-23,2019,2,"Febrero",1,22,"Viernes",f
1516,2019-02-24,2019,2,"Febrero",1,23,"Sábado",t
1517,2019-02-25,2019,2,"Febrero",1,24,"Domingo",t
1518,2019-02-26,2019,2,"Febrero",1,25,"Lunes",f
1519,2019-02-27,2019,2,"Febrero",1,26,"Martes",f
1520,2019-02-28,2019,2,"Febrero",1,27,"Miércoles",f
1521,2019-03-01,2019,2,"Febrero",1,28,"Jueves",f
1522,2019-03-02,2019,3,"Marzo",1,1,"Viernes",f
1523,2019-03-03,2019,3,"Marzo",1,2,"Sábado",t
1524,2019-03-04,2019,3,"Marzo",1,3,"Domingo",t
1525,2019-03-05,2019,3,"Marzo",1,4,"Lunes",f
1526,2019-03-06,2019,3,"Marzo",1,5,"Martes",f
1527,2019-03-07,2019,3,"Marzo",1,6,"Miércoles",f
1528,2019-03-08,2019,3,"Marzo",1,7,"Jueves",f
1529,2019-03-09,2019,3,"Marzo",1,8,"Viernes",f
1530,2019-03-10,2019,3,"Marzo",1,9,"Sábado",t
1531,2019-03-11,2019,3,"Marzo",1,10,"Domingo",t
1532,2019-03-12,2019,3,"Marzo",1,11,"Lunes",f
1533,2019-03-13,2019,3,"Marzo",1,12,"Martes",f
1534,2019-03-14,2019,3,"Marzo",1,13,"Miércoles",f
1535,2019-03-15,2019,3,"Marzo",1,14,"Jueves",f
1536,2019-03-16,2019,3,"Marzo",1,15,"Viernes",f
1537,2019-03-17,2019,3,"Marzo",1,16,"Sábado",t
1538,2019-03-18,2019,3,"Marzo",1,17,"Domingo",t
1539,2019-03-19,2019,3,"Marzo",1,18,"Lunes",f
1540,2019-03-20,2019,3,"Marzo",1,19,"Martes",f
1541,2019-03-21,2019,3,"Marzo",1,20,"Miércoles",f
1542,2019-03-22,2019,3,"Marzo",1,21,"Jueves",f
1543,2019-03-23,2019,3,"Marzo",1,22,"Viernes",f
1544,2019-03-24,2019,3,"Marzo",1,23,"Sábado",t
1545,2019-03-25,2019,3,"Marzo",1,24,"Domingo",t
1546,2019-03-26,2019,3,"Marzo",1,25,"Lunes",f
1547,2019-03-27,2019,3,"Marzo",1,26,"Martes",f
1548,2019-03-28,2019,3,"Marzo",1,27,"Miércoles",f
1549,2019-03-29,2019,3,"Marzo",1,28,"Jueves",f
1550,2019-03-30,2019,3,"Marzo",1,29,"Viernes",f
1551,2019-03-31,2019,3,"Marzo",1,30,"Sábado",t
1552,2019-04-01,2019,3,"Marzo",1,31,"Domingo",t
1553,2019-04-02,2019,4,"Abril",2,1,"Lunes",f
1554,2019-04-03,2019,4,"Abril",2,2,"Martes",f
1555,2019-04-04,2019,4,"Abril",2,3,"Miércoles",f
1556,2019-04-05,2019,4,"Abril",2,4,"Jueves",f
1557,2019-04-06,2019,4,"Abril",2,5,"Viernes",f
1558,2019-04-07,2019,4,"Abril",2,6,"Sábado",t
1559,2019-04-08,2019,4,"Abril",2,7,"Domingo",t
1560,2019-04-09,2019,4,"Abril",2,8,"Lunes",f
1561,2019-04-10,2019,4,"Abril",2,9,"Martes",f
1562,2019-04-11,2019,4,"Abril",2,10,"Miércoles",f
1563,2019-04-12,2019,4,"Abril",2,11,"Jueves",f
1564,2019-04-13,2019,4,"Abril",2,12,"Viernes",f
1565,2019-04-14,2019,4,"Abril",2,13,"Sábado",t
1566,2019-04-15,2019,4,"Abril",2,14,"Domingo",t
1567,2019-04-16,2019,4,"Abril",2,15,"Lunes",f
1568,2019-04-17,2019,4,"Abril",2,16,"Martes",f
1569,2019-04-18,2019,4,"Abril",2,17,"Miércoles",f
1570,2019-04-19,2019,4,"Abril",2,18,"Jueves",f
1571,2019-04-20,2019,4,"Abril",2,19,"Viernes",f
1572,2019-04-21,2019,4,"Abril",2,20,"Sábado",t
1573,2019-04-22,2019,4,"Abril",2,21,"Domingo",t
1574,2019-04-23,2019,4,"Abril",2,22,"Lunes",f
1575,2019-04-24,2019,4,"Abril",2,23,"Martes",f
1576,2019-04-25,2019,4,"Abril",2,24,"Miércoles",f
1577,2019-04-26,2019,4,"Abril",2,25,"Jueves",f
1578,2019-04-27,2019,4,"Abril",2,26,"Viernes",f
1579,2019-04-28,2019,4,"Abril",2,27,"Sábado",t
1580,2019-04-29,2019,4,"Abril",2,28,"Domingo",t
1581,2019-04-30,2019,4,"Abril",2,29,"Lunes",f
1582,2019-05-01,2019,4,"Abril",2,30,"Martes",f
1583,2019-05-02,2019,5,"Mayo",2,1,"Miércoles",f
1584,2019-05-03,2019,5,"Mayo",2,2,"Jueves",f
1585,2019-05-04,2019,5,"Mayo",2,3,"Viernes",f
1586,2019-05-05,2019,5,"Mayo",2,4,"Sábado",t
1587,2019-05-06,2019,5,"Mayo",2,5,"Domingo",t
1588,2019-05-07,2019,5,"Mayo",2,6,"Lunes",f
1589,2019-05-08,2019,5,"Mayo",2,7,"Martes",f
1590,2019-05-09,2019,5,"Mayo",2,8,"Miércoles",f
1591,2019-05-10,2019,5,"Mayo",2,9,"Jueves",f
1592,2019-05-11,2019,5,"Mayo",2,10,"Viernes",f
1593,2019-05-12,2019,5,"Mayo",2,11,"Sábado",t
1594,2019-05-13,2019,5,"Mayo",2,12,"Domingo",t
1595,2019-05-14,2019,5,"Mayo",2,13,"Lunes",f
1596,2019-05-15,2019,5,"Mayo",2,14,"Martes",f
1597,2019-05-16,2019,5,"Mayo",2,15,"Miércoles",f
1598,2019-05-17,2019,5,"Mayo",2,16,"Jueves",f
1599,2019-05-18,2019,5,"Mayo",2,17,"Viernes",f
1600,2019-05-19,2019,5,"Mayo",2,18,"Sábado",t
1601,2019-05-20,2019,5,"Mayo",2,19,"Domingo",t
1602,2019-05-21,2019,5,"Mayo",2,20,"Lunes",f
1603,2019-05-22,2019,5,"Mayo",2,21,"Martes",f
1604,2019-05-23,2019,5,"Mayo",2,22,"Miércoles",f
1605,2019-05-24,2019,5,"Mayo",2,23,"Jueves",f
1606,2019-05-25,2019,5,"Mayo",2,24,"Viernes",f
1607,2019-05-26,2019,5,"Mayo",2,25,"Sábado",t
1608,2019-05-27,2019,5,"Mayo",2,26,"Domingo",t
1609,2019-05-28,2019,5,"Mayo",2,27,"Lunes",f
1610,2019-05-29,2019,5,"Mayo",2,28,"Martes",f
1611,2019-05-30,2019,5,"Mayo",2,29,"Miércoles",f
1612,2019-05-31,2019,5,"Mayo",2,30,"Jueves",f
1613,2019-06-01,2019,5,"Mayo",2,31,"Viernes",f
1614,2019-06-02,2019,6,"Junio",2,1,"Sábado",t
1615,2019-06-03,2019,6,"Junio",2,2,"Domingo",t
1616,2019-06-04,2019,6,"Junio",2,3,"Lunes",f
1617,2019-06-05,2019,6,"Junio",2,4,"Martes",f
1618,2019-06-06,2019,6,"Junio",2,5,"Miércoles",f
1619,2019-06-07,2019,6,"Junio",2,6,"Jueves",f
1620,2019-06-08,2019,6,"Junio",2,7,"Viernes",f
1621,2019-06-09,2019,6,"Junio",2,8,"Sábado",t
1622,2019-06-10,2019,6,"Junio",2,9,"Domingo",t
1623,2019-06-11,2019,6,"Junio",2,10,"Lunes",f
1624,2019-06-12,2019,6,"Junio",2,11,"Martes",f
1625,2019-06-13,2019,6,"Junio",2,12,"Miércoles",f
1626,2019-06-14,2019,6,"Junio",2,13,"Jueves",f
1627,2019-06-15,2019,6,"Junio",2,14,"Viernes",f
1628,2019-06-16,2019,6,"Junio",2,15,"Sábado",t
1629,2019-06-17,2019,6,"Junio",2,16,"Domingo",t
1630,2019-06-18,2019,6,"Junio",2,17,"Lunes",f
1631,2019-06-19,2019,6,"Junio",2,18,"Martes",f
1632,2019-06-20,2019,6,"Junio",2,19,"Miércoles",f
1633,2019-06-21,2019,6,"Junio",2,20,"Jueves",f
1634,2019-06-22,2019,6,"Junio",2,21,"Viernes",f
1635,2019-06-23,2019,6,"Junio",2,22,"Sábado",t
1636,2019-06-24,2019,6,"Junio",2,23,"Domingo",t
1637,2019-06-25,2019,6,"Junio",2,24,"Lunes",f
1638,2019-06-26,2019,6,"Junio",2,25,"Martes",f
1639,2019-06-27,2019,6,"Junio",2,26,"Miércoles",f
1640,2019-06-28,2019,6,"Junio",2,27,"Jueves",f
1641,2019-06-29,2019,6,"Junio",2,28,"Viernes",f
1642,2019-06-30,2019,6,"Junio",2,29,"Sábado",t
1643,2019-07-01,2019,6,"Junio",2,30,"Domingo",t
1644,2019-07-02,2019,7,"Julio",3,1,"Lunes",f
1645,2019-07-03,2019,7,"Julio",3,2,"Martes",f
1646,2019-07-04,2019,7,"Julio",3,3,"Miércoles",f
1647,2019-07-05,2019,7,"Julio",3,4,"Jueves",f
1648,2019-07-06,2019,7,"Julio",3,5,"Viernes",f
1649,2019-07-07,2019,7,"Julio",3,6,"Sábado",t
1650,2019-07-08,2019,7,"Julio",3,7,"Domingo",t
1651,2019-07-09,2019,7,"Julio",3,8,"Lunes",f
1652,2019-07-10,2019,7,"Julio",3,9,"Martes",f
1653,2019-07-11,2019,7,"Julio",3,10,"Miércoles",f
1654,2019-07-12,2019,7,"Julio",3,11,"Jueves",f
1655,2019-07-13,2019,7,"Julio",3,12,"Viernes",f
1656,2019-07-14,2019,7,"Julio",3,13,"Sábado",t
1657,2019-07-15,2019,7,"Julio",3,14,"Domingo",t
1658,2019-07-16,2019,7,"Julio",3,15,"Lunes",f
1659,2019-07-17,2019,7,"Julio",3,16,"Martes",f
1660,2019-07-18,2019,7,"Julio",3,17,"Miércoles",f
1661,2019-07-19,2019,7,"Julio",3,18,"Jueves",f
1662,2019-07-20,2019,7,"Julio",3,19,"Viernes",f
1663,2019-07-21,2019,7,"Julio",3,20,"Sábado",t
1664,2019-07-22,2019,7,"Julio",3,21,"Domingo",t
1665,2019-07-23,2019,7,"Julio",3,22,"Lunes",f
1666,2019-07-24,2019,7,"Julio",3,23,"Martes",f
1667,2019-07-25,2019,7,"Julio",3,24,"Miércoles",f
1668,2019-07-26,2019,7,"Julio",3,25,"Jueves",f
1669,2019-07-27,2019,7,"Julio",3,26,"Viernes",f
1670,2019-07-28,2019,7,"Julio",3,27,"Sábado",t
1671,2019-07-29,2019,7,"Julio",3,28,"Domingo",t
1672,2019-07-30,2019,7,"Julio",3,29,"Lunes",f
1673,2019-07-31,2019,7,"Julio",3,30,"Martes",f
1674,2019-08-01,2019,7,"Julio",3,31,"Miércoles",f
1675,2019-08-02,2019,8,"Agosto",3,1,"Jueves",f
1676,2019-08-03,2019,8,"Agosto",3,2,"Viernes",f
1677,2019-08-04,2019,8,"Agosto",3,3,"Sábado",t
1678,2019-08-05,2019,8,"Agosto",3,4,"Domingo",t
1679,2019-08-06,2019,8,"Agosto",3,5,"Lunes",f
1680,2019-08-07,2019,8,"Agosto",3,6,"Martes",f
1681,2019-08-08,2019,8,"Agosto",3,7,"Miércoles",f
1682,2019-08-09,2019,8,"Agosto",3,8,"Jueves",f
1683,2019-08-10,2019,8,"Agosto",3,9,"Viernes",f
1684,2019-08-11,2019,8,"Agosto",3,10,"Sábado",t
1685,2019-08-12,2019,8,"Agosto",3,11,"Domingo",t
1686,2019-08-13,2019,8,"Agosto",3,12,"Lunes",f
1687,2019-08-14,2019,8,"Agosto",3,13,"Martes",f
1688,2019-08-15,2019,8,"Agosto",3,14,"Miércoles",f
1689,2019-08-16,2019,8,"Agosto",3,15,"Jueves",f
1690,2019-08-17,2019,8,"Agosto",3,16,"Viernes",f
1691,2019-08-18,2019,8,"Agosto",3,17,"Sábado",t
1692,2019-08-19,2019,8,"Agosto",3,18,"Domingo",t
1693,2019-08-20,2019,8,"Agosto",3,19,"Lunes",f
1694,2019-08-21,2019,8,"Agosto",3,20,"Martes",f
1695,2019-08-22,2019,8,"Agosto",3,21,"Miércoles",f
1696,2019-08-23,2019,8,"Agosto",3,22,"Jueves",f
1697,2019-08-24,2019,8,"Agosto",3,23,"Viernes",f
1698,2019-08-25,2019,8,"Agosto",3,24,"Sábado",t
1699,2019-08-26,2019,8,"Agosto",3,25,"Domingo",t
1700,2019-08-27,2019,8,"Agosto",3,26,"Lunes",f
1701,2019-08-28,2019,8,"Agosto",3,27,"Martes",f
1702,2019-08-29,2019,8,"Agosto",3,28,"Miércoles",f
1703,2019-08-30,2019,8,"Agosto",3,29,"Jueves",f
1704,2019-08-31,2019,8,"Agosto",3,30,"Viernes",f
1705,2019-09-01,2019,8,"Agosto",3,31,"Sábado",t
1706,2019-09-02,2019,9,"Septiembre",3,1,"Domingo",t
1707,2019-09-03,2019,9,"Septiembre",3,2,"Lunes",f
1708,2019-09-04,2019,9,"Septiembre",3,3,"Martes",f
1709,2019-09-05,2019,9,"Septiembre",3,4,"Miércoles",f
1710,2019-09-06,2019,9,"Septiembre",3,5,"Jueves",f
1711,2019-09-07,2019,9,"Septiembre",3,6,"Viernes",f
1712,2019-09-08,2019,9,"Septiembre",3,7,"Sábado",t
1713,2019-09-09,2019,9,"Septiembre",3,8,"Domingo",t
1714,2019-09-10,2019,9,"Septiembre",3,9,"Lunes",f
1715,2019-09-11,2019,9,"Septiembre",3,10,"Martes",f
1716,2019-09-12,2019,9,"Septiembre",3,11,"Miércoles",f
1717,2019-09-13,2019,9,"Septiembre",3,12,"Jueves",f
1718,2019-09-14,2019,9,"Septiembre",3,13,"Viernes",f
1719,2019-09-15,2019,9,"Septiembre",3,14,"Sábado",t
1720,2019-09-16,2019,9,"Septiembre",3,15,"Domingo",t
1721,2019-09-17,2019,9,"Septiembre",3,16,"Lunes",f
1722,2019-09-18,2019,9,"Septiembre",3,17,"Martes",f
1723,2019-09-19,2019,9,"Septiembre",3,18,"Miércoles",f
1724,2019-09-20,2019,9,"Septiembre",3,19,"Jueves",f
1725,2019-09-21,2019,9,"Septiembre",3,20,"Viernes",f
1726,2019-09-22,2019,9,"Septiembre",3,21,"Sábado",t
1727,2019-09-23,2019,9,"Septiembre",3,22,"Domingo",t
1728,2019-09-24,2019,9,"Septiembre",3,23,"Lunes",f
1729,2019-09-25,2019,9,"Septiembre",3,24,"Martes",f
1730,2019-09-26,2019,9,"Septiembre",3,25,"Miércoles",f
1731,2019-09-27,2019,9,"Septiembre",3,26,"Jueves",f
1732,2019-09-28,2019,9,"Septiembre",3,27,"Viernes",f
1733,2019-09-29,2019,9,"Septiembre",3,28,"Sábado",t
1734,2019-09-30,2019,9,"Septiembre",3,29,"Domingo",t
1735,2019-10-01,2019,9,"Septiembre",3,30,"Lunes",f
1736,2019-10-02,2019,10,"Octubre",4,1,"Martes",f
1737,2019-10-03,2019,10,"Octubre",4,2,"Miércoles",f
1738,2019-10-04,2019,10,"Octubre",4,3,"Jueves",f
1739,2019-10-05,2019,10,"Octubre",4,4,"Viernes",f
1740,2019-10-06,2019,10,"Octubre",4,5,"Sábado",t
1741,2019-10-07,2019,10,"Octubre",4,6,"Domingo",t
1742,2019-10-08,2019,10,"Octubre",4,7,"Lunes",f
1743,2019-10-09,2019,10,"Octubre",4,8,"Martes",f
1744,2019-10-10,2019,10,"Octubre",4,9,"Miércoles",f
1745,2019-10-11,2019,10,"Octubre",4,10,"Jueves",f
1746,2019-10-12,2019,10,"Octubre",4,11,"Viernes",f
1747,2019-10-13,2019,10,"Octubre",4,12,"Sábado",t
1748,2019-10-14,2019,10,"Octubre",4,13,"Domingo",t
1749,2019-10-15,2019,10,"Octubre",4,14,"Lunes",f
1750,2019-10-16,2019,10,"Octubre",4,15,"Martes",f
1751,2019-10-17,2019,10,"Octubre",4,16,"Miércoles",f
1752,2019-10-18,2019,10,"Octubre",4,17,"Jueves",f
1753,2019-10-19,2019,10,"Octubre",4,18,"Viernes",f
1754,2019-10-20,2019,10,"Octubre",4,19,"Sábado",t
1755,2019-10-21,2019,10,"Octubre",4,20,"Domingo",t
1756,2019-10-22,2019,10,"Octubre",4,21,"Lunes",f
1757,2019-10-23,2019,10,"Octubre",4,22,"Martes",f
1758,2019-10-24,2019,10,"Octubre",4,23,"Miércoles",f
1759,2019-10-25,2019,10,"Octubre",4,24,"Jueves",f
1760,2019-10-26,2019,10,"Octubre",4,25,"Viernes",f
1761,2019-10-27,2019,10,"Octubre",4,26,"Sábado",t
1762,2019-10-28,2019,10,"Octubre",4,27,"Domingo",t
1763,2019-10-29,2019,10,"Octubre",4,28,"Lunes",f
1764,2019-10-30,2019,10,"Octubre",4,29,"Martes",f
1765,2019-10-31,2019,10,"Octubre",4,30,"Miércoles",f
1766,2019-11-01,2019,10,"Octubre",4,31,"Jueves",f
1767,2019-11-02,2019,11,"Noviembre",4,1,"Viernes",f
1768,2019-11-03,2019,11,"Noviembre",4,2,"Sábado",t
1769,2019-11-04,2019,11,"Noviembre",4,3,"Domingo",t
1770,2019-11-05,2019,11,"Noviembre",4,4,"Lunes",f
1771,2019-11-06,2019,11,"Noviembre",4,5,"Martes",f
1772,2019-11-07,2019,11,"Noviembre",4,6,"Miércoles",f
1773,2019-11-08,2019,11,"Noviembre",4,7,"Jueves",f
1774,2019-11-09,2019,11,"Noviembre",4,8,"Viernes",f
1775,2019-11-10,2019,11,"Noviembre",4,9,"Sábado",t
1776,2019-11-11,2019,11,"Noviembre",4,10,"Domingo",t
1777,2019-11-12,2019,11,"Noviembre",4,11,"Lunes",f
1778,2019-11-13,2019,11,"Noviembre",4,12,"Martes",f
1779,2019-11-14,2019,11,"Noviembre",4,13,"Miércoles",f
1780,2019-11-15,2019,11,"Noviembre",4,14,"Jueves",f
1781,2019-11-16,2019,11,"Noviembre",4,15,"Viernes",f
1782,2019-11-17,2019,11,"Noviembre",4,16,"Sábado",t
1783,2019-11-18,2019,11,"Noviembre",4,17,"Domingo",t
1784,2019-11-19,2019,11,"Noviembre",4,18,"Lunes",f
1785,2019-11-20,2019,11,"Noviembre",4,19,"Martes",f
1786,2019-11-21,2019,11,"Noviembre",4,20,"Miércoles",f
1787,2019-11-22,2019,11,"Noviembre",4,21,"Jueves",f
1788,2019-11-23,2019,11,"Noviembre",4,22,"Viernes",f
1789,2019-11-24,2019,11,"Noviembre",4,23,"Sábado",t
1790,2019-11-25,2019,11,"Noviembre",4,24,"Domingo",t
1791,2019-11-26,2019,11,"Noviembre",4,25,"Lunes",f
1792,2019-11-27,2019,11,"Noviembre",4,26,"Martes",f
1793,2019-11-28,2019,11,"Noviembre",4,27,"Miércoles",f
1794,2019-11-29,2019,11,"Noviembre",4,28,"Jueves",f
1795,2019-11-30,2019,11,"Noviembre",4,29,"Viernes",f
1796,2019-12-01,2019,11,"Noviembre",4,30,"Sábado",t
1797,2019-12-02,2019,12,"Diciembre",4,1,"Domingo",t
1798,2019-12-03,2019,12,"Diciembre",4,2,"Lunes",f
1799,2019-12-04,2019,12,"Diciembre",4,3,"Martes",f
1800,2019-12-05,2019,12,"Diciembre",4,4,"Miércoles",f
1801,2019-12-06,2019,12,"Diciembre",4,5,"Jueves",f
1802,2019-12-07,2019,12,"Diciembre",4,6,"Viernes",f
1803,2019-12-08,2019,12,"Diciembre",4,7,"Sábado",t
1804,2019-12-09,2019,12,"Diciembre",4,8,"Domingo",t
1805,2019-12-10,2019,12,"Diciembre",4,9,"Lunes",f
1806,2019-12-11,2019,12,"Diciembre",4,10,"Martes",f
1807,2019-12-12,2019,12,"Diciembre",4,11,"Miércoles",f
1808,2019-12-13,2019,12,"Diciembre",4,12,"Jueves",f
1809,2019-12-14,2019,12,"Diciembre",4,13,"Viernes",f
1810,2019-12-15,2019,12,"Diciembre",4,14,"Sábado",t
1811,2019-12-16,2019,12,"Diciembre",4,15,"Domingo",t
1812,2019-12-17,2019,12,"Diciembre",4,16,"Lunes",f
1813,2019-12-18,2019,12,"Diciembre",4,17,"Martes",f
1814,2019-12-19,2019,12,"Diciembre",4,18,"Miércoles",f
1815,2019-12-20,2019,12,"Diciembre",4,19,"Jueves",f
1816,2019-12-21,2019,12,"Diciembre",4,20,"Viernes",f
1817,2019-12-22,2019,12,"Diciembre",4,21,"Sábado",t
1818,2019-12-23,2019,12,"Diciembre",4,22,"Domingo",t
1819,2019-12-24,2019,12,"Diciembre",4,23,"Lunes",f
1820,2019-12-25,2019,12,"Diciembre",4,24,"Martes",f
1821,2019-12-26,2019,12,"Diciembre",4,25,"Miércoles",f
1822,2019-12-27,2019,12,"Diciembre",4,26,"Jueves",f
1823,2019-12-28,2019,12,"Diciembre",4,27,"Viernes",f
1824,2019-12-29,2019,12,"Diciembre",4,28,"Sábado",t
1825,2019-12-30,2019,12,"Diciembre",4,29,"Domingo",t
1826,2019-12-31,2019,12,"Diciembre",4,30,"Lunes",f
1827,2020-01-01,2019,12,"Diciembre",4,31,"Martes",f
1828,2020-01-02,2020,1,"Enero",1,1,"Miércoles",f
1829,2020-01-03,2020,1,"Enero",1,2,"Jueves",f
1830,2020-01-04,2020,1,"Enero",1,3,"Viernes",f
1831,2020-01-05,2020,1,"Enero",1,4,"Sábado",t
1832,2020-01-06,2020,1,"Enero",1,5,"Domingo",t
1833,2020-01-07,2020,1,"Enero",1,6,"Lunes",f
1834,2020-01-08,2020,1,"Enero",1,7,"Martes",f
1835,2020-01-09,2020,1,"Enero",1,8,"Miércoles",f
1836,2020-01-10,2020,1,"Enero",1,9,"Jueves",f
1837,2020-01-11,2020,1,"Enero",1,10,"Viernes",f
1838,2020-01-12,2020,1,"Enero",1,11,"Sábado",t
1839,2020-01-13,2020,1,"Enero",1,12,"Domingo",t
1840,2020-01-14,2020,1,"Enero",1,13,"Lunes",f
1841,2020-01-15,2020,1,"Enero",1,14,"Martes",f
1842,2020-01-16,2020,1,"Enero",1,15,"Miércoles",f
1843,2020-01-17,2020,1,"Enero",1,16,"Jueves",f
1844,2020-01-18,2020,1,"Enero",1,17,"Viernes",f
1845,2020-01-19,2020,1,"Enero",1,18,"Sábado",t
1846,2020-01-20,2020,1,"Enero",1,19,"Domingo",t
1847,2020-01-21,2020,1,"Enero",1,20,"Lunes",f
1848,2020-01-22,2020,1,"Enero",1,21,"Martes",f
1849,2020-01-23,2020,1,"Enero",1,22,"Miércoles",f
1850,2020-01-24,2020,1,"Enero",1,23,"Jueves",f
1851,2020-01-25,2020,1,"Enero",1,24,"Viernes",f
1852,2020-01-26,2020,1,"Enero",1,25,"Sábado",t
1853,2020-01-27,2020,1,"Enero",1,26,"Domingo",t
1854,2020-01-28,2020,1,"Enero",1,27,"Lunes",f
1855,2020-01-29,2020,1,"Enero",1,28,"Martes",f
1856,2020-01-30,2020,1,"Enero",1,29,"Miércoles",f
1857,2020-01-31,2020,1,"Enero",1,30,"Jueves",f
1858,2020-02-01,2020,1,"Enero",1,31,"Viernes",f
1859,2020-02-02,2020,2,"Febrero",1,1,"Sábado",t
1860,2020-02-03,2020,2,"Febrero",1,2,"Domingo",t
1861,2020-02-04,2020,2,"Febrero",1,3,"Lunes",f
1862,2020-02-05,2020,2,"Febrero",1,4,"Martes",f
1863,2020-02-06,2020,2,"Febrero",1,5,"Miércoles",f
1864,2020-02-07,2020,2,"Febrero",1,6,"Jueves",f
1865,2020-02-08,2020,2,"Febrero",1,7,"Viernes",f
1866,2020-02-09,2020,2,"Febrero",1,8,"Sábado",t
1867,2020-02-10,2020,2,"Febrero",1,9,"Domingo",t
1868,2020-02-11,2020,2,"Febrero",1,10,"Lunes",f
1869,2020-02-12,2020,2,"Febrero",1,11,"Martes",f
1870,2020-02-13,2020,2,"Febrero",1,12,"Miércoles",f
1871,2020-02-14,2020,2,"Febrero",1,13,"Jueves",f
1872,2020-02-15,2020,2,"Febrero",1,14,"Viernes",f
1873,2020-02-16,2020,2,"Febrero",1,15,"Sábado",t
1874,2020-02-17,2020,2,"Febrero",1,16,"Domingo",t
1875,2020-02-18,2020,2,"Febrero",1,17,"Lunes",f
1876,2020-02-19,2020,2,"Febrero",1,18,"Martes",f
1877,2020-02-20,2020,2,"Febrero",1,19,"Miércoles",f
1878,2020-02-21,2020,2,"Febrero",1,20,"Jueves",f
1879,2020-02-22,2020,2,"Febrero",1,21,"Viernes",f
1880,2020-02-23,2020,2,"Febrero",1,22,"Sábado",t
1881,2020-02-24,2020,2,"Febrero",1,23,"Domingo",t
1882,2020-02-25,2020,2,"Febrero",1,24,"Lunes",f
1883,2020-02-26,2020,2,"Febrero",1,25,"Martes",f
1884,2020-02-27,2020,2,"Febrero",1,26,"Miércoles",f
1885,2020-02-28,2020,2,"Febrero",1,27,"Jueves",f
1886,2020-02-29,2020,2,"Febrero",1,28,"Viernes",f
1887,2020-03-01,2020,2,"Febrero",1,29,"Sábado",t
1888,2020-03-02,2020,3,"Marzo",1,1,"Domingo",t
1889,2020-03-03,2020,3,"Marzo",1,2,"Lunes",f
1890,2020-03-04,2020,3,"Marzo",1,3,"Martes",f
1891,2020-03-05,2020,3,"Marzo",1,4,"Miércoles",f
1892,2020-03-06,2020,3,"Marzo",1,5,"Jueves",f
1893,2020-03-07,2020,3,"Marzo",1,6,"Viernes",f
1894,2020-03-08,2020,3,"Marzo",1,7,"Sábado",t
1895,2020-03-09,2020,3,"Marzo",1,8,"Domingo",t
1896,2020-03-10,2020,3,"Marzo",1,9,"Lunes",f
1897,2020-03-11,2020,3,"Marzo",1,10,"Martes",f
1898,2020-03-12,2020,3,"Marzo",1,11,"Miércoles",f
1899,2020-03-13,2020,3,"Marzo",1,12,"Jueves",f
1900,2020-03-14,2020,3,"Marzo",1,13,"Viernes",f
1901,2020-03-15,2020,3,"Marzo",1,14,"Sábado",t
1902,2020-03-16,2020,3,"Marzo",1,15,"Domingo",t
1903,2020-03-17,2020,3,"Marzo",1,16,"Lunes",f
1904,2020-03-18,2020,3,"Marzo",1,17,"Martes",f
1905,2020-03-19,2020,3,"Marzo",1,18,"Miércoles",f
1906,2020-03-20,2020,3,"Marzo",1,19,"Jueves",f
1907,2020-03-21,2020,3,"Marzo",1,20,"Viernes",f
1908,2020-03-22,2020,3,"Marzo",1,21,"Sábado",t
1909,2020-03-23,2020,3,"Marzo",1,22,"Domingo",t
1910,2020-03-24,2020,3,"Marzo",1,23,"Lunes",f
1911,2020-03-25,2020,3,"Marzo",1,24,"Martes",f
1912,2020-03-26,2020,3,"Marzo",1,25,"Miércoles",f
1913,2020-03-27,2020,3,"Marzo",1,26,"Jueves",f
1914,2020-03-28,2020,3,"Marzo",1,27,"Viernes",f
1915,2020-03-29,2020,3,"Marzo",1,28,"Sábado",t
1916,2020-03-30,2020,3,"Marzo",1,29,"Domingo",t
1917,2020-03-31,2020,3,"Marzo",1,30,"Lunes",f
1918,2020-04-01,2020,3,"Marzo",1,31,"Martes",f
1919,2020-04-02,2020,4,"Abril",2,1,"Miércoles",f
1920,2020-04-03,2020,4,"Abril",2,2,"Jueves",f
1921,2020-04-04,2020,4,"Abril",2,3,"Viernes",f
1922,2020-04-05,2020,4,"Abril",2,4,"Sábado",t
1923,2020-04-06,2020,4,"Abril",2,5,"Domingo",t
1924,2020-04-07,2020,4,"Abril",2,6,"Lunes",f
1925,2020-04-08,2020,4,"Abril",2,7,"Martes",f
1926,2020-04-09,2020,4,"Abril",2,8,"Miércoles",f
1927,2020-04-10,2020,4,"Abril",2,9,"Jueves",f
1928,2020-04-11,2020,4,"Abril",2,10,"Viernes",f
1929,2020-04-12,2020,4,"Abril",2,11,"Sábado",t
1930,2020-04-13,2020,4,"Abril",2,12,"Domingo",t
1931,2020-04-14,2020,4,"Abril",2,13,"Lunes",f
1932,2020-04-15,2020,4,"Abril",2,14,"Martes",f
1933,2020-04-16,2020,4,"Abril",2,15,"Miércoles",f
1934,2020-04-17,2020,4,"Abril",2,16,"Jueves",f
1935,2020-04-18,2020,4,"Abril",2,17,"Viernes",f
1936,2020-04-19,2020,4,"Abril",2,18,"Sábado",t
1937,2020-04-20,2020,4,"Abril",2,19,"Domingo",t
1938,2020-04-21,2020,4,"Abril",2,20,"Lunes",f
1939,2020-04-22,2020,4,"Abril",2,21,"Martes",f
1940,2020-04-23,2020,4,"Abril",2,22,"Miércoles",f
1941,2020-04-24,2020,4,"Abril",2,23,"Jueves",f
1942,2020-04-25,2020,4,"Abril",2,24,"Viernes",f
1943,2020-04-26,2020,4,"Abril",2,25,"Sábado",t
1944,2020-04-27,2020,4,"Abril",2,26,"Domingo",t
1945,2020-04-28,2020,4,"Abril",2,27,"Lunes",f
1946,2020-04-29,2020,4,"Abril",2,28,"Martes",f
1947,2020-04-30,2020,4,"Abril",2,29,"Miércoles",f
1948,2020-05-01,2020,4,"Abril",2,30,"Jueves",f
1949,2020-05-02,2020,5,"Mayo",2,1,"Viernes",f
1950,2020-05-03,2020,5,"Mayo",2,2,"Sábado",t
1951,2020-05-04,2020,5,"Mayo",2,3,"Domingo",t
1952,2020-05-05,2020,5,"Mayo",2,4,"Lunes",f
1953,2020-05-06,2020,5,"Mayo",2,5,"Martes",f
1954,2020-05-07,2020,5,"Mayo",2,6,"Miércoles",f
1955,2020-05-08,2020,5,"Mayo",2,7,"Jueves",f
1956,2020-05-09,2020,5,"Mayo",2,8,"Viernes",f
1957,2020-05-10,2020,5,"Mayo",2,9,"Sábado",t
1958,2020-05-11,2020,5,"Mayo",2,10,"Domingo",t
1959,2020-05-12,2020,5,"Mayo",2,11,"Lunes",f
1960,2020-05-13,2020,5,"Mayo",2,12,"Martes",f
1961,2020-05-14,2020,5,"Mayo",2,13,"Miércoles",f
1962,2020-05-15,2020,5,"Mayo",2,14,"Jueves",f
1963,2020-05-16,2020,5,"Mayo",2,15,"Viernes",f
1964,2020-05-17,2020,5,"Mayo",2,16,"Sábado",t
1965,2020-05-18,2020,5,"Mayo",2,17,"Domingo",t
1966,2020-05-19,2020,5,"Mayo",2,18,"Lunes",f
1967,2020-05-20,2020,5,"Mayo",2,19,"Martes",f
1968,2020-05-21,2020,5,"Mayo",2,20,"Miércoles",f
1969,2020-05-22,2020,5,"Mayo",2,21,"Jueves",f
1970,2020-05-23,2020,5,"Mayo",2,22,"Viernes",f
1971,2020-05-24,2020,5,"Mayo",2,23,"Sábado",t
1972,2020-05-25,2020,5,"Mayo",2,24,"Domingo",t
1973,2020-05-26,2020,5,"Mayo",2,25,"Lunes",f
1974,2020-05-27,2020,5,"Mayo",2,26,"Martes",f
1975,2020-05-28,2020,5,"Mayo",2,27,"Miércoles",f
1976,2020-05-29,2020,5,"Mayo",2,28,"Jueves",f
1977,2020-05-30,2020,5,"Mayo",2,29,"Viernes",f
1978,2020-05-31,2020,5,"Mayo",2,30,"Sábado",t
1979,2020-06-01,2020,5,"Mayo",2,31,"Domingo",t
1980,2020-06-02,2020,6,"Junio",2,1,"Lunes",f
1981,2020-06-03,2020,6,"Junio",2,2,"Martes",f
1982,2020-06-04,2020,6,"Junio",2,3,"Miércoles",f
1983,2020-06-05,2020,6,"Junio",2,4,"Jueves",f
1984,2020-06-06,2020,6,"Junio",2,5,"Viernes",f
1985,2020-06-07,2020,6,"Junio",2,6,"Sábado",t
1986,2020-06-08,2020,6,"Junio",2,7,"Domingo",t
1987,2020-06-09,2020,6,"Junio",2,8,"Lunes",f
1988,2020-06-10,2020,6,"Junio",2,9,"Martes",f
1989,2020-06-11,2020,6,"Junio",2,10,"Miércoles",f
1990,2020-06-12,2020,6,"Junio",2,11,"Jueves",f
1991,2020-06-13,2020,6,"Junio",2,12,"Viernes",f
1992,2020-06-14,2020,6,"Junio",2,13,"Sábado",t
1993,2020-06-15,2020,6,"Junio",2,14,"Domingo",t
1994,2020-06-16,2020,6,"Junio",2,15,"Lunes",f
1995,2020-06-17,2020,6,"Junio",2,16,"Martes",f
1996,2020-06-18,2020,6,"Junio",2,17,"Miércoles",f
1997,2020-06-19,2020,6,"Junio",2,18,"Jueves",f
1998,2020-06-20,2020,6,"Junio",2,19,"Viernes",f
1999,2020-06-21,2020,6,"Junio",2,20,"Sábado",t
2000,2020-06-22,2020,6,"Junio",2,21,"Domingo",t
2001,2020-06-23,2020,6,"Junio",2,22,"Lunes",f
2002,2020-06-24,2020,6,"Junio",2,23,"Martes",f
2003,2020-06-25,2020,6,"Junio",2,24,"Miércoles",f
2004,2020-06-26,2020,6,"Junio",2,25,"Jueves",f
2005,2020-06-27,2020,6,"Junio",2,26,"Viernes",f
2006,2020-06-28,2020,6,"Junio",2,27,"Sábado",t
2007,2020-06-29,2020,6,"Junio",2,28,"Domingo",t
2008,2020-06-30,2020,6,"Junio",2,29,"Lunes",f
2009,2020-07-01,2020,6,"Junio",2,30,"Martes",f
2010,2020-07-02,2020,7,"Julio",3,1,"Miércoles",f
2011,2020-07-03,2020,7,"Julio",3,2,"Jueves",f
2012,2020-07-04,2020,7,"Julio",3,3,"Viernes",f
2013,2020-07-05,2020,7,"Julio",3,4,"Sábado",t
2014,2020-07-06,2020,7,"Julio",3,5,"Domingo",t
2015,2020-07-07,2020,7,"Julio",3,6,"Lunes",f
2016,2020-07-08,2020,7,"Julio",3,7,"Martes",f
2017,2020-07-09,2020,7,"Julio",3,8,"Miércoles",f
2018,2020-07-10,2020,7,"Julio",3,9,"Jueves",f
2019,2020-07-11,2020,7,"Julio",3,10,"Viernes",f
2020,2020-07-12,2020,7,"Julio",3,11,"Sábado",t
2021,2020-07-13,2020,7,"Julio",3,12,"Domingo",t
2022,2020-07-14,2020,7,"Julio",3,13,"Lunes",f
2023,2020-07-15,2020,7,"Julio",3,14,"Martes",f
2024,2020-07-16,2020,7,"Julio",3,15,"Miércoles",f
2025,2020-07-17,2020,7,"Julio",3,16,"Jueves",f
2026,2020-07-18,2020,7,"Julio",3,17,"Viernes",f
2027,2020-07-19,2020,7,"Julio",3,18,"Sábado",t
2028,2020-07-20,2020,7,"Julio",3,19,"Domingo",t
2029,2020-07-21,2020,7,"Julio",3,20,"Lunes",f
2030,2020-07-22,2020,7,"Julio",3,21,"Martes",f
2031,2020-07-23,2020,7,"Julio",3,22,"Miércoles",f
2032,2020-07-24,2020,7,"Julio",3,23,"Jueves",f
2033,2020-07-25,2020,7,"Julio",3,24,"Viernes",f
2034,2020-07-26,2020,7,"Julio",3,25,"Sábado",t
2035,2020-07-27,2020,7,"Julio",3,26,"Domingo",t
2036,2020-07-28,2020,7,"Julio",3,27,"Lunes",f
2037,2020-07-29,2020,7,"Julio",3,28,"Martes",f
2038,2020-07-30,2020,7,"Julio",3,29,"Miércoles",f
2039,2020-07-31,2020,7,"Julio",3,30,"Jueves",f
2040,2020-08-01,2020,7,"Julio",3,31,"Viernes",f
2041,2020-08-02,2020,8,"Agosto",3,1,"Sábado",t
2042,2020-08-03,2020,8,"Agosto",3,2,"Domingo",t
2043,2020-08-04,2020,8,"Agosto",3,3,"Lunes",f
2044,2020-08-05,2020,8,"Agosto",3,4,"Martes",f
2045,2020-08-06,2020,8,"Agosto",3,5,"Miércoles",f
2046,2020-08-07,2020,8,"Agosto",3,6,"Jueves",f
2047,2020-08-08,2020,8,"Agosto",3,7,"Viernes",f
2048,2020-08-09,2020,8,"Agosto",3,8,"Sábado",t
2049,2020-08-10,2020,8,"Agosto",3,9,"Domingo",t
2050,2020-08-11,2020,8,"Agosto",3,10,"Lunes",f
2051,2020-08-12,2020,8,"Agosto",3,11,"Martes",f
2052,2020-08-13,2020,8,"Agosto",3,12,"Miércoles",f
2053,2020-08-14,2020,8,"Agosto",3,13,"Jueves",f
2054,2020-08-15,2020,8,"Agosto",3,14,"Viernes",f
2055,2020-08-16,2020,8,"Agosto",3,15,"Sábado",t
2056,2020-08-17,2020,8,"Agosto",3,16,"Domingo",t
2057,2020-08-18,2020,8,"Agosto",3,17,"Lunes",f
2058,2020-08-19,2020,8,"Agosto",3,18,"Martes",f
2059,2020-08-20,2020,8,"Agosto",3,19,"Miércoles",f
2060,2020-08-21,2020,8,"Agosto",3,20,"Jueves",f
2061,2020-08-22,2020,8,"Agosto",3,21,"Viernes",f
2062,2020-08-23,2020,8,"Agosto",3,22,"Sábado",t
2063,2020-08-24,2020,8,"Agosto",3,23,"Domingo",t
2064,2020-08-25,2020,8,"Agosto",3,24,"Lunes",f
2065,2020-08-26,2020,8,"Agosto",3,25,"Martes",f
2066,2020-08-27,2020,8,"Agosto",3,26,"Miércoles",f
2067,2020-08-28,2020,8,"Agosto",3,27,"Jueves",f
2068,2020-08-29,2020,8,"Agosto",3,28,"Viernes",f
2069,2020-08-30,2020,8,"Agosto",3,29,"Sábado",t
2070,2020-08-31,2020,8,"Agosto",3,30,"Domingo",t
2071,2020-09-01,2020,8,"Agosto",3,31,"Lunes",f
2072,2020-09-02,2020,9,"Septiembre",3,1,"Martes",f
2073,2020-09-03,2020,9,"Septiembre",3,2,"Miércoles",f
2074,2020-09-04,2020,9,"Septiembre",3,3,"Jueves",f
2075,2020-09-05,2020,9,"Septiembre",3,4,"Viernes",f
2076,2020-09-06,2020,9,"Septiembre",3,5,"Sábado",t
2077,2020-09-07,2020,9,"Septiembre",3,6,"Domingo",t
2078,2020-09-08,2020,9,"Septiembre",3,7,"Lunes",f
2079,2020-09-09,2020,9,"Septiembre",3,8,"Martes",f
2080,2020-09-10,2020,9,"Septiembre",3,9,"Miércoles",f
2081,2020-09-11,2020,9,"Septiembre",3,10,"Jueves",f
2082,2020-09-12,2020,9,"Septiembre",3,11,"Viernes",f
2083,2020-09-13,2020,9,"Septiembre",3,12,"Sábado",t
2084,2020-09-14,2020,9,"Septiembre",3,13,"Domingo",t
2085,2020-09-15,2020,9,"Septiembre",3,14,"Lunes",f
2086,2020-09-16,2020,9,"Septiembre",3,15,"Martes",f
2087,2020-09-17,2020,9,"Septiembre",3,16,"Miércoles",f
2088,2020-09-18,2020,9,"Septiembre",3,17,"Jueves",f
2089,2020-09-19,2020,9,"Septiembre",3,18,"Viernes",f
2090,2020-09-20,2020,9,"Septiembre",3,19,"Sábado",t
2091,2020-09-21,2020,9,"Septiembre",3,20,"Domingo",t
2092,2020-09-22,2020,9,"Septiembre",3,21,"Lunes",f
2093,2020-09-23,2020,9,"Septiembre",3,22,"Martes",f
2094,2020-09-24,2020,9,"Septiembre",3,23,"Miércoles",f
2095,2020-09-25,2020,9,"Septiembre",3,24,"Jueves",f
2096,2020-09-26,2020,9,"Septiembre",3,25,"Viernes",f
2097,2020-09-27,2020,9,"Septiembre",3,26,"Sábado",t
2098,2020-09-28,2020,9,"Septiembre",3,27,"Domingo",t
2099,2020-09-29,2020,9,"Septiembre",3,28,"Lunes",f
2100,2020-09-30,2020,9,"Septiembre",3,29,"Martes",f
2101,2020-10-01,2020,9,"Septiembre",3,30,"Miércoles",f
2102,2020-10-02,2020,10,"Octubre",4,1,"Jueves",f
2103,2020-10-03,2020,10,"Octubre",4,2,"Viernes",f
2104,2020-10-04,2020,10,"Octubre",4,3,"Sábado",t
2105,2020-10-05,2020,10,"Octubre",4,4,"Domingo",t
2106,2020-10-06,2020,10,"Octubre",4,5,"Lunes",f
2107,2020-10-07,2020,10,"Octubre",4,6,"Martes",f
2108,2020-10-08,2020,10,"Octubre",4,7,"Miércoles",f
2109,2020-10-09,2020,10,"Octubre",4,8,"Jueves",f
2110,2020-10-10,2020,10,"Octubre",4,9,"Viernes",f
2111,2020-10-11,2020,10,"Octubre",4,10,"Sábado",t
2112,2020-10-12,2020,10,"Octubre",4,11,"Domingo",t
2113,2020-10-13,2020,10,"Octubre",4,12,"Lunes",f
2114,2020-10-14,2020,10,"Octubre",4,13,"Martes",f
2115,2020-10-15,2020,10,"Octubre",4,14,"Miércoles",f
2116,2020-10-16,2020,10,"Octubre",4,15,"Jueves",f
2117,2020-10-17,2020,10,"Octubre",4,16,"Viernes",f
2118,2020-10-18,2020,10,"Octubre",4,17,"Sábado",t
2119,2020-10-19,2020,10,"Octubre",4,18,"Domingo",t
2120,2020-10-20,2020,10,"Octubre",4,19,"Lunes",f
2121,2020-10-21,2020,10,"Octubre",4,20,"Martes",f
2122,2020-10-22,2020,10,"Octubre",4,21,"Miércoles",f
2123,2020-10-23,2020,10,"Octubre",4,22,"Jueves",f
2124,2020-10-24,2020,10,"Octubre",4,23,"Viernes",f
2125,2020-10-25,2020,10,"Octubre",4,24,"Sábado",t
2126,2020-10-26,2020,10,"Octubre",4,25,"Domingo",t
2127,2020-10-27,2020,10,"Octubre",4,26,"Lunes",f
2128,2020-10-28,2020,10,"Octubre",4,27,"Martes",f
2129,2020-10-29,2020,10,"Octubre",4,28,"Miércoles",f
2130,2020-10-30,2020,10,"Octubre",4,29,"Jueves",f
2131,2020-10-31,2020,10,"Octubre",4,30,"Viernes",f
2132,2020-11-01,2020,10,"Octubre",4,31,"Sábado",t
2133,2020-11-02,2020,11,"Noviembre",4,1,"Domingo",t
2134,2020-11-03,2020,11,"Noviembre",4,2,"Lunes",f
2135,2020-11-04,2020,11,"Noviembre",4,3,"Martes",f
2136,2020-11-05,2020,11,"Noviembre",4,4,"Miércoles",f
2137,2020-11-06,2020,11,"Noviembre",4,5,"Jueves",f
2138,2020-11-07,2020,11,"Noviembre",4,6,"Viernes",f
2139,2020-11-08,2020,11,"Noviembre",4,7,"Sábado",t
2140,2020-11-09,2020,11,"Noviembre",4,8,"Domingo",t
2141,2020-11-10,2020,11,"Noviembre",4,9,"Lunes",f
2142,2020-11-11,2020,11,"Noviembre",4,10,"Martes",f
2143,2020-11-12,2020,11,"Noviembre",4,11,"Miércoles",f
2144,2020-11-13,2020,11,"Noviembre",4,12,"Jueves",f
2145,2020-11-14,2020,11,"Noviembre",4,13,"Viernes",f
2146,2020-11-15,2020,11,"Noviembre",4,14,"Sábado",t
2147,2020-11-16,2020,11,"Noviembre",4,15,"Domingo",t
2148,2020-11-17,2020,11,"Noviembre",4,16,"Lunes",f
2149,2020-11-18,2020,11,"Noviembre",4,17,"Martes",f
2150,2020-11-19,2020,11,"Noviembre",4,18,"Miércoles",f
2151,2020-11-20,2020,11,"Noviembre",4,19,"Jueves",f
2152,2020-11-21,2020,11,"Noviembre",4,20,"Viernes",f
2153,2020-11-22,2020,11,"Noviembre",4,21,"Sábado",t
2154,2020-11-23,2020,11,"Noviembre",4,22,"Domingo",t
2155,2020-11-24,2020,11,"Noviembre",4,23,"Lunes",f
2156,2020-11-25,2020,11,"Noviembre",4,24,"Martes",f
2157,2020-11-26,2020,11,"Noviembre",4,25,"Miércoles",f
2158,2020-11-27,2020,11,"Noviembre",4,26,"Jueves",f
2159,2020-11-28,2020,11,"Noviembre",4,27,"Viernes",f
2160,2020-11-29,2020,11,"Noviembre",4,28,"Sábado",t
2161,2020-11-30,2020,11,"Noviembre",4,29,"Domingo",t
2162,2020-12-01,2020,11,"Noviembre",4,30,"Lunes",f
2163,2020-12-02,2020,12,"Diciembre",4,1,"Martes",f
2164,2020-12-03,2020,12,"Diciembre",4,2,"Miércoles",f
2165,2020-12-04,2020,12,"Diciembre",4,3,"Jueves",f
2166,2020-12-05,2020,12,"Diciembre",4,4,"Viernes",f
2167,2020-12-06,2020,12,"Diciembre",4,5,"Sábado",t
2168,2020-12-07,2020,12,"Diciembre",4,6,"Domingo",t
2169,2020-12-08,2020,12,"Diciembre",4,7,"Lunes",f
2170,2020-12-09,2020,12,"Diciembre",4,8,"Martes",f
2171,2020-12-10,2020,12,"Diciembre",4,9,"Miércoles",f
2172,2020-12-11,2020,12,"Diciembre",4,10,"Jueves",f
2173,2020-12-12,2020,12,"Diciembre",4,11,"Viernes",f
2174,2020-12-13,2020,12,"Diciembre",4,12,"Sábado",t
2175,2020-12-14,2020,12,"Diciembre",4,13,"Domingo",t
2176,2020-12-15,2020,12,"Diciembre",4,14,"Lunes",f
2177,2020-12-16,2020,12,"Diciembre",4,15,"Martes",f
2178,2020-12-17,2020,12,"Diciembre",4,16,"Miércoles",f
2179,2020-12-18,2020,12,"Diciembre",4,17,"Jueves",f
2180,2020-12-19,2020,12,"Diciembre",4,18,"Viernes",f
2181,2020-12-20,2020,12,"Diciembre",4,19,"Sábado",t
2182,2020-12-21,2020,12,"Diciembre",4,20,"Domingo",t
2183,2020-12-22,2020,12,"Diciembre",4,21,"Lunes",f
2184,2020-12-23,2020,12,"Diciembre",4,22,"Martes",f
2185,2020-12-24,2020,12,"Diciembre",4,23,"Miércoles",f
2186,2020-12-25,2020,12,"Diciembre",4,24,"Jueves",f
2187,2020-12-26,2020,12,"Diciembre",4,25,"Viernes",f
2188,2020-12-27,2020,12,"Diciembre",4,26,"Sábado",t
2189,2020-12-28,2020,12,"Diciembre",4,27,"Domingo",t
2190,2020-12-29,2020,12,"Diciembre",4,28,"Lunes",f
2191,2020-12-30,2020,12,"Diciembre",4,29,"Martes",f
2192,2020-12-31,2020,12,"Diciembre",4,30,"Miércoles",f
2193,2021-01-01,2020,12,"Diciembre",4,31,"Jueves",f
2194,2021-01-02,2021,1,"Enero",1,1,"Viernes",f
2195,2021-01-03,2021,1,"Enero",1,2,"Sábado",t
2196,2021-01-04,2021,1,"Enero",1,3,"Domingo",t
2197,2021-01-05,2021,1,"Enero",1,4,"Lunes",f
2198,2021-01-06,2021,1,"Enero",1,5,"Martes",f
2199,2021-01-07,2021,1,"Enero",1,6,"Miércoles",f
2200,2021-01-08,2021,1,"Enero",1,7,"Jueves",f
2201,2021-01-09,2021,1,"Enero",1,8,"Viernes",f
2202,2021-01-10,2021,1,"Enero",1,9,"Sábado",t
2203,2021-01-11,2021,1,"Enero",1,10,"Domingo",t
2204,2021-01-12,2021,1,"Enero",1,11,"Lunes",f
2205,2021-01-13,2021,1,"Enero",1,12,"Martes",f
2206,2021-01-14,2021,1,"Enero",1,13,"Miércoles",f
2207,2021-01-15,2021,1,"Enero",1,14,"Jueves",f
2208,2021-01-16,2021,1,"Enero",1,15,"Viernes",f
2209,2021-01-17,2021,1,"Enero",1,16,"Sábado",t
2210,2021-01-18,2021,1,"Enero",1,17,"Domingo",t
2211,2021-01-19,2021,1,"Enero",1,18,"Lunes",f
2212,2021-01-20,2021,1,"Enero",1,19,"Martes",f
2213,2021-01-21,2021,1,"Enero",1,20,"Miércoles",f
2214,2021-01-22,2021,1,"Enero",1,21,"Jueves",f
2215,2021-01-23,2021,1,"Enero",1,22,"Viernes",f
2216,2021-01-24,2021,1,"Enero",1,23,"Sábado",t
2217,2021-01-25,2021,1,"Enero",1,24,"Domingo",t
2218,2021-01-26,2021,1,"Enero",1,25,"Lunes",f
2219,2021-01-27,2021,1,"Enero",1,26,"Martes",f
2220,2021-01-28,2021,1,"Enero",1,27,"Miércoles",f
2221,2021-01-29,2021,1,"Enero",1,28,"Jueves",f
2222,2021-01-30,2021,1,"Enero",1,29,"Viernes",f
2223,2021-01-31,2021,1,"Enero",1,30,"Sábado",t
2224,2021-02-01,2021,1,"Enero",1,31,"Domingo",t
2225,2021-02-02,2021,2,"Febrero",1,1,"Lunes",f
2226,2021-02-03,2021,2,"Febrero",1,2,"Martes",f
2227,2021-02-04,2021,2,"Febrero",1,3,"Miércoles",f
2228,2021-02-05,2021,2,"Febrero",1,4,"Jueves",f
2229,2021-02-06,2021,2,"Febrero",1,5,"Viernes",f
2230,2021-02-07,2021,2,"Febrero",1,6,"Sábado",t
2231,2021-02-08,2021,2,"Febrero",1,7,"Domingo",t
2232,2021-02-09,2021,2,"Febrero",1,8,"Lunes",f
2233,2021-02-10,2021,2,"Febrero",1,9,"Martes",f
2234,2021-02-11,2021,2,"Febrero",1,10,"Miércoles",f
2235,2021-02-12,2021,2,"Febrero",1,11,"Jueves",f
2236,2021-02-13,2021,2,"Febrero",1,12,"Viernes",f
2237,2021-02-14,2021,2,"Febrero",1,13,"Sábado",t
2238,2021-02-15,2021,2,"Febrero",1,14,"Domingo",t
2239,2021-02-16,2021,2,"Febrero",1,15,"Lunes",f
2240,2021-02-17,2021,2,"Febrero",1,16,"Martes",f
2241,2021-02-18,2021,2,"Febrero",1,17,"Miércoles",f
2242,2021-02-19,2021,2,"Febrero",1,18,"Jueves",f
2243,2021-02-20,2021,2,"Febrero",1,19,"Viernes",f
2244,2021-02-21,2021,2,"Febrero",1,20,"Sábado",t
2245,2021-02-22,2021,2,"Febrero",1,21,"Domingo",t
2246,2021-02-23,2021,2,"Febrero",1,22,"Lunes",f
2247,2021-02-24,2021,2,"Febrero",1,23,"Martes",f
2248,2021-02-25,2021,2,"Febrero",1,24,"Miércoles",f
2249,2021-02-26,2021,2,"Febrero",1,25,"Jueves",f
2250,2021-02-27,2021,2,"Febrero",1,26,"Viernes",f
2251,2021-02-28,2021,2,"Febrero",1,27,"Sábado",t
2252,2021-03-01,2021,2,"Febrero",1,28,"Domingo",t
2253,2021-03-02,2021,3,"Marzo",1,1,"Lunes",f
2254,2021-03-03,2021,3,"Marzo",1,2,"Martes",f
2255,2021-03-04,2021,3,"Marzo",1,3,"Miércoles",f
2256,2021-03-05,2021,3,"Marzo",1,4,"Jueves",f
2257,2021-03-06,2021,3,"Marzo",1,5,"Viernes",f
2258,2021-03-07,2021,3,"Marzo",1,6,"Sábado",t
2259,2021-03-08,2021,3,"Marzo",1,7,"Domingo",t
2260,2021-03-09,2021,3,"Marzo",1,8,"Lunes",f
2261,2021-03-10,2021,3,"Marzo",1,9,"Martes",f
2262,2021-03-11,2021,3,"Marzo",1,10,"Miércoles",f
2263,2021-03-12,2021,3,"Marzo",1,11,"Jueves",f
2264,2021-03-13,2021,3,"Marzo",1,12,"Viernes",f
2265,2021-03-14,2021,3,"Marzo",1,13,"Sábado",t
2266,2021-03-15,2021,3,"Marzo",1,14,"Domingo",t
2267,2021-03-16,2021,3,"Marzo",1,15,"Lunes",f
2268,2021-03-17,2021,3,"Marzo",1,16,"Martes",f
2269,2021-03-18,2021,3,"Marzo",1,17,"Miércoles",f
2270,2021-03-19,2021,3,"Marzo",1,18,"Jueves",f
2271,2021-03-20,2021,3,"Marzo",1,19,"Viernes",f
2272,2021-03-21,2021,3,"Marzo",1,20,"Sábado",t
2273,2021-03-22,2021,3,"Marzo",1,21,"Domingo",t
2274,2021-03-23,2021,3,"Marzo",1,22,"Lunes",f
2275,2021-03-24,2021,3,"Marzo",1,23,"Martes",f
2276,2021-03-25,2021,3,"Marzo",1,24,"Miércoles",f
2277,2021-03-26,2021,3,"Marzo",1,25,"Jueves",f
2278,2021-03-27,2021,3,"Marzo",1,26,"Viernes",f
2279,2021-03-28,2021,3,"Marzo",1,27,"Sábado",t
2280,2021-03-29,2021,3,"Marzo",1,28,"Domingo",t
2281,2021-03-30,2021,3,"Marzo",1,29,"Lunes",f
2282,2021-03-31,2021,3,"Marzo",1,30,"Martes",f
2283,2021-04-01,2021,3,"Marzo",1,31,"Miércoles",f
2284,2021-04-02,2021,4,"Abril",2,1,"Jueves",f
2285,2021-04-03,2021,4,"Abril",2,2,"Viernes",f
2286,2021-04-04,2021,4,"Abril",2,3,"Sábado",t
2287,2021-04-05,2021,4,"Abril",2,4,"Domingo",t
2288,2021-04-06,2021,4,"Abril",2,5,"Lunes",f
2289,2021-04-07,2021,4,"Abril",2,6,"Martes",f
2290,2021-04-08,2021,4,"Abril",2,7,"Miércoles",f
2291,2021-04-09,2021,4,"Abril",2,8,"Jueves",f
2292,2021-04-10,2021,4,"Abril",2,9,"Viernes",f
2293,2021-04-11,2021,4,"Abril",2,10,"Sábado",t
2294,2021-04-12,2021,4,"Abril",2,11,"Domingo",t
2295,2021-04-13,2021,4,"Abril",2,12,"Lunes",f
2296,2021-04-14,2021,4,"Abril",2,13,"Martes",f
2297,2021-04-15,2021,4,"Abril",2,14,"Miércoles",f
2298,2021-04-16,2021,4,"Abril",2,15,"Jueves",f
2299,2021-04-17,2021,4,"Abril",2,16,"Viernes",f
2300,2021-04-18,2021,4,"Abril",2,17,"Sábado",t
2301,2021-04-19,2021,4,"Abril",2,18,"Domingo",t
2302,2021-04-20,2021,4,"Abril",2,19,"Lunes",f
2303,2021-04-21,2021,4,"Abril",2,20,"Martes",f
2304,2021-04-22,2021,4,"Abril",2,21,"Miércoles",f
2305,2021-04-23,2021,4,"Abril",2,22,"Jueves",f
2306,2021-04-24,2021,4,"Abril",2,23,"Viernes",f
2307,2021-04-25,2021,4,"Abril",2,24,"Sábado",t
2308,2021-04-26,2021,4,"Abril",2,25,"Domingo",t
2309,2021-04-27,2021,4,"Abril",2,26,"Lunes",f
2310,2021-04-28,2021,4,"Abril",2,27,"Martes",f
2311,2021-04-29,2021,4,"Abril",2,28,"Miércoles",f
2312,2021-04-30,2021,4,"Abril",2,29,"Jueves",f
2313,2021-05-01,2021,4,"Abril",2,30,"Viernes",f
2314,2021-05-02,2021,5,"Mayo",2,1,"Sábado",t
2315,2021-05-03,2021,5,"Mayo",2,2,"Domingo",t
2316,2021-05-04,2021,5,"Mayo",2,3,"Lunes",f
2317,2021-05-05,2021,5,"Mayo",2,4,"Martes",f
2318,2021-05-06,2021,5,"Mayo",2,5,"Miércoles",f
2319,2021-05-07,2021,5,"Mayo",2,6,"Jueves",f
2320,2021-05-08,2021,5,"Mayo",2,7,"Viernes",f
2321,2021-05-09,2021,5,"Mayo",2,8,"Sábado",t
2322,2021-05-10,2021,5,"Mayo",2,9,"Domingo",t
2323,2021-05-11,2021,5,"Mayo",2,10,"Lunes",f
2324,2021-05-12,2021,5,"Mayo",2,11,"Martes",f
2325,2021-05-13,2021,5,"Mayo",2,12,"Miércoles",f
2326,2021-05-14,2021,5,"Mayo",2,13,"Jueves",f
2327,2021-05-15,2021,5,"Mayo",2,14,"Viernes",f
2328,2021-05-16,2021,5,"Mayo",2,15,"Sábado",t
2329,2021-05-17,2021,5,"Mayo",2,16,"Domingo",t
2330,2021-05-18,2021,5,"Mayo",2,17,"Lunes",f
2331,2021-05-19,2021,5,"Mayo",2,18,"Martes",f
2332,2021-05-20,2021,5,"Mayo",2,19,"Miércoles",f
2333,2021-05-21,2021,5,"Mayo",2,20,"Jueves",f
2334,2021-05-22,2021,5,"Mayo",2,21,"Viernes",f
2335,2021-05-23,2021,5,"Mayo",2,22,"Sábado",t
2336,2021-05-24,2021,5,"Mayo",2,23,"Domingo",t
2337,2021-05-25,2021,5,"Mayo",2,24,"Lunes",f
2338,2021-05-26,2021,5,"Mayo",2,25,"Martes",f
2339,2021-05-27,2021,5,"Mayo",2,26,"Miércoles",f
2340,2021-05-28,2021,5,"Mayo",2,27,"Jueves",f
2341,2021-05-29,2021,5,"Mayo",2,28,"Viernes",f
2342,2021-05-30,2021,5,"Mayo",2,29,"Sábado",t
2343,2021-05-31,2021,5,"Mayo",2,30,"Domingo",t
2344,2021-06-01,2021,5,"Mayo",2,31,"Lunes",f
2345,2021-06-02,2021,6,"Junio",2,1,"Martes",f
2346,2021-06-03,2021,6,"Junio",2,2,"Miércoles",f
2347,2021-06-04,2021,6,"Junio",2,3,"Jueves",f
2348,2021-06-05,2021,6,"Junio",2,4,"Viernes",f
2349,2021-06-06,2021,6,"Junio",2,5,"Sábado",t
2350,2021-06-07,2021,6,"Junio",2,6,"Domingo",t
2351,2021-06-08,2021,6,"Junio",2,7,"Lunes",f
2352,2021-06-09,2021,6,"Junio",2,8,"Martes",f
2353,2021-06-10,2021,6,"Junio",2,9,"Miércoles",f
2354,2021-06-11,2021,6,"Junio",2,10,"Jueves",f
2355,2021-06-12,2021,6,"Junio",2,11,"Viernes",f
2356,2021-06-13,2021,6,"Junio",2,12,"Sábado",t
2357,2021-06-14,2021,6,"Junio",2,13,"Domingo",t
2358,2021-06-15,2021,6,"Junio",2,14,"Lunes",f
2359,2021-06-16,2021,6,"Junio",2,15,"Martes",f
2360,2021-06-17,2021,6,"Junio",2,16,"Miércoles",f
2361,2021-06-18,2021,6,"Junio",2,17,"Jueves",f
2362,2021-06-19,2021,6,"Junio",2,18,"Viernes",f
2363,2021-06-20,2021,6,"Junio",2,19,"Sábado",t
2364,2021-06-21,2021,6,"Junio",2,20,"Domingo",t
2365,2021-06-22,2021,6,"Junio",2,21,"Lunes",f
2366,2021-06-23,2021,6,"Junio",2,22,"Martes",f
2367,2021-06-24,2021,6,"Junio",2,23,"Miércoles",f
2368,2021-06-25,2021,6,"Junio",2,24,"Jueves",f
2369,2021-06-26,2021,6,"Junio",2,25,"Viernes",f
2370,2021-06-27,2021,6,"Junio",2,26,"Sábado",t
2371,2021-06-28,2021,6,"Junio",2,27,"Domingo",t
2372,2021-06-29,2021,6,"Junio",2,28,"Lunes",f
2373,2021-06-30,2021,6,"Junio",2,29,"Martes",f
2374,2021-07-01,2021,6,"Junio",2,30,"Miércoles",f
2375,2021-07-02,2021,7,"Julio",3,1,"Jueves",f
2376,2021-07-03,2021,7,"Julio",3,2,"Viernes",f
2377,2021-07-04,2021,7,"Julio",3,3,"Sábado",t
2378,2021-07-05,2021,7,"Julio",3,4,"Domingo",t
2379,2021-07-06,2021,7,"Julio",3,5,"Lunes",f
2380,2021-07-07,2021,7,"Julio",3,6,"Martes",f
2381,2021-07-08,2021,7,"Julio",3,7,"Miércoles",f
2382,2021-07-09,2021,7,"Julio",3,8,"Jueves",f
2383,2021-07-10,2021,7,"Julio",3,9,"Viernes",f
2384,2021-07-11,2021,7,"Julio",3,10,"Sábado",t
2385,2021-07-12,2021,7,"Julio",3,11,"Domingo",t
2386,2021-07-13,2021,7,"Julio",3,12,"Lunes",f
2387,2021-07-14,2021,7,"Julio",3,13,"Martes",f
2388,2021-07-15,2021,7,"Julio",3,14,"Miércoles",f
2389,2021-07-16,2021,7,"Julio",3,15,"Jueves",f
2390,2021-07-17,2021,7,"Julio",3,16,"Viernes",f
2391,2021-07-18,2021,7,"Julio",3,17,"Sábado",t
2392,2021-07-19,2021,7,"Julio",3,18,"Domingo",t
2393,2021-07-20,2021,7,"Julio",3,19,"Lunes",f
2394,2021-07-21,2021,7,"Julio",3,20,"Martes",f
2395,2021-07-22,2021,7,"Julio",3,21,"Miércoles",f
2396,2021-07-23,2021,7,"Julio",3,22,"Jueves",f
2397,2021-07-24,2021,7,"Julio",3,23,"Viernes",f
2398,2021-07-25,2021,7,"Julio",3,24,"Sábado",t
2399,2021-07-26,2021,7,"Julio",3,25,"Domingo",t
2400,2021-07-27,2021,7,"Julio",3,26,"Lunes",f
2401,2021-07-28,2021,7,"Julio",3,27,"Martes",f
2402,2021-07-29,2021,7,"Julio",3,28,"Miércoles",f
2403,2021-07-30,2021,7,"Julio",3,29,"Jueves",f
2404,2021-07-31,2021,7,"Julio",3,30,"Viernes",f
2405,2021-08-01,2021,7,"Julio",3,31,"Sábado",t
2406,2021-08-02,2021,8,"Agosto",3,1,"Domingo",t
2407,2021-08-03,2021,8,"Agosto",3,2,"Lunes",f
2408,2021-08-04,2021,8,"Agosto",3,3,"Martes",f
2409,2021-08-05,2021,8,"Agosto",3,4,"Miércoles",f
2410,2021-08-06,2021,8,"Agosto",3,5,"Jueves",f
2411,2021-08-07,2021,8,"Agosto",3,6,"Viernes",f
2412,2021-08-08,2021,8,"Agosto",3,7,"Sábado",t
2413,2021-08-09,2021,8,"Agosto",3,8,"Domingo",t
2414,2021-08-10,2021,8,"Agosto",3,9,"Lunes",f
2415,2021-08-11,2021,8,"Agosto",3,10,"Martes",f
2416,2021-08-12,2021,8,"Agosto",3,11,"Miércoles",f
2417,2021-08-13,2021,8,"Agosto",3,12,"Jueves",f
2418,2021-08-14,2021,8,"Agosto",3,13,"Viernes",f
2419,2021-08-15,2021,8,"Agosto",3,14,"Sábado",t
2420,2021-08-16,2021,8,"Agosto",3,15,"Domingo",t
2421,2021-08-17,2021,8,"Agosto",3,16,"Lunes",f
2422,2021-08-18,2021,8,"Agosto",3,17,"Martes",f
2423,2021-08-19,2021,8,"Agosto",3,18,"Miércoles",f
2424,2021-08-20,2021,8,"Agosto",3,19,"Jueves",f
2425,2021-08-21,2021,8,"Agosto",3,20,"Viernes",f
2426,2021-08-22,2021,8,"Agosto",3,21,"Sábado",t
2427,2021-08-23,2021,8,"Agosto",3,22,"Domingo",t
2428,2021-08-24,2021,8,"Agosto",3,23,"Lunes",f
2429,2021-08-25,2021,8,"Agosto",3,24,"Martes",f
2430,2021-08-26,2021,8,"Agosto",3,25,"Miércoles",f
2431,2021-08-27,2021,8,"Agosto",3,26,"Jueves",f
2432,2021-08-28,2021,8,"Agosto",3,27,"Viernes",f
2433,2021-08-29,2021,8,"Agosto",3,28,"Sábado",t
2434,2021-08-30,2021,8,"Agosto",3,29,"Domingo",t
2435,2021-08-31,2021,8,"Agosto",3,30,"Lunes",f
2436,2021-09-01,2021,8,"Agosto",3,31,"Martes",f
2437,2021-09-02,2021,9,"Septiembre",3,1,"Miércoles",f
2438,2021-09-03,2021,9,"Septiembre",3,2,"Jueves",f
2439,2021-09-04,2021,9,"Septiembre",3,3,"Viernes",f
2440,2021-09-05,2021,9,"Septiembre",3,4,"Sábado",t
2441,2021-09-06,2021,9,"Septiembre",3,5,"Domingo",t
2442,2021-09-07,2021,9,"Septiembre",3,6,"Lunes",f
2443,2021-09-08,2021,9,"Septiembre",3,7,"Martes",f
2444,2021-09-09,2021,9,"Septiembre",3,8,"Miércoles",f
2445,2021-09-10,2021,9,"Septiembre",3,9,"Jueves",f
2446,2021-09-11,2021,9,"Septiembre",3,10,"Viernes",f
2447,2021-09-12,2021,9,"Septiembre",3,11,"Sábado",t
2448,2021-09-13,2021,9,"Septiembre",3,12,"Domingo",t
2449,2021-09-14,2021,9,"Septiembre",3,13,"Lunes",f
2450,2021-09-15,2021,9,"Septiembre",3,14,"Martes",f
2451,2021-09-16,2021,9,"Septiembre",3,15,"Miércoles",f
2452,2021-09-17,2021,9,"Septiembre",3,16,"Jueves",f
2453,2021-09-18,2021,9,"Septiembre",3,17,"Viernes",f
2454,2021-09-19,2021,9,"Septiembre",3,18,"Sábado",t
2455,2021-09-20,2021,9,"Septiembre",3,19,"Domingo",t
2456,2021-09-21,2021,9,"Septiembre",3,20,"Lunes",f
2457,2021-09-22,2021,9,"Septiembre",3,21,"Martes",f
2458,2021-09-23,2021,9,"Septiembre",3,22,"Miércoles",f
2459,2021-09-24,2021,9,"Septiembre",3,23,"Jueves",f
2460,2021-09-25,2021,9,"Septiembre",3,24,"Viernes",f
2461,2021-09-26,2021,9,"Septiembre",3,25,"Sábado",t
2462,2021-09-27,2021,9,"Septiembre",3,26,"Domingo",t
2463,2021-09-28,2021,9,"Septiembre",3,27,"Lunes",f
2464,2021-09-29,2021,9,"Septiembre",3,28,"Martes",f
2465,2021-09-30,2021,9,"Septiembre",3,29,"Miércoles",f
2466,2021-10-01,2021,9,"Septiembre",3,30,"Jueves",f
2467,2021-10-02,2021,10,"Octubre",4,1,"Viernes",f
2468,2021-10-03,2021,10,"Octubre",4,2,"Sábado",t
2469,2021-10-04,2021,10,"Octubre",4,3,"Domingo",t
2470,2021-10-05,2021,10,"Octubre",4,4,"Lunes",f
2471,2021-10-06,2021,10,"Octubre",4,5,"Martes",f
2472,2021-10-07,2021,10,"Octubre",4,6,"Miércoles",f
2473,2021-10-08,2021,10,"Octubre",4,7,"Jueves",f
2474,2021-10-09,2021,10,"Octubre",4,8,"Viernes",f
2475,2021-10-10,2021,10,"Octubre",4,9,"Sábado",t
2476,2021-10-11,2021,10,"Octubre",4,10,"Domingo",t
2477,2021-10-12,2021,10,"Octubre",4,11,"Lunes",f
2478,2021-10-13,2021,10,"Octubre",4,12,"Martes",f
2479,2021-10-14,2021,10,"Octubre",4,13,"Miércoles",f
2480,2021-10-15,2021,10,"Octubre",4,14,"Jueves",f
2481,2021-10-16,2021,10,"Octubre",4,15,"Viernes",f
2482,2021-10-17,2021,10,"Octubre",4,16,"Sábado",t
2483,2021-10-18,2021,10,"Octubre",4,17,"Domingo",t
2484,2021-10-19,2021,10,"Octubre",4,18,"Lunes",f
2485,2021-10-20,2021,10,"Octubre",4,19,"Martes",f
2486,2021-10-21,2021,10,"Octubre",4,20,"Miércoles",f
2487,2021-10-22,2021,10,"Octubre",4,21,"Jueves",f
2488,2021-10-23,2021,10,"Octubre",4,22,"Viernes",f
2489,2021-10-24,2021,10,"Octubre",4,23,"Sábado",t
2490,2021-10-25,2021,10,"Octubre",4,24,"Domingo",t
2491,2021-10-26,2021,10,"Octubre",4,25,"Lunes",f
2492,2021-10-27,2021,10,"Octubre",4,26,"Martes",f
2493,2021-10-28,2021,10,"Octubre",4,27,"Miércoles",f
2494,2021-10-29,2021,10,"Octubre",4,28,"Jueves",f
2495,2021-10-30,2021,10,"Octubre",4,29,"Viernes",f
2496,2021-10-31,2021,10,"Octubre",4,30,"Sábado",t
2497,2021-11-01,2021,10,"Octubre",4,31,"Domingo",t
2498,2021-11-02,2021,11,"Noviembre",4,1,"Lunes",f
2499,2021-11-03,2021,11,"Noviembre",4,2,"Martes",f
2500,2021-11-04,2021,11,"Noviembre",4,3,"Miércoles",f
2501,2021-11-05,2021,11,"Noviembre",4,4,"Jueves",f
2502,2021-11-06,2021,11,"Noviembre",4,5,"Viernes",f
2503,2021-11-07,2021,11,"Noviembre",4,6,"Sábado",t
2504,2021-11-08,2021,11,"Noviembre",4,7,"Domingo",t
2505,2021-11-09,2021,11,"Noviembre",4,8,"Lunes",f
2506,2021-11-10,2021,11,"Noviembre",4,9,"Martes",f
2507,2021-11-11,2021,11,"Noviembre",4,10,"Miércoles",f
2508,2021-11-12,2021,11,"Noviembre",4,11,"Jueves",f
2509,2021-11-13,2021,11,"Noviembre",4,12,"Viernes",f
2510,2021-11-14,2021,11,"Noviembre",4,13,"Sábado",t
2511,2021-11-15,2021,11,"Noviembre",4,14,"Domingo",t
2512,2021-11-16,2021,11,"Noviembre",4,15,"Lunes",f
2513,2021-11-17,2021,11,"Noviembre",4,16,"Martes",f
2514,2021-11-18,2021,11,"Noviembre",4,17,"Miércoles",f
2515,2021-11-19,2021,11,"Noviembre",4,18,"Jueves",f
2516,2021-11-20,2021,11,"Noviembre",4,19,"Viernes",f
2517,2021-11-21,2021,11,"Noviembre",4,20,"Sábado",t
2518,2021-11-22,2021,11,"Noviembre",4,21,"Domingo",t
2519,2021-11-23,2021,11,"Noviembre",4,22,"Lunes",f
2520,2021-11-24,2021,11,"Noviembre",4,23,"Martes",f
2521,2021-11-25,2021,11,"Noviembre",4,24,"Miércoles",f
2522,2021-11-26,2021,11,"Noviembre",4,25,"Jueves",f
2523,2021-11-27,2021,11,"Noviembre",4,26,"Viernes",f
2524,2021-11-28,2021,11,"Noviembre",4,27,"Sábado",t
2525,2021-11-29,2021,11,"Noviembre",4,28,"Domingo",t
2526,2021-11-30,2021,11,"Noviembre",4,29,"Lunes",f
2527,2021-12-01,2021,11,"Noviembre",4,30,"Martes",f
2528,2021-12-02,2021,12,"Diciembre",4,1,"Miércoles",f
2529,2021-12-03,2021,12,"Diciembre",4,2,"Jueves",f
2530,2021-12-04,2021,12,"Diciembre",4,3,"Viernes",f
2531,2021-12-05,2021,12,"Diciembre",4,4,"Sábado",t
2532,2021-12-06,2021,12,"Diciembre",4,5,"Domingo",t
2533,2021-12-07,2021,12,"Diciembre",4,6,"Lunes",f
2534,2021-12-08,2021,12,"Diciembre",4,7,"Martes",f
2535,2021-12-09,2021,12,"Diciembre",4,8,"Miércoles",f
2536,2021-12-10,2021,12,"Diciembre",4,9,"Jueves",f
2537,2021-12-11,2021,12,"Diciembre",4,10,"Viernes",f
2538,2021-12-12,2021,12,"Diciembre",4,11,"Sábado",t
2539,2021-12-13,2021,12,"Diciembre",4,12,"Domingo",t
2540,2021-12-14,2021,12,"Diciembre",4,13,"Lunes",f
2541,2021-12-15,2021,12,"Diciembre",4,14,"Martes",f
2542,2021-12-16,2021,12,"Diciembre",4,15,"Miércoles",f
2543,2021-12-17,2021,12,"Diciembre",4,16,"Jueves",f
2544,2021-12-18,2021,12,"Diciembre",4,17,"Viernes",f
2545,2021-12-19,2021,12,"Diciembre",4,18,"Sábado",t
2546,2021-12-20,2021,12,"Diciembre",4,19,"Domingo",t
2547,2021-12-21,2021,12,"Diciembre",4,20,"Lunes",f
2548,2021-12-22,2021,12,"Diciembre",4,21,"Martes",f
2549,2021-12-23,2021,12,"Diciembre",4,22,"Miércoles",f
2550,2021-12-24,2021,12,"Diciembre",4,23,"Jueves",f
2551,2021-12-25,2021,12,"Diciembre",4,24,"Viernes",f
2552,2021-12-26,2021,12,"Diciembre",4,25,"Sábado",t
2553,2021-12-27,2021,12,"Diciembre",4,26,"Domingo",t
2554,2021-12-28,2021,12,"Diciembre",4,27,"Lunes",f
2555,2021-12-29,2021,12,"Diciembre",4,28,"Martes",f
2556,2021-12-30,2021,12,"Diciembre",4,29,"Miércoles",f
2557,2021-12-31,2021,12,"Diciembre",4,30,"Jueves",f
2558,2022-01-01,2021,12,"Diciembre",4,31,"Viernes",f
2559,2022-01-02,2022,1,"Enero",1,1,"Sábado",t
2560,2022-01-03,2022,1,"Enero",1,2,"Domingo",t
2561,2022-01-04,2022,1,"Enero",1,3,"Lunes",f
2562,2022-01-05,2022,1,"Enero",1,4,"Martes",f
2563,2022-01-06,2022,1,"Enero",1,5,"Miércoles",f
2564,2022-01-07,2022,1,"Enero",1,6,"Jueves",f
2565,2022-01-08,2022,1,"Enero",1,7,"Viernes",f
2566,2022-01-09,2022,1,"Enero",1,8,"Sábado",t
2567,2022-01-10,2022,1,"Enero",1,9,"Domingo",t
2568,2022-01-11,2022,1,"Enero",1,10,"Lunes",f
2569,2022-01-12,2022,1,"Enero",1,11,"Martes",f
2570,2022-01-13,2022,1,"Enero",1,12,"Miércoles",f
2571,2022-01-14,2022,1,"Enero",1,13,"Jueves",f
2572,2022-01-15,2022,1,"Enero",1,14,"Viernes",f
2573,2022-01-16,2022,1,"Enero",1,15,"Sábado",t
2574,2022-01-17,2022,1,"Enero",1,16,"Domingo",t
2575,2022-01-18,2022,1,"Enero",1,17,"Lunes",f
2576,2022-01-19,2022,1,"Enero",1,18,"Martes",f
2577,2022-01-20,2022,1,"Enero",1,19,"Miércoles",f
2578,2022-01-21,2022,1,"Enero",1,20,"Jueves",f
2579,2022-01-22,2022,1,"Enero",1,21,"Viernes",f
2580,2022-01-23,2022,1,"Enero",1,22,"Sábado",t
2581,2022-01-24,2022,1,"Enero",1,23,"Domingo",t
2582,2022-01-25,2022,1,"Enero",1,24,"Lunes",f
2583,2022-01-26,2022,1,"Enero",1,25,"Martes",f
2584,2022-01-27,2022,1,"Enero",1,26,"Miércoles",f
2585,2022-01-28,2022,1,"Enero",1,27,"Jueves",f
2586,2022-01-29,2022,1,"Enero",1,28,"Viernes",f
2587,2022-01-30,2022,1,"Enero",1,29,"Sábado",t
2588,2022-01-31,2022,1,"Enero",1,30,"Domingo",t
2589,2022-02-01,2022,1,"Enero",1,31,"Lunes",f
2590,2022-02-02,2022,2,"Febrero",1,1,"Martes",f
2591,2022-02-03,2022,2,"Febrero",1,2,"Miércoles",f
2592,2022-02-04,2022,2,"Febrero",1,3,"Jueves",f
2593,2022-02-05,2022,2,"Febrero",1,4,"Viernes",f
2594,2022-02-06,2022,2,"Febrero",1,5,"Sábado",t
2595,2022-02-07,2022,2,"Febrero",1,6,"Domingo",t
2596,2022-02-08,2022,2,"Febrero",1,7,"Lunes",f
2597,2022-02-09,2022,2,"Febrero",1,8,"Martes",f
2598,2022-02-10,2022,2,"Febrero",1,9,"Miércoles",f
2599,2022-02-11,2022,2,"Febrero",1,10,"Jueves",f
2600,2022-02-12,2022,2,"Febrero",1,11,"Viernes",f
2601,2022-02-13,2022,2,"Febrero",1,12,"Sábado",t
2602,2022-02-14,2022,2,"Febrero",1,13,"Domingo",t
2603,2022-02-15,2022,2,"Febrero",1,14,"Lunes",f
2604,2022-02-16,2022,2,"Febrero",1,15,"Martes",f
2605,2022-02-17,2022,2,"Febrero",1,16,"Miércoles",f
2606,2022-02-18,2022,2,"Febrero",1,17,"Jueves",f
2607,2022-02-19,2022,2,"Febrero",1,18,"Viernes",f
2608,2022-02-20,2022,2,"Febrero",1,19,"Sábado",t
2609,2022-02-21,2022,2,"Febrero",1,20,"Domingo",t
2610,2022-02-22,2022,2,"Febrero",1,21,"Lunes",f
2611,2022-02-23,2022,2,"Febrero",1,22,"Martes",f
2612,2022-02-24,2022,2,"Febrero",1,23,"Miércoles",f
2613,2022-02-25,2022,2,"Febrero",1,24,"Jueves",f
2614,2022-02-26,2022,2,"Febrero",1,25,"Viernes",f
2615,2022-02-27,2022,2,"Febrero",1,26,"Sábado",t
2616,2022-02-28,2022,2,"Febrero",1,27,"Domingo",t
2617,2022-03-01,2022,2,"Febrero",1,28,"Lunes",f
2618,2022-03-02,2022,3,"Marzo",1,1,"Martes",f
2619,2022-03-03,2022,3,"Marzo",1,2,"Miércoles",f
2620,2022-03-04,2022,3,"Marzo",1,3,"Jueves",f
2621,2022-03-05,2022,3,"Marzo",1,4,"Viernes",f
2622,2022-03-06,2022,3,"Marzo",1,5,"Sábado",t
2623,2022-03-07,2022,3,"Marzo",1,6,"Domingo",t
2624,2022-03-08,2022,3,"Marzo",1,7,"Lunes",f
2625,2022-03-09,2022,3,"Marzo",1,8,"Martes",f
2626,2022-03-10,2022,3,"Marzo",1,9,"Miércoles",f
2627,2022-03-11,2022,3,"Marzo",1,10,"Jueves",f
2628,2022-03-12,2022,3,"Marzo",1,11,"Viernes",f
2629,2022-03-13,2022,3,"Marzo",1,12,"Sábado",t
2630,2022-03-14,2022,3,"Marzo",1,13,"Domingo",t
2631,2022-03-15,2022,3,"Marzo",1,14,"Lunes",f
2632,2022-03-16,2022,3,"Marzo",1,15,"Martes",f
2633,2022-03-17,2022,3,"Marzo",1,16,"Miércoles",f
2634,2022-03-18,2022,3,"Marzo",1,17,"Jueves",f
2635,2022-03-19,2022,3,"Marzo",1,18,"Viernes",f
2636,2022-03-20,2022,3,"Marzo",1,19,"Sábado",t
2637,2022-03-21,2022,3,"Marzo",1,20,"Domingo",t
2638,2022-03-22,2022,3,"Marzo",1,21,"Lunes",f
2639,2022-03-23,2022,3,"Marzo",1,22,"Martes",f
2640,2022-03-24,2022,3,"Marzo",1,23,"Miércoles",f
2641,2022-03-25,2022,3,"Marzo",1,24,"Jueves",f
2642,2022-03-26,2022,3,"Marzo",1,25,"Viernes",f
2643,2022-03-27,2022,3,"Marzo",1,26,"Sábado",t
2644,2022-03-28,2022,3,"Marzo",1,27,"Domingo",t
2645,2022-03-29,2022,3,"Marzo",1,28,"Lunes",f
2646,2022-03-30,2022,3,"Marzo",1,29,"Martes",f
2647,2022-03-31,2022,3,"Marzo",1,30,"Miércoles",f
2648,2022-04-01,2022,3,"Marzo",1,31,"Jueves",f
2649,2022-04-02,2022,4,"Abril",2,1,"Viernes",f
2650,2022-04-03,2022,4,"Abril",2,2,"Sábado",t
2651,2022-04-04,2022,4,"Abril",2,3,"Domingo",t
2652,2022-04-05,2022,4,"Abril",2,4,"Lunes",f
2653,2022-04-06,2022,4,"Abril",2,5,"Martes",f
2654,2022-04-07,2022,4,"Abril",2,6,"Miércoles",f
2655,2022-04-08,2022,4,"Abril",2,7,"Jueves",f
2656,2022-04-09,2022,4,"Abril",2,8,"Viernes",f
2657,2022-04-10,2022,4,"Abril",2,9,"Sábado",t
2658,2022-04-11,2022,4,"Abril",2,10,"Domingo",t
2659,2022-04-12,2022,4,"Abril",2,11,"Lunes",f
2660,2022-04-13,2022,4,"Abril",2,12,"Martes",f
2661,2022-04-14,2022,4,"Abril",2,13,"Miércoles",f
2662,2022-04-15,2022,4,"Abril",2,14,"Jueves",f
2663,2022-04-16,2022,4,"Abril",2,15,"Viernes",f
2664,2022-04-17,2022,4,"Abril",2,16,"Sábado",t
2665,2022-04-18,2022,4,"Abril",2,17,"Domingo",t
2666,2022-04-19,2022,4,"Abril",2,18,"Lunes",f
2667,2022-04-20,2022,4,"Abril",2,19,"Martes",f
2668,2022-04-21,2022,4,"Abril",2,20,"Miércoles",f
2669,2022-04-22,2022,4,"Abril",2,21,"Jueves",f
2670,2022-04-23,2022,4,"Abril",2,22,"Viernes",f
2671,2022-04-24,2022,4,"Abril",2,23,"Sábado",t
2672,2022-04-25,2022,4,"Abril",2,24,"Domingo",t
2673,2022-04-26,2022,4,"Abril",2,25,"Lunes",f
2674,2022-04-27,2022,4,"Abril",2,26,"Martes",f
2675,2022-04-28,2022,4,"Abril",2,27,"Miércoles",f
2676,2022-04-29,2022,4,"Abril",2,28,"Jueves",f
2677,2022-04-30,2022,4,"Abril",2,29,"Viernes",f
2678,2022-05-01,2022,4,"Abril",2,30,"Sábado",t
2679,2022-05-02,2022,5,"Mayo",2,1,"Domingo",t
2680,2022-05-03,2022,5,"Mayo",2,2,"Lunes",f
2681,2022-05-04,2022,5,"Mayo",2,3,"Martes",f
2682,2022-05-05,2022,5,"Mayo",2,4,"Miércoles",f
2683,2022-05-06,2022,5,"Mayo",2,5,"Jueves",f
2684,2022-05-07,2022,5,"Mayo",2,6,"Viernes",f
2685,2022-05-08,2022,5,"Mayo",2,7,"Sábado",t
2686,2022-05-09,2022,5,"Mayo",2,8,"Domingo",t
2687,2022-05-10,2022,5,"Mayo",2,9,"Lunes",f
2688,2022-05-11,2022,5,"Mayo",2,10,"Martes",f
2689,2022-05-12,2022,5,"Mayo",2,11,"Miércoles",f
2690,2022-05-13,2022,5,"Mayo",2,12,"Jueves",f
2691,2022-05-14,2022,5,"Mayo",2,13,"Viernes",f
2692,2022-05-15,2022,5,"Mayo",2,14,"Sábado",t
2693,2022-05-16,2022,5,"Mayo",2,15,"Domingo",t
2694,2022-05-17,2022,5,"Mayo",2,16,"Lunes",f
2695,2022-05-18,2022,5,"Mayo",2,17,"Martes",f
2696,2022-05-19,2022,5,"Mayo",2,18,"Miércoles",f
2697,2022-05-20,2022,5,"Mayo",2,19,"Jueves",f
2698,2022-05-21,2022,5,"Mayo",2,20,"Viernes",f
2699,2022-05-22,2022,5,"Mayo",2,21,"Sábado",t
2700,2022-05-23,2022,5,"Mayo",2,22,"Domingo",t
2701,2022-05-24,2022,5,"Mayo",2,23,"Lunes",f
2702,2022-05-25,2022,5,"Mayo",2,24,"Martes",f
2703,2022-05-26,2022,5,"Mayo",2,25,"Miércoles",f
2704,2022-05-27,2022,5,"Mayo",2,26,"Jueves",f
2705,2022-05-28,2022,5,"Mayo",2,27,"Viernes",f
2706,2022-05-29,2022,5,"Mayo",2,28,"Sábado",t
2707,2022-05-30,2022,5,"Mayo",2,29,"Domingo",t
2708,2022-05-31,2022,5,"Mayo",2,30,"Lunes",f
2709,2022-06-01,2022,5,"Mayo",2,31,"Martes",f
2710,2022-06-02,2022,6,"Junio",2,1,"Miércoles",f
2711,2022-06-03,2022,6,"Junio",2,2,"Jueves",f
2712,2022-06-04,2022,6,"Junio",2,3,"Viernes",f
2713,2022-06-05,2022,6,"Junio",2,4,"Sábado",t
2714,2022-06-06,2022,6,"Junio",2,5,"Domingo",t
2715,2022-06-07,2022,6,"Junio",2,6,"Lunes",f
2716,2022-06-08,2022,6,"Junio",2,7,"Martes",f
2717,2022-06-09,2022,6,"Junio",2,8,"Miércoles",f
2718,2022-06-10,2022,6,"Junio",2,9,"Jueves",f
2719,2022-06-11,2022,6,"Junio",2,10,"Viernes",f
2720,2022-06-12,2022,6,"Junio",2,11,"Sábado",t
2721,2022-06-13,2022,6,"Junio",2,12,"Domingo",t
2722,2022-06-14,2022,6,"Junio",2,13,"Lunes",f
2723,2022-06-15,2022,6,"Junio",2,14,"Martes",f
2724,2022-06-16,2022,6,"Junio",2,15,"Miércoles",f
2725,2022-06-17,2022,6,"Junio",2,16,"Jueves",f
2726,2022-06-18,2022,6,"Junio",2,17,"Viernes",f
2727,2022-06-19,2022,6,"Junio",2,18,"Sábado",t
2728,2022-06-20,2022,6,"Junio",2,19,"Domingo",t
2729,2022-06-21,2022,6,"Junio",2,20,"Lunes",f
2730,2022-06-22,2022,6,"Junio",2,21,"Martes",f
2731,2022-06-23,2022,6,"Junio",2,22,"Miércoles",f
2732,2022-06-24,2022,6,"Junio",2,23,"Jueves",f
2733,2022-06-25,2022,6,"Junio",2,24,"Viernes",f
2734,2022-06-26,2022,6,"Junio",2,25,"Sábado",t
2735,2022-06-27,2022,6,"Junio",2,26,"Domingo",t
2736,2022-06-28,2022,6,"Junio",2,27,"Lunes",f
2737,2022-06-29,2022,6,"Junio",2,28,"Martes",f
2738,2022-06-30,2022,6,"Junio",2,29,"Miércoles",f
2739,2022-07-01,2022,6,"Junio",2,30,"Jueves",f
2740,2022-07-02,2022,7,"Julio",3,1,"Viernes",f
2741,2022-07-03,2022,7,"Julio",3,2,"Sábado",t
2742,2022-07-04,2022,7,"Julio",3,3,"Domingo",t
2743,2022-07-05,2022,7,"Julio",3,4,"Lunes",f
2744,2022-07-06,2022,7,"Julio",3,5,"Martes",f
2745,2022-07-07,2022,7,"Julio",3,6,"Miércoles",f
2746,2022-07-08,2022,7,"Julio",3,7,"Jueves",f
2747,2022-07-09,2022,7,"Julio",3,8,"Viernes",f
2748,2022-07-10,2022,7,"Julio",3,9,"Sábado",t
2749,2022-07-11,2022,7,"Julio",3,10,"Domingo",t
2750,2022-07-12,2022,7,"Julio",3,11,"Lunes",f
2751,2022-07-13,2022,7,"Julio",3,12,"Martes",f
2752,2022-07-14,2022,7,"Julio",3,13,"Miércoles",f
2753,2022-07-15,2022,7,"Julio",3,14,"Jueves",f
2754,2022-07-16,2022,7,"Julio",3,15,"Viernes",f
2755,2022-07-17,2022,7,"Julio",3,16,"Sábado",t
2756,2022-07-18,2022,7,"Julio",3,17,"Domingo",t
2757,2022-07-19,2022,7,"Julio",3,18,"Lunes",f
2758,2022-07-20,2022,7,"Julio",3,19,"Martes",f
2759,2022-07-21,2022,7,"Julio",3,20,"Miércoles",f
2760,2022-07-22,2022,7,"Julio",3,21,"Jueves",f
2761,2022-07-23,2022,7,"Julio",3,22,"Viernes",f
2762,2022-07-24,2022,7,"Julio",3,23,"Sábado",t
2763,2022-07-25,2022,7,"Julio",3,24,"Domingo",t
2764,2022-07-26,2022,7,"Julio",3,25,"Lunes",f
2765,2022-07-27,2022,7,"Julio",3,26,"Martes",f
2766,2022-07-28,2022,7,"Julio",3,27,"Miércoles",f
2767,2022-07-29,2022,7,"Julio",3,28,"Jueves",f
2768,2022-07-30,2022,7,"Julio",3,29,"Viernes",f
2769,2022-07-31,2022,7,"Julio",3,30,"Sábado",t
2770,2022-08-01,2022,7,"Julio",3,31,"Domingo",t
2771,2022-08-02,2022,8,"Agosto",3,1,"Lunes",f
2772,2022-08-03,2022,8,"Agosto",3,2,"Martes",f
2773,2022-08-04,2022,8,"Agosto",3,3,"Miércoles",f
2774,2022-08-05,2022,8,"Agosto",3,4,"Jueves",f
2775,2022-08-06,2022,8,"Agosto",3,5,"Viernes",f
2776,2022-08-07,2022,8,"Agosto",3,6,"Sábado",t
2777,2022-08-08,2022,8,"Agosto",3,7,"Domingo",t
2778,2022-08-09,2022,8,"Agosto",3,8,"Lunes",f
2779,2022-08-10,2022,8,"Agosto",3,9,"Martes",f
2780,2022-08-11,2022,8,"Agosto",3,10,"Miércoles",f
2781,2022-08-12,2022,8,"Agosto",3,11,"Jueves",f
2782,2022-08-13,2022,8,"Agosto",3,12,"Viernes",f
2783,2022-08-14,2022,8,"Agosto",3,13,"Sábado",t
2784,2022-08-15,2022,8,"Agosto",3,14,"Domingo",t
2785,2022-08-16,2022,8,"Agosto",3,15,"Lunes",f
2786,2022-08-17,2022,8,"Agosto",3,16,"Martes",f
2787,2022-08-18,2022,8,"Agosto",3,17,"Miércoles",f
2788,2022-08-19,2022,8,"Agosto",3,18,"Jueves",f
2789,2022-08-20,2022,8,"Agosto",3,19,"Viernes",f
2790,2022-08-21,2022,8,"Agosto",3,20,"Sábado",t
2791,2022-08-22,2022,8,"Agosto",3,21,"Domingo",t
2792,2022-08-23,2022,8,"Agosto",3,22,"Lunes",f
2793,2022-08-24,2022,8,"Agosto",3,23,"Martes",f
2794,2022-08-25,2022,8,"Agosto",3,24,"Miércoles",f
2795,2022-08-26,2022,8,"Agosto",3,25,"Jueves",f
2796,2022-08-27,2022,8,"Agosto",3,26,"Viernes",f
2797,2022-08-28,2022,8,"Agosto",3,27,"Sábado",t
2798,2022-08-29,2022,8,"Agosto",3,28,"Domingo",t
2799,2022-08-30,2022,8,"Agosto",3,29,"Lunes",f
2800,2022-08-31,2022,8,"Agosto",3,30,"Martes",f
2801,2022-09-01,2022,8,"Agosto",3,31,"Miércoles",f
2802,2022-09-02,2022,9,"Septiembre",3,1,"Jueves",f
2803,2022-09-03,2022,9,"Septiembre",3,2,"Viernes",f
2804,2022-09-04,2022,9,"Septiembre",3,3,"Sábado",t
2805,2022-09-05,2022,9,"Septiembre",3,4,"Domingo",t
2806,2022-09-06,2022,9,"Septiembre",3,5,"Lunes",f
2807,2022-09-07,2022,9,"Septiembre",3,6,"Martes",f
2808,2022-09-08,2022,9,"Septiembre",3,7,"Miércoles",f
2809,2022-09-09,2022,9,"Septiembre",3,8,"Jueves",f
2810,2022-09-10,2022,9,"Septiembre",3,9,"Viernes",f
2811,2022-09-11,2022,9,"Septiembre",3,10,"Sábado",t
2812,2022-09-12,2022,9,"Septiembre",3,11,"Domingo",t
2813,2022-09-13,2022,9,"Septiembre",3,12,"Lunes",f
2814,2022-09-14,2022,9,"Septiembre",3,13,"Martes",f
2815,2022-09-15,2022,9,"Septiembre",3,14,"Miércoles",f
2816,2022-09-16,2022,9,"Septiembre",3,15,"Jueves",f
2817,2022-09-17,2022,9,"Septiembre",3,16,"Viernes",f
2818,2022-09-18,2022,9,"Septiembre",3,17,"Sábado",t
2819,2022-09-19,2022,9,"Septiembre",3,18,"Domingo",t
2820,2022-09-20,2022,9,"Septiembre",3,19,"Lunes",f
2821,2022-09-21,2022,9,"Septiembre",3,20,"Martes",f
2822,2022-09-22,2022,9,"Septiembre",3,21,"Miércoles",f
2823,2022-09-23,2022,9,"Septiembre",3,22,"Jueves",f
2824,2022-09-24,2022,9,"Septiembre",3,23,"Viernes",f
2825,2022-09-25,2022,9,"Septiembre",3,24,"Sábado",t
2826,2022-09-26,2022,9,"Septiembre",3,25,"Domingo",t
2827,2022-09-27,2022,9,"Septiembre",3,26,"Lunes",f
2828,2022-09-28,2022,9,"Septiembre",3,27,"Martes",f
2829,2022-09-29,2022,9,"Septiembre",3,28,"Miércoles",f
2830,2022-09-30,2022,9,"Septiembre",3,29,"Jueves",f
2831,2022-10-01,2022,9,"Septiembre",3,30,"Viernes",f
2832,2022-10-02,2022,10,"Octubre",4,1,"Sábado",t
2833,2022-10-03,2022,10,"Octubre",4,2,"Domingo",t
2834,2022-10-04,2022,10,"Octubre",4,3,"Lunes",f
2835,2022-10-05,2022,10,"Octubre",4,4,"Martes",f
2836,2022-10-06,2022,10,"Octubre",4,5,"Miércoles",f
2837,2022-10-07,2022,10,"Octubre",4,6,"Jueves",f
2838,2022-10-08,2022,10,"Octubre",4,7,"Viernes",f
2839,2022-10-09,2022,10,"Octubre",4,8,"Sábado",t
2840,2022-10-10,2022,10,"Octubre",4,9,"Domingo",t
2841,2022-10-11,2022,10,"Octubre",4,10,"Lunes",f
2842,2022-10-12,2022,10,"Octubre",4,11,"Martes",f
2843,2022-10-13,2022,10,"Octubre",4,12,"Miércoles",f
2844,2022-10-14,2022,10,"Octubre",4,13,"Jueves",f
2845,2022-10-15,2022,10,"Octubre",4,14,"Viernes",f
2846,2022-10-16,2022,10,"Octubre",4,15,"Sábado",t
2847,2022-10-17,2022,10,"Octubre",4,16,"Domingo",t
2848,2022-10-18,2022,10,"Octubre",4,17,"Lunes",f
2849,2022-10-19,2022,10,"Octubre",4,18,"Martes",f
2850,2022-10-20,2022,10,"Octubre",4,19,"Miércoles",f
2851,2022-10-21,2022,10,"Octubre",4,20,"Jueves",f
2852,2022-10-22,2022,10,"Octubre",4,21,"Viernes",f
2853,2022-10-23,2022,10,"Octubre",4,22,"Sábado",t
2854,2022-10-24,2022,10,"Octubre",4,23,"Domingo",t
2855,2022-10-25,2022,10,"Octubre",4,24,"Lunes",f
2856,2022-10-26,2022,10,"Octubre",4,25,"Martes",f
2857,2022-10-27,2022,10,"Octubre",4,26,"Miércoles",f
2858,2022-10-28,2022,10,"Octubre",4,27,"Jueves",f
2859,2022-10-29,2022,10,"Octubre",4,28,"Viernes",f
2860,2022-10-30,2022,10,"Octubre",4,29,"Sábado",t
2861,2022-10-31,2022,10,"Octubre",4,30,"Domingo",t
2862,2022-11-01,2022,10,"Octubre",4,31,"Lunes",f
2863,2022-11-02,2022,11,"Noviembre",4,1,"Martes",f
2864,2022-11-03,2022,11,"Noviembre",4,2,"Miércoles",f
2865,2022-11-04,2022,11,"Noviembre",4,3,"Jueves",f
2866,2022-11-05,2022,11,"Noviembre",4,4,"Viernes",f
2867,2022-11-06,2022,11,"Noviembre",4,5,"Sábado",t
2868,2022-11-07,2022,11,"Noviembre",4,6,"Domingo",t
2869,2022-11-08,2022,11,"Noviembre",4,7,"Lunes",f
2870,2022-11-09,2022,11,"Noviembre",4,8,"Martes",f
2871,2022-11-10,2022,11,"Noviembre",4,9,"Miércoles",f
2872,2022-11-11,2022,11,"Noviembre",4,10,"Jueves",f
2873,2022-11-12,2022,11,"Noviembre",4,11,"Viernes",f
2874,2022-11-13,2022,11,"Noviembre",4,12,"Sábado",t
2875,2022-11-14,2022,11,"Noviembre",4,13,"Domingo",t
2876,2022-11-15,2022,11,"Noviembre",4,14,"Lunes",f
2877,2022-11-16,2022,11,"Noviembre",4,15,"Martes",f
2878,2022-11-17,2022,11,"Noviembre",4,16,"Miércoles",f
2879,2022-11-18,2022,11,"Noviembre",4,17,"Jueves",f
2880,2022-11-19,2022,11,"Noviembre",4,18,"Viernes",f
2881,2022-11-20,2022,11,"Noviembre",4,19,"Sábado",t
2882,2022-11-21,2022,11,"Noviembre",4,20,"Domingo",t
2883,2022-11-22,2022,11,"Noviembre",4,21,"Lunes",f
2884,2022-11-23,2022,11,"Noviembre",4,22,"Martes",f
2885,2022-11-24,2022,11,"Noviembre",4,23,"Miércoles",f
2886,2022-11-25,2022,11,"Noviembre",4,24,"Jueves",f
2887,2022-11-26,2022,11,"Noviembre",4,25,"Viernes",f
2888,2022-11-27,2022,11,"Noviembre",4,26,"Sábado",t
2889,2022-11-28,2022,11,"Noviembre",4,27,"Domingo",t
2890,2022-11-29,2022,11,"Noviembre",4,28,"Lunes",f
2891,2022-11-30,2022,11,"Noviembre",4,29,"Martes",f
2892,2022-12-01,2022,11,"Noviembre",4,30,"Miércoles",f
2893,2022-12-02,2022,12,"Diciembre",4,1,"Jueves",f
2894,2022-12-03,2022,12,"Diciembre",4,2,"Viernes",f
2895,2022-12-04,2022,12,"Diciembre",4,3,"Sábado",t
2896,2022-12-05,2022,12,"Diciembre",4,4,"Domingo",t
2897,2022-12-06,2022,12,"Diciembre",4,5,"Lunes",f
2898,2022-12-07,2022,12,"Diciembre",4,6,"Martes",f
2899,2022-12-08,2022,12,"Diciembre",4,7,"Miércoles",f
2900,2022-12-09,2022,12,"Diciembre",4,8,"Jueves",f
2901,2022-12-10,2022,12,"Diciembre",4,9,"Viernes",f
2902,2022-12-11,2022,12,"Diciembre",4,10,"Sábado",t
2903,2022-12-12,2022,12,"Diciembre",4,11,"Domingo",t
2904,2022-12-13,2022,12,"Diciembre",4,12,"Lunes",f
2905,2022-12-14,2022,12,"Diciembre",4,13,"Martes",f
2906,2022-12-15,2022,12,"Diciembre",4,14,"Miércoles",f
2907,2022-12-16,2022,12,"Diciembre",4,15,"Jueves",f
2908,2022-12-17,2022,12,"Diciembre",4,16,"Viernes",f
2909,2022-12-18,2022,12,"Diciembre",4,17,"Sábado",t
2910,2022-12-19,2022,12,"Diciembre",4,18,"Domingo",t
2911,2022-12-20,2022,12,"Diciembre",4,19,"Lunes",f
2912,2022-12-21,2022,12,"Diciembre",4,20,"Martes",f
2913,2022-12-22,2022,12,"Diciembre",4,21,"Miércoles",f
2914,2022-12-23,2022,12,"Diciembre",4,22,"Jueves",f
2915,2022-12-24,2022,12,"Diciembre",4,23,"Viernes",f
2916,2022-12-25,2022,12,"Diciembre",4,24,"Sábado",t
2917,2022-12-26,2022,12,"Diciembre",4,25,"Domingo",t
2918,2022-12-27,2022,12,"Diciembre",4,26,"Lunes",f
2919,2022-12-28,2022,12,"Diciembre",4,27,"Martes",f
2920,2022-12-29,2022,12,"Diciembre",4,28,"Miércoles",f
2921,2022-12-30,2022,12,"Diciembre",4,29,"Jueves",f
2922,2022-12-31,2022,12,"Diciembre",4,30,"Viernes",f
2923,2023-01-01,2022,12,"Diciembre",4,31,"Sábado",t
2924,2023-01-02,2023,1,"Enero",1,1,"Domingo",t
2925,2023-01-03,2023,1,"Enero",1,2,"Lunes",f
2926,2023-01-04,2023,1,"Enero",1,3,"Martes",f
2927,2023-01-05,2023,1,"Enero",1,4,"Miércoles",f
2928,2023-01-06,2023,1,"Enero",1,5,"Jueves",f
2929,2023-01-07,2023,1,"Enero",1,6,"Viernes",f
2930,2023-01-08,2023,1,"Enero",1,7,"Sábado",t
2931,2023-01-09,2023,1,"Enero",1,8,"Domingo",t
2932,2023-01-10,2023,1,"Enero",1,9,"Lunes",f
2933,2023-01-11,2023,1,"Enero",1,10,"Martes",f
2934,2023-01-12,2023,1,"Enero",1,11,"Miércoles",f
2935,2023-01-13,2023,1,"Enero",1,12,"Jueves",f
2936,2023-01-14,2023,1,"Enero",1,13,"Viernes",f
2937,2023-01-15,2023,1,"Enero",1,14,"Sábado",t
2938,2023-01-16,2023,1,"Enero",1,15,"Domingo",t
2939,2023-01-17,2023,1,"Enero",1,16,"Lunes",f
2940,2023-01-18,2023,1,"Enero",1,17,"Martes",f
2941,2023-01-19,2023,1,"Enero",1,18,"Miércoles",f
2942,2023-01-20,2023,1,"Enero",1,19,"Jueves",f
2943,2023-01-21,2023,1,"Enero",1,20,"Viernes",f
2944,2023-01-22,2023,1,"Enero",1,21,"Sábado",t
2945,2023-01-23,2023,1,"Enero",1,22,"Domingo",t
2946,2023-01-24,2023,1,"Enero",1,23,"Lunes",f
2947,2023-01-25,2023,1,"Enero",1,24,"Martes",f
2948,2023-01-26,2023,1,"Enero",1,25,"Miércoles",f
2949,2023-01-27,2023,1,"Enero",1,26,"Jueves",f
2950,2023-01-28,2023,1,"Enero",1,27,"Viernes",f
2951,2023-01-29,2023,1,"Enero",1,28,"Sábado",t
2952,2023-01-30,2023,1,"Enero",1,29,"Domingo",t
2953,2023-01-31,2023,1,"Enero",1,30,"Lunes",f
2954,2023-02-01,2023,1,"Enero",1,31,"Martes",f
2955,2023-02-02,2023,2,"Febrero",1,1,"Miércoles",f
2956,2023-02-03,2023,2,"Febrero",1,2,"Jueves",f
2957,2023-02-04,2023,2,"Febrero",1,3,"Viernes",f
2958,2023-02-05,2023,2,"Febrero",1,4,"Sábado",t
2959,2023-02-06,2023,2,"Febrero",1,5,"Domingo",t
2960,2023-02-07,2023,2,"Febrero",1,6,"Lunes",f
2961,2023-02-08,2023,2,"Febrero",1,7,"Martes",f
2962,2023-02-09,2023,2,"Febrero",1,8,"Miércoles",f
2963,2023-02-10,2023,2,"Febrero",1,9,"Jueves",f
2964,2023-02-11,2023,2,"Febrero",1,10,"Viernes",f
2965,2023-02-12,2023,2,"Febrero",1,11,"Sábado",t
2966,2023-02-13,2023,2,"Febrero",1,12,"Domingo",t
2967,2023-02-14,2023,2,"Febrero",1,13,"Lunes",f
2968,2023-02-15,2023,2,"Febrero",1,14,"Martes",f
2969,2023-02-16,2023,2,"Febrero",1,15,"Miércoles",f
2970,2023-02-17,2023,2,"Febrero",1,16,"Jueves",f
2971,2023-02-18,2023,2,"Febrero",1,17,"Viernes",f
2972,2023-02-19,2023,2,"Febrero",1,18,"Sábado",t
2973,2023-02-20,2023,2,"Febrero",1,19,"Domingo",t
2974,2023-02-21,2023,2,"Febrero",1,20,"Lunes",f
2975,2023-02-22,2023,2,"Febrero",1,21,"Martes",f
2976,2023-02-23,2023,2,"Febrero",1,22,"Miércoles",f
2977,2023-02-24,2023,2,"Febrero",1,23,"Jueves",f
2978,2023-02-25,2023,2,"Febrero",1,24,"Viernes",f
2979,2023-02-26,2023,2,"Febrero",1,25,"Sábado",t
2980,2023-02-27,2023,2,"Febrero",1,26,"Domingo",t
2981,2023-02-28,2023,2,"Febrero",1,27,"Lunes",f
2982,2023-03-01,2023,2,"Febrero",1,28,"Martes",f
2983,2023-03-02,2023,3,"Marzo",1,1,"Miércoles",f
2984,2023-03-03,2023,3,"Marzo",1,2,"Jueves",f
2985,2023-03-04,2023,3,"Marzo",1,3,"Viernes",f
2986,2023-03-05,2023,3,"Marzo",1,4,"Sábado",t
2987,2023-03-06,2023,3,"Marzo",1,5,"Domingo",t
2988,2023-03-07,2023,3,"Marzo",1,6,"Lunes",f
2989,2023-03-08,2023,3,"Marzo",1,7,"Martes",f
2990,2023-03-09,2023,3,"Marzo",1,8,"Miércoles",f
2991,2023-03-10,2023,3,"Marzo",1,9,"Jueves",f
2992,2023-03-11,2023,3,"Marzo",1,10,"Viernes",f
2993,2023-03-12,2023,3,"Marzo",1,11,"Sábado",t
2994,2023-03-13,2023,3,"Marzo",1,12,"Domingo",t
2995,2023-03-14,2023,3,"Marzo",1,13,"Lunes",f
2996,2023-03-15,2023,3,"Marzo",1,14,"Martes",f
2997,2023-03-16,2023,3,"Marzo",1,15,"Miércoles",f
2998,2023-03-17,2023,3,"Marzo",1,16,"Jueves",f
2999,2023-03-18,2023,3,"Marzo",1,17,"Viernes",f
3000,2023-03-19,2023,3,"Marzo",1,18,"Sábado",t
3001,2023-03-20,2023,3,"Marzo",1,19,"Domingo",t
3002,2023-03-21,2023,3,"Marzo",1,20,"Lunes",f
3003,2023-03-22,2023,3,"Marzo",1,21,"Martes",f
3004,2023-03-23,2023,3,"Marzo",1,22,"Miércoles",f
3005,2023-03-24,2023,3,"Marzo",1,23,"Jueves",f
3006,2023-03-25,2023,3,"Marzo",1,24,"Viernes",f
3007,2023-03-26,2023,3,"Marzo",1,25,"Sábado",t
3008,2023-03-27,2023,3,"Marzo",1,26,"Domingo",t
3009,2023-03-28,2023,3,"Marzo",1,27,"Lunes",f
3010,2023-03-29,2023,3,"Marzo",1,28,"Martes",f
3011,2023-03-30,2023,3,"Marzo",1,29,"Miércoles",f
3012,2023-03-31,2023,3,"Marzo",1,30,"Jueves",f
3013,2023-04-01,2023,3,"Marzo",1,31,"Viernes",f
3014,2023-04-02,2023,4,"Abril",2,1,"Sábado",t
3015,2023-04-03,2023,4,"Abril",2,2,"Domingo",t
3016,2023-04-04,2023,4,"Abril",2,3,"Lunes",f
3017,2023-04-05,2023,4,"Abril",2,4,"Martes",f
3018,2023-04-06,2023,4,"Abril",2,5,"Miércoles",f
3019,2023-04-07,2023,4,"Abril",2,6,"Jueves",f
3020,2023-04-08,2023,4,"Abril",2,7,"Viernes",f
3021,2023-04-09,2023,4,"Abril",2,8,"Sábado",t
3022,2023-04-10,2023,4,"Abril",2,9,"Domingo",t
3023,2023-04-11,2023,4,"Abril",2,10,"Lunes",f
3024,2023-04-12,2023,4,"Abril",2,11,"Martes",f
3025,2023-04-13,2023,4,"Abril",2,12,"Miércoles",f
3026,2023-04-14,2023,4,"Abril",2,13,"Jueves",f
3027,2023-04-15,2023,4,"Abril",2,14,"Viernes",f
3028,2023-04-16,2023,4,"Abril",2,15,"Sábado",t
3029,2023-04-17,2023,4,"Abril",2,16,"Domingo",t
3030,2023-04-18,2023,4,"Abril",2,17,"Lunes",f
3031,2023-04-19,2023,4,"Abril",2,18,"Martes",f
3032,2023-04-20,2023,4,"Abril",2,19,"Miércoles",f
3033,2023-04-21,2023,4,"Abril",2,20,"Jueves",f
3034,2023-04-22,2023,4,"Abril",2,21,"Viernes",f
3035,2023-04-23,2023,4,"Abril",2,22,"Sábado",t
3036,2023-04-24,2023,4,"Abril",2,23,"Domingo",t
3037,2023-04-25,2023,4,"Abril",2,24,"Lunes",f
3038,2023-04-26,2023,4,"Abril",2,25,"Martes",f
3039,2023-04-27,2023,4,"Abril",2,26,"Miércoles",f
3040,2023-04-28,2023,4,"Abril",2,27,"Jueves",f
3041,2023-04-29,2023,4,"Abril",2,28,"Viernes",f
3042,2023-04-30,2023,4,"Abril",2,29,"Sábado",t
3043,2023-05-01,2023,4,"Abril",2,30,"Domingo",t
3044,2023-05-02,2023,5,"Mayo",2,1,"Lunes",f
3045,2023-05-03,2023,5,"Mayo",2,2,"Martes",f
3046,2023-05-04,2023,5,"Mayo",2,3,"Miércoles",f
3047,2023-05-05,2023,5,"Mayo",2,4,"Jueves",f
3048,2023-05-06,2023,5,"Mayo",2,5,"Viernes",f
3049,2023-05-07,2023,5,"Mayo",2,6,"Sábado",t
3050,2023-05-08,2023,5,"Mayo",2,7,"Domingo",t
3051,2023-05-09,2023,5,"Mayo",2,8,"Lunes",f
3052,2023-05-10,2023,5,"Mayo",2,9,"Martes",f
3053,2023-05-11,2023,5,"Mayo",2,10,"Miércoles",f
3054,2023-05-12,2023,5,"Mayo",2,11,"Jueves",f
3055,2023-05-13,2023,5,"Mayo",2,12,"Viernes",f
3056,2023-05-14,2023,5,"Mayo",2,13,"Sábado",t
3057,2023-05-15,2023,5,"Mayo",2,14,"Domingo",t
3058,2023-05-16,2023,5,"Mayo",2,15,"Lunes",f
3059,2023-05-17,2023,5,"Mayo",2,16,"Martes",f
3060,2023-05-18,2023,5,"Mayo",2,17,"Miércoles",f
3061,2023-05-19,2023,5,"Mayo",2,18,"Jueves",f
3062,2023-05-20,2023,5,"Mayo",2,19,"Viernes",f
3063,2023-05-21,2023,5,"Mayo",2,20,"Sábado",t
3064,2023-05-22,2023,5,"Mayo",2,21,"Domingo",t
3065,2023-05-23,2023,5,"Mayo",2,22,"Lunes",f
3066,2023-05-24,2023,5,"Mayo",2,23,"Martes",f
3067,2023-05-25,2023,5,"Mayo",2,24,"Miércoles",f
3068,2023-05-26,2023,5,"Mayo",2,25,"Jueves",f
3069,2023-05-27,2023,5,"Mayo",2,26,"Viernes",f
3070,2023-05-28,2023,5,"Mayo",2,27,"Sábado",t
3071,2023-05-29,2023,5,"Mayo",2,28,"Domingo",t
3072,2023-05-30,2023,5,"Mayo",2,29,"Lunes",f
3073,2023-05-31,2023,5,"Mayo",2,30,"Martes",f
3074,2023-06-01,2023,5,"Mayo",2,31,"Miércoles",f
3075,2023-06-02,2023,6,"Junio",2,1,"Jueves",f
3076,2023-06-03,2023,6,"Junio",2,2,"Viernes",f
3077,2023-06-04,2023,6,"Junio",2,3,"Sábado",t
3078,2023-06-05,2023,6,"Junio",2,4,"Domingo",t
3079,2023-06-06,2023,6,"Junio",2,5,"Lunes",f
3080,2023-06-07,2023,6,"Junio",2,6,"Martes",f
3081,2023-06-08,2023,6,"Junio",2,7,"Miércoles",f
3082,2023-06-09,2023,6,"Junio",2,8,"Jueves",f
3083,2023-06-10,2023,6,"Junio",2,9,"Viernes",f
3084,2023-06-11,2023,6,"Junio",2,10,"Sábado",t
3085,2023-06-12,2023,6,"Junio",2,11,"Domingo",t
3086,2023-06-13,2023,6,"Junio",2,12,"Lunes",f
3087,2023-06-14,2023,6,"Junio",2,13,"Martes",f
3088,2023-06-15,2023,6,"Junio",2,14,"Miércoles",f
3089,2023-06-16,2023,6,"Junio",2,15,"Jueves",f
3090,2023-06-17,2023,6,"Junio",2,16,"Viernes",f
3091,2023-06-18,2023,6,"Junio",2,17,"Sábado",t
3092,2023-06-19,2023,6,"Junio",2,18,"Domingo",t
3093,2023-06-20,2023,6,"Junio",2,19,"Lunes",f
3094,2023-06-21,2023,6,"Junio",2,20,"Martes",f
3095,2023-06-22,2023,6,"Junio",2,21,"Miércoles",f
3096,2023-06-23,2023,6,"Junio",2,22,"Jueves",f
3097,2023-06-24,2023,6,"Junio",2,23,"Viernes",f
3098,2023-06-25,2023,6,"Junio",2,24,"Sábado",t
3099,2023-06-26,2023,6,"Junio",2,25,"Domingo",t
3100,2023-06-27,2023,6,"Junio",2,26,"Lunes",f
3101,2023-06-28,2023,6,"Junio",2,27,"Martes",f
3102,2023-06-29,2023,6,"Junio",2,28,"Miércoles",f
3103,2023-06-30,2023,6,"Junio",2,29,"Jueves",f
3104,2023-07-01,2023,6,"Junio",2,30,"Viernes",f
3105,2023-07-02,2023,7,"Julio",3,1,"Sábado",t
3106,2023-07-03,2023,7,"Julio",3,2,"Domingo",t
3107,2023-07-04,2023,7,"Julio",3,3,"Lunes",f
3108,2023-07-05,2023,7,"Julio",3,4,"Martes",f
3109,2023-07-06,2023,7,"Julio",3,5,"Miércoles",f
3110,2023-07-07,2023,7,"Julio",3,6,"Jueves",f
3111,2023-07-08,2023,7,"Julio",3,7,"Viernes",f
3112,2023-07-09,2023,7,"Julio",3,8,"Sábado",t
3113,2023-07-10,2023,7,"Julio",3,9,"Domingo",t
3114,2023-07-11,2023,7,"Julio",3,10,"Lunes",f
3115,2023-07-12,2023,7,"Julio",3,11,"Martes",f
3116,2023-07-13,2023,7,"Julio",3,12,"Miércoles",f
3117,2023-07-14,2023,7,"Julio",3,13,"Jueves",f
3118,2023-07-15,2023,7,"Julio",3,14,"Viernes",f
3119,2023-07-16,2023,7,"Julio",3,15,"Sábado",t
3120,2023-07-17,2023,7,"Julio",3,16,"Domingo",t
3121,2023-07-18,2023,7,"Julio",3,17,"Lunes",f
3122,2023-07-19,2023,7,"Julio",3,18,"Martes",f
3123,2023-07-20,2023,7,"Julio",3,19,"Miércoles",f
3124,2023-07-21,2023,7,"Julio",3,20,"Jueves",f
3125,2023-07-22,2023,7,"Julio",3,21,"Viernes",f
3126,2023-07-23,2023,7,"Julio",3,22,"Sábado",t
3127,2023-07-24,2023,7,"Julio",3,23,"Domingo",t
3128,2023-07-25,2023,7,"Julio",3,24,"Lunes",f
3129,2023-07-26,2023,7,"Julio",3,25,"Martes",f
3130,2023-07-27,2023,7,"Julio",3,26,"Miércoles",f
3131,2023-07-28,2023,7,"Julio",3,27,"Jueves",f
3132,2023-07-29,2023,7,"Julio",3,28,"Viernes",f
3133,2023-07-30,2023,7,"Julio",3,29,"Sábado",t
3134,2023-07-31,2023,7,"Julio",3,30,"Domingo",t
3135,2023-08-01,2023,7,"Julio",3,31,"Lunes",f
3136,2023-08-02,2023,8,"Agosto",3,1,"Martes",f
3137,2023-08-03,2023,8,"Agosto",3,2,"Miércoles",f
3138,2023-08-04,2023,8,"Agosto",3,3,"Jueves",f
3139,2023-08-05,2023,8,"Agosto",3,4,"Viernes",f
3140,2023-08-06,2023,8,"Agosto",3,5,"Sábado",t
3141,2023-08-07,2023,8,"Agosto",3,6,"Domingo",t
3142,2023-08-08,2023,8,"Agosto",3,7,"Lunes",f
3143,2023-08-09,2023,8,"Agosto",3,8,"Martes",f
3144,2023-08-10,2023,8,"Agosto",3,9,"Miércoles",f
3145,2023-08-11,2023,8,"Agosto",3,10,"Jueves",f
3146,2023-08-12,2023,8,"Agosto",3,11,"Viernes",f
3147,2023-08-13,2023,8,"Agosto",3,12,"Sábado",t
3148,2023-08-14,2023,8,"Agosto",3,13,"Domingo",t
3149,2023-08-15,2023,8,"Agosto",3,14,"Lunes",f
3150,2023-08-16,2023,8,"Agosto",3,15,"Martes",f
3151,2023-08-17,2023,8,"Agosto",3,16,"Miércoles",f
3152,2023-08-18,2023,8,"Agosto",3,17,"Jueves",f
3153,2023-08-19,2023,8,"Agosto",3,18,"Viernes",f
3154,2023-08-20,2023,8,"Agosto",3,19,"Sábado",t
3155,2023-08-21,2023,8,"Agosto",3,20,"Domingo",t
3156,2023-08-22,2023,8,"Agosto",3,21,"Lunes",f
3157,2023-08-23,2023,8,"Agosto",3,22,"Martes",f
3158,2023-08-24,2023,8,"Agosto",3,23,"Miércoles",f
3159,2023-08-25,2023,8,"Agosto",3,24,"Jueves",f
3160,2023-08-26,2023,8,"Agosto",3,25,"Viernes",f
3161,2023-08-27,2023,8,"Agosto",3,26,"Sábado",t
3162,2023-08-28,2023,8,"Agosto",3,27,"Domingo",t
3163,2023-08-29,2023,8,"Agosto",3,28,"Lunes",f
3164,2023-08-30,2023,8,"Agosto",3,29,"Martes",f
3165,2023-08-31,2023,8,"Agosto",3,30,"Miércoles",f
3166,2023-09-01,2023,8,"Agosto",3,31,"Jueves",f
3167,2023-09-02,2023,9,"Septiembre",3,1,"Viernes",f
3168,2023-09-03,2023,9,"Septiembre",3,2,"Sábado",t
3169,2023-09-04,2023,9,"Septiembre",3,3,"Domingo",t
3170,2023-09-05,2023,9,"Septiembre",3,4,"Lunes",f
3171,2023-09-06,2023,9,"Septiembre",3,5,"Martes",f
3172,2023-09-07,2023,9,"Septiembre",3,6,"Miércoles",f
3173,2023-09-08,2023,9,"Septiembre",3,7,"Jueves",f
3174,2023-09-09,2023,9,"Septiembre",3,8,"Viernes",f
3175,2023-09-10,2023,9,"Septiembre",3,9,"Sábado",t
3176,2023-09-11,2023,9,"Septiembre",3,10,"Domingo",t
3177,2023-09-12,2023,9,"Septiembre",3,11,"Lunes",f
3178,2023-09-13,2023,9,"Septiembre",3,12,"Martes",f
3179,2023-09-14,2023,9,"Septiembre",3,13,"Miércoles",f
3180,2023-09-15,2023,9,"Septiembre",3,14,"Jueves",f
3181,2023-09-16,2023,9,"Septiembre",3,15,"Viernes",f
3182,2023-09-17,2023,9,"Septiembre",3,16,"Sábado",t
3183,2023-09-18,2023,9,"Septiembre",3,17,"Domingo",t
3184,2023-09-19,2023,9,"Septiembre",3,18,"Lunes",f
3185,2023-09-20,2023,9,"Septiembre",3,19,"Martes",f
3186,2023-09-21,2023,9,"Septiembre",3,20,"Miércoles",f
3187,2023-09-22,2023,9,"Septiembre",3,21,"Jueves",f
3188,2023-09-23,2023,9,"Septiembre",3,22,"Viernes",f
3189,2023-09-24,2023,9,"Septiembre",3,23,"Sábado",t
3190,2023-09-25,2023,9,"Septiembre",3,24,"Domingo",t
3191,2023-09-26,2023,9,"Septiembre",3,25,"Lunes",f
3192,2023-09-27,2023,9,"Septiembre",3,26,"Martes",f
3193,2023-09-28,2023,9,"Septiembre",3,27,"Miércoles",f
3194,2023-09-29,2023,9,"Septiembre",3,28,"Jueves",f
3195,2023-09-30,2023,9,"Septiembre",3,29,"Viernes",f
3196,2023-10-01,2023,9,"Septiembre",3,30,"Sábado",t
3197,2023-10-02,2023,10,"Octubre",4,1,"Domingo",t
3198,2023-10-03,2023,10,"Octubre",4,2,"Lunes",f
3199,2023-10-04,2023,10,"Octubre",4,3,"Martes",f
3200,2023-10-05,2023,10,"Octubre",4,4,"Miércoles",f
3201,2023-10-06,2023,10,"Octubre",4,5,"Jueves",f
3202,2023-10-07,2023,10,"Octubre",4,6,"Viernes",f
3203,2023-10-08,2023,10,"Octubre",4,7,"Sábado",t
3204,2023-10-09,2023,10,"Octubre",4,8,"Domingo",t
3205,2023-10-10,2023,10,"Octubre",4,9,"Lunes",f
3206,2023-10-11,2023,10,"Octubre",4,10,"Martes",f
3207,2023-10-12,2023,10,"Octubre",4,11,"Miércoles",f
3208,2023-10-13,2023,10,"Octubre",4,12,"Jueves",f
3209,2023-10-14,2023,10,"Octubre",4,13,"Viernes",f
3210,2023-10-15,2023,10,"Octubre",4,14,"Sábado",t
3211,2023-10-16,2023,10,"Octubre",4,15,"Domingo",t
3212,2023-10-17,2023,10,"Octubre",4,16,"Lunes",f
3213,2023-10-18,2023,10,"Octubre",4,17,"Martes",f
3214,2023-10-19,2023,10,"Octubre",4,18,"Miércoles",f
3215,2023-10-20,2023,10,"Octubre",4,19,"Jueves",f
3216,2023-10-21,2023,10,"Octubre",4,20,"Viernes",f
3217,2023-10-22,2023,10,"Octubre",4,21,"Sábado",t
3218,2023-10-23,2023,10,"Octubre",4,22,"Domingo",t
3219,2023-10-24,2023,10,"Octubre",4,23,"Lunes",f
3220,2023-10-25,2023,10,"Octubre",4,24,"Martes",f
3221,2023-10-26,2023,10,"Octubre",4,25,"Miércoles",f
3222,2023-10-27,2023,10,"Octubre",4,26,"Jueves",f
3223,2023-10-28,2023,10,"Octubre",4,27,"Viernes",f
3224,2023-10-29,2023,10,"Octubre",4,28,"Sábado",t
3225,2023-10-30,2023,10,"Octubre",4,29,"Domingo",t
3226,2023-10-31,2023,10,"Octubre",4,30,"Lunes",f
3227,2023-11-01,2023,10,"Octubre",4,31,"Martes",f
3228,2023-11-02,2023,11,"Noviembre",4,1,"Miércoles",f
3229,2023-11-03,2023,11,"Noviembre",4,2,"Jueves",f
3230,2023-11-04,2023,11,"Noviembre",4,3,"Viernes",f
3231,2023-11-05,2023,11,"Noviembre",4,4,"Sábado",t
3232,2023-11-06,2023,11,"Noviembre",4,5,"Domingo",t
3233,2023-11-07,2023,11,"Noviembre",4,6,"Lunes",f
3234,2023-11-08,2023,11,"Noviembre",4,7,"Martes",f
3235,2023-11-09,2023,11,"Noviembre",4,8,"Miércoles",f
3236,2023-11-10,2023,11,"Noviembre",4,9,"Jueves",f
3237,2023-11-11,2023,11,"Noviembre",4,10,"Viernes",f
3238,2023-11-12,2023,11,"Noviembre",4,11,"Sábado",t
3239,2023-11-13,2023,11,"Noviembre",4,12,"Domingo",t
3240,2023-11-14,2023,11,"Noviembre",4,13,"Lunes",f
3241,2023-11-15,2023,11,"Noviembre",4,14,"Martes",f
3242,2023-11-16,2023,11,"Noviembre",4,15,"Miércoles",f
3243,2023-11-17,2023,11,"Noviembre",4,16,"Jueves",f
3244,2023-11-18,2023,11,"Noviembre",4,17,"Viernes",f
3245,2023-11-19,2023,11,"Noviembre",4,18,"Sábado",t
3246,2023-11-20,2023,11,"Noviembre",4,19,"Domingo",t
3247,2023-11-21,2023,11,"Noviembre",4,20,"Lunes",f
3248,2023-11-22,2023,11,"Noviembre",4,21,"Martes",f
3249,2023-11-23,2023,11,"Noviembre",4,22,"Miércoles",f
3250,2023-11-24,2023,11,"Noviembre",4,23,"Jueves",f
3251,2023-11-25,2023,11,"Noviembre",4,24,"Viernes",f
3252,2023-11-26,2023,11,"Noviembre",4,25,"Sábado",t
3253,2023-11-27,2023,11,"Noviembre",4,26,"Domingo",t
3254,2023-11-28,2023,11,"Noviembre",4,27,"Lunes",f
3255,2023-11-29,2023,11,"Noviembre",4,28,"Martes",f
3256,2023-11-30,2023,11,"Noviembre",4,29,"Miércoles",f
3257,2023-12-01,2023,11,"Noviembre",4,30,"Jueves",f
3258,2023-12-02,2023,12,"Diciembre",4,1,"Viernes",f
3259,2023-12-03,2023,12,"Diciembre",4,2,"Sábado",t
3260,2023-12-04,2023,12,"Diciembre",4,3,"Domingo",t
3261,2023-12-05,2023,12,"Diciembre",4,4,"Lunes",f
3262,2023-12-06,2023,12,"Diciembre",4,5,"Martes",f
3263,2023-12-07,2023,12,"Diciembre",4,6,"Miércoles",f
3264,2023-12-08,2023,12,"Diciembre",4,7,"Jueves",f
3265,2023-12-09,2023,12,"Diciembre",4,8,"Viernes",f
3266,2023-12-10,2023,12,"Diciembre",4,9,"Sábado",t
3267,2023-12-11,2023,12,"Diciembre",4,10,"Domingo",t
3268,2023-12-12,2023,12,"Diciembre",4,11,"Lunes",f
3269,2023-12-13,2023,12,"Diciembre",4,12,"Martes",f
3270,2023-12-14,2023,12,"Diciembre",4,13,"Miércoles",f
3271,2023-12-15,2023,12,"Diciembre",4,14,"Jueves",f
3272,2023-12-16,2023,12,"Diciembre",4,15,"Viernes",f
3273,2023-12-17,2023,12,"Diciembre",4,16,"Sábado",t
3274,2023-12-18,2023,12,"Diciembre",4,17,"Domingo",t
3275,2023-12-19,2023,12,"Diciembre",4,18,"Lunes",f
3276,2023-12-20,2023,12,"Diciembre",4,19,"Martes",f
3277,2023-12-21,2023,12,"Diciembre",4,20,"Miércoles",f
3278,2023-12-22,2023,12,"Diciembre",4,21,"Jueves",f
3279,2023-12-23,2023,12,"Diciembre",4,22,"Viernes",f
3280,2023-12-24,2023,12,"Diciembre",4,23,"Sábado",t
3281,2023-12-25,2023,12,"Diciembre",4,24,"Domingo",t
3282,2023-12-26,2023,12,"Diciembre",4,25,"Lunes",f
3283,2023-12-27,2023,12,"Diciembre",4,26,"Martes",f
3284,2023-12-28,2023,12,"Diciembre",4,27,"Miércoles",f
3285,2023-12-29,2023,12,"Diciembre",4,28,"Jueves",f
3286,2023-12-30,2023,12,"Diciembre",4,29,"Viernes",f
3287,2023-12-31,2023,12,"Diciembre",4,30,"Sábado",t
3288,2024-01-01,2023,12,"Diciembre",4,31,"Domingo",t
3289,2024-01-02,2024,1,"Enero",1,1,"Lunes",f
3290,2024-01-03,2024,1,"Enero",1,2,"Martes",f
3291,2024-01-04,2024,1,"Enero",1,3,"Miércoles",f
3292,2024-01-05,2024,1,"Enero",1,4,"Jueves",f
3293,2024-01-06,2024,1,"Enero",1,5,"Viernes",f
3294,2024-01-07,2024,1,"Enero",1,6,"Sábado",t
3295,2024-01-08,2024,1,"Enero",1,7,"Domingo",t
3296,2024-01-09,2024,1,"Enero",1,8,"Lunes",f
3297,2024-01-10,2024,1,"Enero",1,9,"Martes",f
3298,2024-01-11,2024,1,"Enero",1,10,"Miércoles",f
3299,2024-01-12,2024,1,"Enero",1,11,"Jueves",f
3300,2024-01-13,2024,1,"Enero",1,12,"Viernes",f
3301,2024-01-14,2024,1,"Enero",1,13,"Sábado",t
3302,2024-01-15,2024,1,"Enero",1,14,"Domingo",t
3303,2024-01-16,2024,1,"Enero",1,15,"Lunes",f
3304,2024-01-17,2024,1,"Enero",1,16,"Martes",f
3305,2024-01-18,2024,1,"Enero",1,17,"Miércoles",f
3306,2024-01-19,2024,1,"Enero",1,18,"Jueves",f
3307,2024-01-20,2024,1,"Enero",1,19,"Viernes",f
3308,2024-01-21,2024,1,"Enero",1,20,"Sábado",t
3309,2024-01-22,2024,1,"Enero",1,21,"Domingo",t
3310,2024-01-23,2024,1,"Enero",1,22,"Lunes",f
3311,2024-01-24,2024,1,"Enero",1,23,"Martes",f
3312,2024-01-25,2024,1,"Enero",1,24,"Miércoles",f
3313,2024-01-26,2024,1,"Enero",1,25,"Jueves",f
3314,2024-01-27,2024,1,"Enero",1,26,"Viernes",f
3315,2024-01-28,2024,1,"Enero",1,27,"Sábado",t
3316,2024-01-29,2024,1,"Enero",1,28,"Domingo",t
3317,2024-01-30,2024,1,"Enero",1,29,"Lunes",f
3318,2024-01-31,2024,1,"Enero",1,30,"Martes",f
3319,2024-02-01,2024,1,"Enero",1,31,"Miércoles",f
3320,2024-02-02,2024,2,"Febrero",1,1,"Jueves",f
3321,2024-02-03,2024,2,"Febrero",1,2,"Viernes",f
3322,2024-02-04,2024,2,"Febrero",1,3,"Sábado",t
3323,2024-02-05,2024,2,"Febrero",1,4,"Domingo",t
3324,2024-02-06,2024,2,"Febrero",1,5,"Lunes",f
3325,2024-02-07,2024,2,"Febrero",1,6,"Martes",f
3326,2024-02-08,2024,2,"Febrero",1,7,"Miércoles",f
3327,2024-02-09,2024,2,"Febrero",1,8,"Jueves",f
3328,2024-02-10,2024,2,"Febrero",1,9,"Viernes",f
3329,2024-02-11,2024,2,"Febrero",1,10,"Sábado",t
3330,2024-02-12,2024,2,"Febrero",1,11,"Domingo",t
3331,2024-02-13,2024,2,"Febrero",1,12,"Lunes",f
3332,2024-02-14,2024,2,"Febrero",1,13,"Martes",f
3333,2024-02-15,2024,2,"Febrero",1,14,"Miércoles",f
3334,2024-02-16,2024,2,"Febrero",1,15,"Jueves",f
3335,2024-02-17,2024,2,"Febrero",1,16,"Viernes",f
3336,2024-02-18,2024,2,"Febrero",1,17,"Sábado",t
3337,2024-02-19,2024,2,"Febrero",1,18,"Domingo",t
3338,2024-02-20,2024,2,"Febrero",1,19,"Lunes",f
3339,2024-02-21,2024,2,"Febrero",1,20,"Martes",f
3340,2024-02-22,2024,2,"Febrero",1,21,"Miércoles",f
3341,2024-02-23,2024,2,"Febrero",1,22,"Jueves",f
3342,2024-02-24,2024,2,"Febrero",1,23,"Viernes",f
3343,2024-02-25,2024,2,"Febrero",1,24,"Sábado",t
3344,2024-02-26,2024,2,"Febrero",1,25,"Domingo",t
3345,2024-02-27,2024,2,"Febrero",1,26,"Lunes",f
3346,2024-02-28,2024,2,"Febrero",1,27,"Martes",f
3347,2024-02-29,2024,2,"Febrero",1,28,"Miércoles",f
3348,2024-03-01,2024,2,"Febrero",1,29,"Jueves",f
3349,2024-03-02,2024,3,"Marzo",1,1,"Viernes",f
3350,2024-03-03,2024,3,"Marzo",1,2,"Sábado",t
3351,2024-03-04,2024,3,"Marzo",1,3,"Domingo",t
3352,2024-03-05,2024,3,"Marzo",1,4,"Lunes",f
3353,2024-03-06,2024,3,"Marzo",1,5,"Martes",f
3354,2024-03-07,2024,3,"Marzo",1,6,"Miércoles",f
3355,2024-03-08,2024,3,"Marzo",1,7,"Jueves",f
3356,2024-03-09,2024,3,"Marzo",1,8,"Viernes",f
3357,2024-03-10,2024,3,"Marzo",1,9,"Sábado",t
3358,2024-03-11,2024,3,"Marzo",1,10,"Domingo",t
3359,2024-03-12,2024,3,"Marzo",1,11,"Lunes",f
3360,2024-03-13,2024,3,"Marzo",1,12,"Martes",f
3361,2024-03-14,2024,3,"Marzo",1,13,"Miércoles",f
3362,2024-03-15,2024,3,"Marzo",1,14,"Jueves",f
3363,2024-03-16,2024,3,"Marzo",1,15,"Viernes",f
3364,2024-03-17,2024,3,"Marzo",1,16,"Sábado",t
3365,2024-03-18,2024,3,"Marzo",1,17,"Domingo",t
3366,2024-03-19,2024,3,"Marzo",1,18,"Lunes",f
3367,2024-03-20,2024,3,"Marzo",1,19,"Martes",f
3368,2024-03-21,2024,3,"Marzo",1,20,"Miércoles",f
3369,2024-03-22,2024,3,"Marzo",1,21,"Jueves",f
3370,2024-03-23,2024,3,"Marzo",1,22,"Viernes",f
3371,2024-03-24,2024,3,"Marzo",1,23,"Sábado",t
3372,2024-03-25,2024,3,"Marzo",1,24,"Domingo",t
3373,2024-03-26,2024,3,"Marzo",1,25,"Lunes",f
3374,2024-03-27,2024,3,"Marzo",1,26,"Martes",f
3375,2024-03-28,2024,3,"Marzo",1,27,"Miércoles",f
3376,2024-03-29,2024,3,"Marzo",1,28,"Jueves",f
3377,2024-03-30,2024,3,"Marzo",1,29,"Viernes",f
3378,2024-03-31,2024,3,"Marzo",1,30,"Sábado",t
3379,2024-04-01,2024,3,"Marzo",1,31,"Domingo",t
3380,2024-04-02,2024,4,"Abril",2,1,"Lunes",f
3381,2024-04-03,2024,4,"Abril",2,2,"Martes",f
3382,2024-04-04,2024,4,"Abril",2,3,"Miércoles",f
3383,2024-04-05,2024,4,"Abril",2,4,"Jueves",f
3384,2024-04-06,2024,4,"Abril",2,5,"Viernes",f
3385,2024-04-07,2024,4,"Abril",2,6,"Sábado",t
3386,2024-04-08,2024,4,"Abril",2,7,"Domingo",t
3387,2024-04-09,2024,4,"Abril",2,8,"Lunes",f
3388,2024-04-10,2024,4,"Abril",2,9,"Martes",f
3389,2024-04-11,2024,4,"Abril",2,10,"Miércoles",f
3390,2024-04-12,2024,4,"Abril",2,11,"Jueves",f
3391,2024-04-13,2024,4,"Abril",2,12,"Viernes",f
3392,2024-04-14,2024,4,"Abril",2,13,"Sábado",t
3393,2024-04-15,2024,4,"Abril",2,14,"Domingo",t
3394,2024-04-16,2024,4,"Abril",2,15,"Lunes",f
3395,2024-04-17,2024,4,"Abril",2,16,"Martes",f
3396,2024-04-18,2024,4,"Abril",2,17,"Miércoles",f
3397,2024-04-19,2024,4,"Abril",2,18,"Jueves",f
3398,2024-04-20,2024,4,"Abril",2,19,"Viernes",f
3399,2024-04-21,2024,4,"Abril",2,20,"Sábado",t
3400,2024-04-22,2024,4,"Abril",2,21,"Domingo",t
3401,2024-04-23,2024,4,"Abril",2,22,"Lunes",f
3402,2024-04-24,2024,4,"Abril",2,23,"Martes",f
3403,2024-04-25,2024,4,"Abril",2,24,"Miércoles",f
3404,2024-04-26,2024,4,"Abril",2,25,"Jueves",f
3405,2024-04-27,2024,4,"Abril",2,26,"Viernes",f
3406,2024-04-28,2024,4,"Abril",2,27,"Sábado",t
3407,2024-04-29,2024,4,"Abril",2,28,"Domingo",t
3408,2024-04-30,2024,4,"Abril",2,29,"Lunes",f
3409,2024-05-01,2024,4,"Abril",2,30,"Martes",f
3410,2024-05-02,2024,5,"Mayo",2,1,"Miércoles",f
3411,2024-05-03,2024,5,"Mayo",2,2,"Jueves",f
3412,2024-05-04,2024,5,"Mayo",2,3,"Viernes",f
3413,2024-05-05,2024,5,"Mayo",2,4,"Sábado",t
3414,2024-05-06,2024,5,"Mayo",2,5,"Domingo",t
3415,2024-05-07,2024,5,"Mayo",2,6,"Lunes",f
3416,2024-05-08,2024,5,"Mayo",2,7,"Martes",f
3417,2024-05-09,2024,5,"Mayo",2,8,"Miércoles",f
3418,2024-05-10,2024,5,"Mayo",2,9,"Jueves",f
3419,2024-05-11,2024,5,"Mayo",2,10,"Viernes",f
3420,2024-05-12,2024,5,"Mayo",2,11,"Sábado",t
3421,2024-05-13,2024,5,"Mayo",2,12,"Domingo",t
3422,2024-05-14,2024,5,"Mayo",2,13,"Lunes",f
3423,2024-05-15,2024,5,"Mayo",2,14,"Martes",f
3424,2024-05-16,2024,5,"Mayo",2,15,"Miércoles",f
3425,2024-05-17,2024,5,"Mayo",2,16,"Jueves",f
3426,2024-05-18,2024,5,"Mayo",2,17,"Viernes",f
3427,2024-05-19,2024,5,"Mayo",2,18,"Sábado",t
3428,2024-05-20,2024,5,"Mayo",2,19,"Domingo",t
3429,2024-05-21,2024,5,"Mayo",2,20,"Lunes",f
3430,2024-05-22,2024,5,"Mayo",2,21,"Martes",f
3431,2024-05-23,2024,5,"Mayo",2,22,"Miércoles",f
3432,2024-05-24,2024,5,"Mayo",2,23,"Jueves",f
3433,2024-05-25,2024,5,"Mayo",2,24,"Viernes",f
3434,2024-05-26,2024,5,"Mayo",2,25,"Sábado",t
3435,2024-05-27,2024,5,"Mayo",2,26,"Domingo",t
3436,2024-05-28,2024,5,"Mayo",2,27,"Lunes",f
3437,2024-05-29,2024,5,"Mayo",2,28,"Martes",f
3438,2024-05-30,2024,5,"Mayo",2,29,"Miércoles",f
3439,2024-05-31,2024,5,"Mayo",2,30,"Jueves",f
3440,2024-06-01,2024,5,"Mayo",2,31,"Viernes",f
3441,2024-06-02,2024,6,"Junio",2,1,"Sábado",t
3442,2024-06-03,2024,6,"Junio",2,2,"Domingo",t
3443,2024-06-04,2024,6,"Junio",2,3,"Lunes",f
3444,2024-06-05,2024,6,"Junio",2,4,"Martes",f
3445,2024-06-06,2024,6,"Junio",2,5,"Miércoles",f
3446,2024-06-07,2024,6,"Junio",2,6,"Jueves",f
3447,2024-06-08,2024,6,"Junio",2,7,"Viernes",f
3448,2024-06-09,2024,6,"Junio",2,8,"Sábado",t
3449,2024-06-10,2024,6,"Junio",2,9,"Domingo",t
3450,2024-06-11,2024,6,"Junio",2,10,"Lunes",f
3451,2024-06-12,2024,6,"Junio",2,11,"Martes",f
3452,2024-06-13,2024,6,"Junio",2,12,"Miércoles",f
3453,2024-06-14,2024,6,"Junio",2,13,"Jueves",f
3454,2024-06-15,2024,6,"Junio",2,14,"Viernes",f
3455,2024-06-16,2024,6,"Junio",2,15,"Sábado",t
3456,2024-06-17,2024,6,"Junio",2,16,"Domingo",t
3457,2024-06-18,2024,6,"Junio",2,17,"Lunes",f
3458,2024-06-19,2024,6,"Junio",2,18,"Martes",f
3459,2024-06-20,2024,6,"Junio",2,19,"Miércoles",f
3460,2024-06-21,2024,6,"Junio",2,20,"Jueves",f
3461,2024-06-22,2024,6,"Junio",2,21,"Viernes",f
3462,2024-06-23,2024,6,"Junio",2,22,"Sábado",t
3463,2024-06-24,2024,6,"Junio",2,23,"Domingo",t
3464,2024-06-25,2024,6,"Junio",2,24,"Lunes",f
3465,2024-06-26,2024,6,"Junio",2,25,"Martes",f
3466,2024-06-27,2024,6,"Junio",2,26,"Miércoles",f
3467,2024-06-28,2024,6,"Junio",2,27,"Jueves",f
3468,2024-06-29,2024,6,"Junio",2,28,"Viernes",f
3469,2024-06-30,2024,6,"Junio",2,29,"Sábado",t
3470,2024-07-01,2024,6,"Junio",2,30,"Domingo",t
3471,2024-07-02,2024,7,"Julio",3,1,"Lunes",f
3472,2024-07-03,2024,7,"Julio",3,2,"Martes",f
3473,2024-07-04,2024,7,"Julio",3,3,"Miércoles",f
3474,2024-07-05,2024,7,"Julio",3,4,"Jueves",f
3475,2024-07-06,2024,7,"Julio",3,5,"Viernes",f
3476,2024-07-07,2024,7,"Julio",3,6,"Sábado",t
3477,2024-07-08,2024,7,"Julio",3,7,"Domingo",t
3478,2024-07-09,2024,7,"Julio",3,8,"Lunes",f
3479,2024-07-10,2024,7,"Julio",3,9,"Martes",f
3480,2024-07-11,2024,7,"Julio",3,10,"Miércoles",f
3481,2024-07-12,2024,7,"Julio",3,11,"Jueves",f
3482,2024-07-13,2024,7,"Julio",3,12,"Viernes",f
3483,2024-07-14,2024,7,"Julio",3,13,"Sábado",t
3484,2024-07-15,2024,7,"Julio",3,14,"Domingo",t
3485,2024-07-16,2024,7,"Julio",3,15,"Lunes",f
3486,2024-07-17,2024,7,"Julio",3,16,"Martes",f
3487,2024-07-18,2024,7,"Julio",3,17,"Miércoles",f
3488,2024-07-19,2024,7,"Julio",3,18,"Jueves",f
3489,2024-07-20,2024,7,"Julio",3,19,"Viernes",f
3490,2024-07-21,2024,7,"Julio",3,20,"Sábado",t
3491,2024-07-22,2024,7,"Julio",3,21,"Domingo",t
3492,2024-07-23,2024,7,"Julio",3,22,"Lunes",f
3493,2024-07-24,2024,7,"Julio",3,23,"Martes",f
3494,2024-07-25,2024,7,"Julio",3,24,"Miércoles",f
3495,2024-07-26,2024,7,"Julio",3,25,"Jueves",f
3496,2024-07-27,2024,7,"Julio",3,26,"Viernes",f
3497,2024-07-28,2024,7,"Julio",3,27,"Sábado",t
3498,2024-07-29,2024,7,"Julio",3,28,"Domingo",t
3499,2024-07-30,2024,7,"Julio",3,29,"Lunes",f
3500,2024-07-31,2024,7,"Julio",3,30,"Martes",f
3501,2024-08-01,2024,7,"Julio",3,31,"Miércoles",f
3502,2024-08-02,2024,8,"Agosto",3,1,"Jueves",f
3503,2024-08-03,2024,8,"Agosto",3,2,"Viernes",f
3504,2024-08-04,2024,8,"Agosto",3,3,"Sábado",t
3505,2024-08-05,2024,8,"Agosto",3,4,"Domingo",t
3506,2024-08-06,2024,8,"Agosto",3,5,"Lunes",f
3507,2024-08-07,2024,8,"Agosto",3,6,"Martes",f
3508,2024-08-08,2024,8,"Agosto",3,7,"Miércoles",f
3509,2024-08-09,2024,8,"Agosto",3,8,"Jueves",f
3510,2024-08-10,2024,8,"Agosto",3,9,"Viernes",f
3511,2024-08-11,2024,8,"Agosto",3,10,"Sábado",t
3512,2024-08-12,2024,8,"Agosto",3,11,"Domingo",t
3513,2024-08-13,2024,8,"Agosto",3,12,"Lunes",f
3514,2024-08-14,2024,8,"Agosto",3,13,"Martes",f
3515,2024-08-15,2024,8,"Agosto",3,14,"Miércoles",f
3516,2024-08-16,2024,8,"Agosto",3,15,"Jueves",f
3517,2024-08-17,2024,8,"Agosto",3,16,"Viernes",f
3518,2024-08-18,2024,8,"Agosto",3,17,"Sábado",t
3519,2024-08-19,2024,8,"Agosto",3,18,"Domingo",t
3520,2024-08-20,2024,8,"Agosto",3,19,"Lunes",f
3521,2024-08-21,2024,8,"Agosto",3,20,"Martes",f
3522,2024-08-22,2024,8,"Agosto",3,21,"Miércoles",f
3523,2024-08-23,2024,8,"Agosto",3,22,"Jueves",f
3524,2024-08-24,2024,8,"Agosto",3,23,"Viernes",f
3525,2024-08-25,2024,8,"Agosto",3,24,"Sábado",t
3526,2024-08-26,2024,8,"Agosto",3,25,"Domingo",t
3527,2024-08-27,2024,8,"Agosto",3,26,"Lunes",f
3528,2024-08-28,2024,8,"Agosto",3,27,"Martes",f
3529,2024-08-29,2024,8,"Agosto",3,28,"Miércoles",f
3530,2024-08-30,2024,8,"Agosto",3,29,"Jueves",f
3531,2024-08-31,2024,8,"Agosto",3,30,"Viernes",f
3532,2024-09-01,2024,8,"Agosto",3,31,"Sábado",t
3533,2024-09-02,2024,9,"Septiembre",3,1,"Domingo",t
3534,2024-09-03,2024,9,"Septiembre",3,2,"Lunes",f
3535,2024-09-04,2024,9,"Septiembre",3,3,"Martes",f
3536,2024-09-05,2024,9,"Septiembre",3,4,"Miércoles",f
3537,2024-09-06,2024,9,"Septiembre",3,5,"Jueves",f
3538,2024-09-07,2024,9,"Septiembre",3,6,"Viernes",f
3539,2024-09-08,2024,9,"Septiembre",3,7,"Sábado",t
3540,2024-09-09,2024,9,"Septiembre",3,8,"Domingo",t
3541,2024-09-10,2024,9,"Septiembre",3,9,"Lunes",f
3542,2024-09-11,2024,9,"Septiembre",3,10,"Martes",f
3543,2024-09-12,2024,9,"Septiembre",3,11,"Miércoles",f
3544,2024-09-13,2024,9,"Septiembre",3,12,"Jueves",f
3545,2024-09-14,2024,9,"Septiembre",3,13,"Viernes",f
3546,2024-09-15,2024,9,"Septiembre",3,14,"Sábado",t
3547,2024-09-16,2024,9,"Septiembre",3,15,"Domingo",t
3548,2024-09-17,2024,9,"Septiembre",3,16,"Lunes",f
3549,2024-09-18,2024,9,"Septiembre",3,17,"Martes",f
3550,2024-09-19,2024,9,"Septiembre",3,18,"Miércoles",f
3551,2024-09-20,2024,9,"Septiembre",3,19,"Jueves",f
3552,2024-09-21,2024,9,"Septiembre",3,20,"Viernes",f
3553,2024-09-22,2024,9,"Septiembre",3,21,"Sábado",t
3554,2024-09-23,2024,9,"Septiembre",3,22,"Domingo",t
3555,2024-09-24,2024,9,"Septiembre",3,23,"Lunes",f
3556,2024-09-25,2024,9,"Septiembre",3,24,"Martes",f
3557,2024-09-26,2024,9,"Septiembre",3,25,"Miércoles",f
3558,2024-09-27,2024,9,"Septiembre",3,26,"Jueves",f
3559,2024-09-28,2024,9,"Septiembre",3,27,"Viernes",f
3560,2024-09-29,2024,9,"Septiembre",3,28,"Sábado",t
3561,2024-09-30,2024,9,"Septiembre",3,29,"Domingo",t
3562,2024-10-01,2024,9,"Septiembre",3,30,"Lunes",f
3563,2024-10-02,2024,10,"Octubre",4,1,"Martes",f
3564,2024-10-03,2024,10,"Octubre",4,2,"Miércoles",f
3565,2024-10-04,2024,10,"Octubre",4,3,"Jueves",f
3566,2024-10-05,2024,10,"Octubre",4,4,"Viernes",f
3567,2024-10-06,2024,10,"Octubre",4,5,"Sábado",t
3568,2024-10-07,2024,10,"Octubre",4,6,"Domingo",t
3569,2024-10-08,2024,10,"Octubre",4,7,"Lunes",f
3570,2024-10-09,2024,10,"Octubre",4,8,"Martes",f
3571,2024-10-10,2024,10,"Octubre",4,9,"Miércoles",f
3572,2024-10-11,2024,10,"Octubre",4,10,"Jueves",f
3573,2024-10-12,2024,10,"Octubre",4,11,"Viernes",f
3574,2024-10-13,2024,10,"Octubre",4,12,"Sábado",t
3575,2024-10-14,2024,10,"Octubre",4,13,"Domingo",t
3576,2024-10-15,2024,10,"Octubre",4,14,"Lunes",f
3577,2024-10-16,2024,10,"Octubre",4,15,"Martes",f
3578,2024-10-17,2024,10,"Octubre",4,16,"Miércoles",f
3579,2024-10-18,2024,10,"Octubre",4,17,"Jueves",f
3580,2024-10-19,2024,10,"Octubre",4,18,"Viernes",f
3581,2024-10-20,2024,10,"Octubre",4,19,"Sábado",t
3582,2024-10-21,2024,10,"Octubre",4,20,"Domingo",t
3583,2024-10-22,2024,10,"Octubre",4,21,"Lunes",f
3584,2024-10-23,2024,10,"Octubre",4,22,"Martes",f
3585,2024-10-24,2024,10,"Octubre",4,23,"Miércoles",f
3586,2024-10-25,2024,10,"Octubre",4,24,"Jueves",f
3587,2024-10-26,2024,10,"Octubre",4,25,"Viernes",f
3588,2024-10-27,2024,10,"Octubre",4,26,"Sábado",t
3589,2024-10-28,2024,10,"Octubre",4,27,"Domingo",t
3590,2024-10-29,2024,10,"Octubre",4,28,"Lunes",f
3591,2024-10-30,2024,10,"Octubre",4,29,"Martes",f
3592,2024-10-31,2024,10,"Octubre",4,30,"Miércoles",f
3593,2024-11-01,2024,10,"Octubre",4,31,"Jueves",f
3594,2024-11-02,2024,11,"Noviembre",4,1,"Viernes",f
3595,2024-11-03,2024,11,"Noviembre",4,2,"Sábado",t
3596,2024-11-04,2024,11,"Noviembre",4,3,"Domingo",t
3597,2024-11-05,2024,11,"Noviembre",4,4,"Lunes",f
3598,2024-11-06,2024,11,"Noviembre",4,5,"Martes",f
3599,2024-11-07,2024,11,"Noviembre",4,6,"Miércoles",f
3600,2024-11-08,2024,11,"Noviembre",4,7,"Jueves",f
3601,2024-11-09,2024,11,"Noviembre",4,8,"Viernes",f
3602,2024-11-10,2024,11,"Noviembre",4,9,"Sábado",t
3603,2024-11-11,2024,11,"Noviembre",4,10,"Domingo",t
3604,2024-11-12,2024,11,"Noviembre",4,11,"Lunes",f
3605,2024-11-13,2024,11,"Noviembre",4,12,"Martes",f
3606,2024-11-14,2024,11,"Noviembre",4,13,"Miércoles",f
3607,2024-11-15,2024,11,"Noviembre",4,14,"Jueves",f
3608,2024-11-16,2024,11,"Noviembre",4,15,"Viernes",f
3609,2024-11-17,2024,11,"Noviembre",4,16,"Sábado",t
3610,2024-11-18,2024,11,"Noviembre",4,17,"Domingo",t
3611,2024-11-19,2024,11,"Noviembre",4,18,"Lunes",f
3612,2024-11-20,2024,11,"Noviembre",4,19,"Martes",f
3613,2024-11-21,2024,11,"Noviembre",4,20,"Miércoles",f
3614,2024-11-22,2024,11,"Noviembre",4,21,"Jueves",f
3615,2024-11-23,2024,11,"Noviembre",4,22,"Viernes",f
3616,2024-11-24,2024,11,"Noviembre",4,23,"Sábado",t
3617,2024-11-25,2024,11,"Noviembre",4,24,"Domingo",t
3618,2024-11-26,2024,11,"Noviembre",4,25,"Lunes",f
3619,2024-11-27,2024,11,"Noviembre",4,26,"Martes",f
3620,2024-11-28,2024,11,"Noviembre",4,27,"Miércoles",f
3621,2024-11-29,2024,11,"Noviembre",4,28,"Jueves",f
3622,2024-11-30,2024,11,"Noviembre",4,29,"Viernes",f
3623,2024-12-01,2024,11,"Noviembre",4,30,"Sábado",t
3624,2024-12-02,2024,12,"Diciembre",4,1,"Domingo",t
3625,2024-12-03,2024,12,"Diciembre",4,2,"Lunes",f
3626,2024-12-04,2024,12,"Diciembre",4,3,"Martes",f
3627,2024-12-05,2024,12,"Diciembre",4,4,"Miércoles",f
3628,2024-12-06,2024,12,"Diciembre",4,5,"Jueves",f
3629,2024-12-07,2024,12,"Diciembre",4,6,"Viernes",f
3630,2024-12-08,2024,12,"Diciembre",4,7,"Sábado",t
3631,2024-12-09,2024,12,"Diciembre",4,8,"Domingo",t
3632,2024-12-10,2024,12,"Diciembre",4,9,"Lunes",f
3633,2024-12-11,2024,12,"Diciembre",4,10,"Martes",f
3634,2024-12-12,2024,12,"Diciembre",4,11,"Miércoles",f
3635,2024-12-13,2024,12,"Diciembre",4,12,"Jueves",f
3636,2024-12-14,2024,12,"Diciembre",4,13,"Viernes",f
3637,2024-12-15,2024,12,"Diciembre",4,14,"Sábado",t
3638,2024-12-16,2024,12,"Diciembre",4,15,"Domingo",t
3639,2024-12-17,2024,12,"Diciembre",4,16,"Lunes",f
3640,2024-12-18,2024,12,"Diciembre",4,17,"Martes",f
3641,2024-12-19,2024,12,"Diciembre",4,18,"Miércoles",f
3642,2024-12-20,2024,12,"Diciembre",4,19,"Jueves",f
3643,2024-12-21,2024,12,"Diciembre",4,20,"Viernes",f
3644,2024-12-22,2024,12,"Diciembre",4,21,"Sábado",t
3645,2024-12-23,2024,12,"Diciembre",4,22,"Domingo",t
3646,2024-12-24,2024,12,"Diciembre",4,23,"Lunes",f
3647,2024-12-25,2024,12,"Diciembre",4,24,"Martes",f
3648,2024-12-26,2024,12,"Diciembre",4,25,"Miércoles",f
3649,2024-12-27,2024,12,"Diciembre",4,26,"Jueves",f
3650,2024-12-28,2024,12,"Diciembre",4,27,"Viernes",f
3651,2024-12-29,2024,12,"Diciembre",4,28,"Sábado",t
3652,2024-12-30,2024,12,"Diciembre",4,29,"Domingo",t
3653,2024-12-31,2024,12,"Diciembre",4,30,"Lunes",f
3654,2025-01-01,2024,12,"Diciembre",4,31,"Martes",f
3655,2025-01-02,2025,1,"Enero",1,1,"Miércoles",f
3656,2025-01-03,2025,1,"Enero",1,2,"Jueves",f
3657,2025-01-04,2025,1,"Enero",1,3,"Viernes",f
3658,2025-01-05,2025,1,"Enero",1,4,"Sábado",t
3659,2025-01-06,2025,1,"Enero",1,5,"Domingo",t
3660,2025-01-07,2025,1,"Enero",1,6,"Lunes",f
3661,2025-01-08,2025,1,"Enero",1,7,"Martes",f
3662,2025-01-09,2025,1,"Enero",1,8,"Miércoles",f
3663,2025-01-10,2025,1,"Enero",1,9,"Jueves",f
3664,2025-01-11,2025,1,"Enero",1,10,"Viernes",f
3665,2025-01-12,2025,1,"Enero",1,11,"Sábado",t
3666,2025-01-13,2025,1,"Enero",1,12,"Domingo",t
3667,2025-01-14,2025,1,"Enero",1,13,"Lunes",f
3668,2025-01-15,2025,1,"Enero",1,14,"Martes",f
3669,2025-01-16,2025,1,"Enero",1,15,"Miércoles",f
3670,2025-01-17,2025,1,"Enero",1,16,"Jueves",f
3671,2025-01-18,2025,1,"Enero",1,17,"Viernes",f
3672,2025-01-19,2025,1,"Enero",1,18,"Sábado",t
3673,2025-01-20,2025,1,"Enero",1,19,"Domingo",t
3674,2025-01-21,2025,1,"Enero",1,20,"Lunes",f
3675,2025-01-22,2025,1,"Enero",1,21,"Martes",f
3676,2025-01-23,2025,1,"Enero",1,22,"Miércoles",f
3677,2025-01-24,2025,1,"Enero",1,23,"Jueves",f
3678,2025-01-25,2025,1,"Enero",1,24,"Viernes",f
3679,2025-01-26,2025,1,"Enero",1,25,"Sábado",t
3680,2025-01-27,2025,1,"Enero",1,26,"Domingo",t
3681,2025-01-28,2025,1,"Enero",1,27,"Lunes",f
3682,2025-01-29,2025,1,"Enero",1,28,"Martes",f
3683,2025-01-30,2025,1,"Enero",1,29,"Miércoles",f
3684,2025-01-31,2025,1,"Enero",1,30,"Jueves",f
3685,2025-02-01,2025,1,"Enero",1,31,"Viernes",f
3686,2025-02-02,2025,2,"Febrero",1,1,"Sábado",t
3687,2025-02-03,2025,2,"Febrero",1,2,"Domingo",t
3688,2025-02-04,2025,2,"Febrero",1,3,"Lunes",f
3689,2025-02-05,2025,2,"Febrero",1,4,"Martes",f
3690,2025-02-06,2025,2,"Febrero",1,5,"Miércoles",f
3691,2025-02-07,2025,2,"Febrero",1,6,"Jueves",f
3692,2025-02-08,2025,2,"Febrero",1,7,"Viernes",f
3693,2025-02-09,2025,2,"Febrero",1,8,"Sábado",t
3694,2025-02-10,2025,2,"Febrero",1,9,"Domingo",t
3695,2025-02-11,2025,2,"Febrero",1,10,"Lunes",f
3696,2025-02-12,2025,2,"Febrero",1,11,"Martes",f
3697,2025-02-13,2025,2,"Febrero",1,12,"Miércoles",f
3698,2025-02-14,2025,2,"Febrero",1,13,"Jueves",f
3699,2025-02-15,2025,2,"Febrero",1,14,"Viernes",f
3700,2025-02-16,2025,2,"Febrero",1,15,"Sábado",t
3701,2025-02-17,2025,2,"Febrero",1,16,"Domingo",t
3702,2025-02-18,2025,2,"Febrero",1,17,"Lunes",f
3703,2025-02-19,2025,2,"Febrero",1,18,"Martes",f
3704,2025-02-20,2025,2,"Febrero",1,19,"Miércoles",f
3705,2025-02-21,2025,2,"Febrero",1,20,"Jueves",f
3706,2025-02-22,2025,2,"Febrero",1,21,"Viernes",f
3707,2025-02-23,2025,2,"Febrero",1,22,"Sábado",t
3708,2025-02-24,2025,2,"Febrero",1,23,"Domingo",t
3709,2025-02-25,2025,2,"Febrero",1,24,"Lunes",f
3710,2025-02-26,2025,2,"Febrero",1,25,"Martes",f
3711,2025-02-27,2025,2,"Febrero",1,26,"Miércoles",f
3712,2025-02-28,2025,2,"Febrero",1,27,"Jueves",f
3713,2025-03-01,2025,2,"Febrero",1,28,"Viernes",f
3714,2025-03-02,2025,3,"Marzo",1,1,"Sábado",t
3715,2025-03-03,2025,3,"Marzo",1,2,"Domingo",t
3716,2025-03-04,2025,3,"Marzo",1,3,"Lunes",f
3717,2025-03-05,2025,3,"Marzo",1,4,"Martes",f
3718,2025-03-06,2025,3,"Marzo",1,5,"Miércoles",f
3719,2025-03-07,2025,3,"Marzo",1,6,"Jueves",f
3720,2025-03-08,2025,3,"Marzo",1,7,"Viernes",f
3721,2025-03-09,2025,3,"Marzo",1,8,"Sábado",t
3722,2025-03-10,2025,3,"Marzo",1,9,"Domingo",t
3723,2025-03-11,2025,3,"Marzo",1,10,"Lunes",f
3724,2025-03-12,2025,3,"Marzo",1,11,"Martes",f
3725,2025-03-13,2025,3,"Marzo",1,12,"Miércoles",f
3726,2025-03-14,2025,3,"Marzo",1,13,"Jueves",f
3727,2025-03-15,2025,3,"Marzo",1,14,"Viernes",f
3728,2025-03-16,2025,3,"Marzo",1,15,"Sábado",t
3729,2025-03-17,2025,3,"Marzo",1,16,"Domingo",t
3730,2025-03-18,2025,3,"Marzo",1,17,"Lunes",f
3731,2025-03-19,2025,3,"Marzo",1,18,"Martes",f
3732,2025-03-20,2025,3,"Marzo",1,19,"Miércoles",f
3733,2025-03-21,2025,3,"Marzo",1,20,"Jueves",f
3734,2025-03-22,2025,3,"Marzo",1,21,"Viernes",f
3735,2025-03-23,2025,3,"Marzo",1,22,"Sábado",t
3736,2025-03-24,2025,3,"Marzo",1,23,"Domingo",t
3737,2025-03-25,2025,3,"Marzo",1,24,"Lunes",f
3738,2025-03-26,2025,3,"Marzo",1,25,"Martes",f
3739,2025-03-27,2025,3,"Marzo",1,26,"Miércoles",f
3740,2025-03-28,2025,3,"Marzo",1,27,"Jueves",f
3741,2025-03-29,2025,3,"Marzo",1,28,"Viernes",f
3742,2025-03-30,2025,3,"Marzo",1,29,"Sábado",t
3743,2025-03-31,2025,3,"Marzo",1,30,"Domingo",t
3744,2025-04-01,2025,3,"Marzo",1,31,"Lunes",f
3745,2025-04-02,2025,4,"Abril",2,1,"Martes",f
3746,2025-04-03,2025,4,"Abril",2,2,"Miércoles",f
3747,2025-04-04,2025,4,"Abril",2,3,"Jueves",f
3748,2025-04-05,2025,4,"Abril",2,4,"Viernes",f
3749,2025-04-06,2025,4,"Abril",2,5,"Sábado",t
3750,2025-04-07,2025,4,"Abril",2,6,"Domingo",t
3751,2025-04-08,2025,4,"Abril",2,7,"Lunes",f
3752,2025-04-09,2025,4,"Abril",2,8,"Martes",f
3753,2025-04-10,2025,4,"Abril",2,9,"Miércoles",f
3754,2025-04-11,2025,4,"Abril",2,10,"Jueves",f
3755,2025-04-12,2025,4,"Abril",2,11,"Viernes",f
3756,2025-04-13,2025,4,"Abril",2,12,"Sábado",t
3757,2025-04-14,2025,4,"Abril",2,13,"Domingo",t
3758,2025-04-15,2025,4,"Abril",2,14,"Lunes",f
3759,2025-04-16,2025,4,"Abril",2,15,"Martes",f
3760,2025-04-17,2025,4,"Abril",2,16,"Miércoles",f
3761,2025-04-18,2025,4,"Abril",2,17,"Jueves",f
3762,2025-04-19,2025,4,"Abril",2,18,"Viernes",f
3763,2025-04-20,2025,4,"Abril",2,19,"Sábado",t
3764,2025-04-21,2025,4,"Abril",2,20,"Domingo",t
3765,2025-04-22,2025,4,"Abril",2,21,"Lunes",f
3766,2025-04-23,2025,4,"Abril",2,22,"Martes",f
3767,2025-04-24,2025,4,"Abril",2,23,"Miércoles",f
3768,2025-04-25,2025,4,"Abril",2,24,"Jueves",f
3769,2025-04-26,2025,4,"Abril",2,25,"Viernes",f
3770,2025-04-27,2025,4,"Abril",2,26,"Sábado",t
3771,2025-04-28,2025,4,"Abril",2,27,"Domingo",t
3772,2025-04-29,2025,4,"Abril",2,28,"Lunes",f
3773,2025-04-30,2025,4,"Abril",2,29,"Martes",f
3774,2025-05-01,2025,4,"Abril",2,30,"Miércoles",f
3775,2025-05-02,2025,5,"Mayo",2,1,"Jueves",f
3776,2025-05-03,2025,5,"Mayo",2,2,"Viernes",f
3777,2025-05-04,2025,5,"Mayo",2,3,"Sábado",t
3778,2025-05-05,2025,5,"Mayo",2,4,"Domingo",t
3779,2025-05-06,2025,5,"Mayo",2,5,"Lunes",f
3780,2025-05-07,2025,5,"Mayo",2,6,"Martes",f
3781,2025-05-08,2025,5,"Mayo",2,7,"Miércoles",f
3782,2025-05-09,2025,5,"Mayo",2,8,"Jueves",f
3783,2025-05-10,2025,5,"Mayo",2,9,"Viernes",f
3784,2025-05-11,2025,5,"Mayo",2,10,"Sábado",t
3785,2025-05-12,2025,5,"Mayo",2,11,"Domingo",t
3786,2025-05-13,2025,5,"Mayo",2,12,"Lunes",f
3787,2025-05-14,2025,5,"Mayo",2,13,"Martes",f
3788,2025-05-15,2025,5,"Mayo",2,14,"Miércoles",f
3789,2025-05-16,2025,5,"Mayo",2,15,"Jueves",f
3790,2025-05-17,2025,5,"Mayo",2,16,"Viernes",f
3791,2025-05-18,2025,5,"Mayo",2,17,"Sábado",t
3792,2025-05-19,2025,5,"Mayo",2,18,"Domingo",t
3793,2025-05-20,2025,5,"Mayo",2,19,"Lunes",f
3794,2025-05-21,2025,5,"Mayo",2,20,"Martes",f
3795,2025-05-22,2025,5,"Mayo",2,21,"Miércoles",f
3796,2025-05-23,2025,5,"Mayo",2,22,"Jueves",f
3797,2025-05-24,2025,5,"Mayo",2,23,"Viernes",f
3798,2025-05-25,2025,5,"Mayo",2,24,"Sábado",t
3799,2025-05-26,2025,5,"Mayo",2,25,"Domingo",t
3800,2025-05-27,2025,5,"Mayo",2,26,"Lunes",f
3801,2025-05-28,2025,5,"Mayo",2,27,"Martes",f
3802,2025-05-29,2025,5,"Mayo",2,28,"Miércoles",f
3803,2025-05-30,2025,5,"Mayo",2,29,"Jueves",f
3804,2025-05-31,2025,5,"Mayo",2,30,"Viernes",f
3805,2025-06-01,2025,5,"Mayo",2,31,"Sábado",t
3806,2025-06-02,2025,6,"Junio",2,1,"Domingo",t
3807,2025-06-03,2025,6,"Junio",2,2,"Lunes",f
3808,2025-06-04,2025,6,"Junio",2,3,"Martes",f
3809,2025-06-05,2025,6,"Junio",2,4,"Miércoles",f
3810,2025-06-06,2025,6,"Junio",2,5,"Jueves",f
3811,2025-06-07,2025,6,"Junio",2,6,"Viernes",f
3812,2025-06-08,2025,6,"Junio",2,7,"Sábado",t
3813,2025-06-09,2025,6,"Junio",2,8,"Domingo",t
3814,2025-06-10,2025,6,"Junio",2,9,"Lunes",f
3815,2025-06-11,2025,6,"Junio",2,10,"Martes",f
3816,2025-06-12,2025,6,"Junio",2,11,"Miércoles",f
3817,2025-06-13,2025,6,"Junio",2,12,"Jueves",f
3818,2025-06-14,2025,6,"Junio",2,13,"Viernes",f
3819,2025-06-15,2025,6,"Junio",2,14,"Sábado",t
3820,2025-06-16,2025,6,"Junio",2,15,"Domingo",t
3821,2025-06-17,2025,6,"Junio",2,16,"Lunes",f
3822,2025-06-18,2025,6,"Junio",2,17,"Martes",f
3823,2025-06-19,2025,6,"Junio",2,18,"Miércoles",f
3824,2025-06-20,2025,6,"Junio",2,19,"Jueves",f
3825,2025-06-21,2025,6,"Junio",2,20,"Viernes",f
3826,2025-06-22,2025,6,"Junio",2,21,"Sábado",t
3827,2025-06-23,2025,6,"Junio",2,22,"Domingo",t
3828,2025-06-24,2025,6,"Junio",2,23,"Lunes",f
3829,2025-06-25,2025,6,"Junio",2,24,"Martes",f
3830,2025-06-26,2025,6,"Junio",2,25,"Miércoles",f
3831,2025-06-27,2025,6,"Junio",2,26,"Jueves",f
3832,2025-06-28,2025,6,"Junio",2,27,"Viernes",f
3833,2025-06-29,2025,6,"Junio",2,28,"Sábado",t
3834,2025-06-30,2025,6,"Junio",2,29,"Domingo",t
3835,2025-07-01,2025,6,"Junio",2,30,"Lunes",f
3836,2025-07-02,2025,7,"Julio",3,1,"Martes",f
3837,2025-07-03,2025,7,"Julio",3,2,"Miércoles",f
3838,2025-07-04,2025,7,"Julio",3,3,"Jueves",f
3839,2025-07-05,2025,7,"Julio",3,4,"Viernes",f
3840,2025-07-06,2025,7,"Julio",3,5,"Sábado",t
3841,2025-07-07,2025,7,"Julio",3,6,"Domingo",t
3842,2025-07-08,2025,7,"Julio",3,7,"Lunes",f
3843,2025-07-09,2025,7,"Julio",3,8,"Martes",f
3844,2025-07-10,2025,7,"Julio",3,9,"Miércoles",f
3845,2025-07-11,2025,7,"Julio",3,10,"Jueves",f
3846,2025-07-12,2025,7,"Julio",3,11,"Viernes",f
3847,2025-07-13,2025,7,"Julio",3,12,"Sábado",t
3848,2025-07-14,2025,7,"Julio",3,13,"Domingo",t
3849,2025-07-15,2025,7,"Julio",3,14,"Lunes",f
3850,2025-07-16,2025,7,"Julio",3,15,"Martes",f
3851,2025-07-17,2025,7,"Julio",3,16,"Miércoles",f
3852,2025-07-18,2025,7,"Julio",3,17,"Jueves",f
3853,2025-07-19,2025,7,"Julio",3,18,"Viernes",f
3854,2025-07-20,2025,7,"Julio",3,19,"Sábado",t
3855,2025-07-21,2025,7,"Julio",3,20,"Domingo",t
3856,2025-07-22,2025,7,"Julio",3,21,"Lunes",f
3857,2025-07-23,2025,7,"Julio",3,22,"Martes",f
3858,2025-07-24,2025,7,"Julio",3,23,"Miércoles",f
3859,2025-07-25,2025,7,"Julio",3,24,"Jueves",f
3860,2025-07-26,2025,7,"Julio",3,25,"Viernes",f
3861,2025-07-27,2025,7,"Julio",3,26,"Sábado",t
3862,2025-07-28,2025,7,"Julio",3,27,"Domingo",t
3863,2025-07-29,2025,7,"Julio",3,28,"Lunes",f
3864,2025-07-30,2025,7,"Julio",3,29,"Martes",f
3865,2025-07-31,2025,7,"Julio",3,30,"Miércoles",f
3866,2025-08-01,2025,7,"Julio",3,31,"Jueves",f
3867,2025-08-02,2025,8,"Agosto",3,1,"Viernes",f
3868,2025-08-03,2025,8,"Agosto",3,2,"Sábado",t
3869,2025-08-04,2025,8,"Agosto",3,3,"Domingo",t
3870,2025-08-05,2025,8,"Agosto",3,4,"Lunes",f
3871,2025-08-06,2025,8,"Agosto",3,5,"Martes",f
3872,2025-08-07,2025,8,"Agosto",3,6,"Miércoles",f
3873,2025-08-08,2025,8,"Agosto",3,7,"Jueves",f
3874,2025-08-09,2025,8,"Agosto",3,8,"Viernes",f
3875,2025-08-10,2025,8,"Agosto",3,9,"Sábado",t
3876,2025-08-11,2025,8,"Agosto",3,10,"Domingo",t
3877,2025-08-12,2025,8,"Agosto",3,11,"Lunes",f
3878,2025-08-13,2025,8,"Agosto",3,12,"Martes",f
3879,2025-08-14,2025,8,"Agosto",3,13,"Miércoles",f
3880,2025-08-15,2025,8,"Agosto",3,14,"Jueves",f
3881,2025-08-16,2025,8,"Agosto",3,15,"Viernes",f
3882,2025-08-17,2025,8,"Agosto",3,16,"Sábado",t
3883,2025-08-18,2025,8,"Agosto",3,17,"Domingo",t
3884,2025-08-19,2025,8,"Agosto",3,18,"Lunes",f
3885,2025-08-20,2025,8,"Agosto",3,19,"Martes",f
3886,2025-08-21,2025,8,"Agosto",3,20,"Miércoles",f
3887,2025-08-22,2025,8,"Agosto",3,21,"Jueves",f
3888,2025-08-23,2025,8,"Agosto",3,22,"Viernes",f
3889,2025-08-24,2025,8,"Agosto",3,23,"Sábado",t
3890,2025-08-25,2025,8,"Agosto",3,24,"Domingo",t
3891,2025-08-26,2025,8,"Agosto",3,25,"Lunes",f
3892,2025-08-27,2025,8,"Agosto",3,26,"Martes",f
3893,2025-08-28,2025,8,"Agosto",3,27,"Miércoles",f
3894,2025-08-29,2025,8,"Agosto",3,28,"Jueves",f
3895,2025-08-30,2025,8,"Agosto",3,29,"Viernes",f
3896,2025-08-31,2025,8,"Agosto",3,30,"Sábado",t
3897,2025-09-01,2025,8,"Agosto",3,31,"Domingo",t
3898,2025-09-02,2025,9,"Septiembre",3,1,"Lunes",f
3899,2025-09-03,2025,9,"Septiembre",3,2,"Martes",f
3900,2025-09-04,2025,9,"Septiembre",3,3,"Miércoles",f
3901,2025-09-05,2025,9,"Septiembre",3,4,"Jueves",f
3902,2025-09-06,2025,9,"Septiembre",3,5,"Viernes",f
3903,2025-09-07,2025,9,"Septiembre",3,6,"Sábado",t
3904,2025-09-08,2025,9,"Septiembre",3,7,"Domingo",t
3905,2025-09-09,2025,9,"Septiembre",3,8,"Lunes",f
3906,2025-09-10,2025,9,"Septiembre",3,9,"Martes",f
3907,2025-09-11,2025,9,"Septiembre",3,10,"Miércoles",f
3908,2025-09-12,2025,9,"Septiembre",3,11,"Jueves",f
3909,2025-09-13,2025,9,"Septiembre",3,12,"Viernes",f
3910,2025-09-14,2025,9,"Septiembre",3,13,"Sábado",t
3911,2025-09-15,2025,9,"Septiembre",3,14,"Domingo",t
3912,2025-09-16,2025,9,"Septiembre",3,15,"Lunes",f
3913,2025-09-17,2025,9,"Septiembre",3,16,"Martes",f
3914,2025-09-18,2025,9,"Septiembre",3,17,"Miércoles",f
3915,2025-09-19,2025,9,"Septiembre",3,18,"Jueves",f
3916,2025-09-20,2025,9,"Septiembre",3,19,"Viernes",f
3917,2025-09-21,2025,9,"Septiembre",3,20,"Sábado",t
3918,2025-09-22,2025,9,"Septiembre",3,21,"Domingo",t
3919,2025-09-23,2025,9,"Septiembre",3,22,"Lunes",f
3920,2025-09-24,2025,9,"Septiembre",3,23,"Martes",f
3921,2025-09-25,2025,9,"Septiembre",3,24,"Miércoles",f
3922,2025-09-26,2025,9,"Septiembre",3,25,"Jueves",f
3923,2025-09-27,2025,9,"Septiembre",3,26,"Viernes",f
3924,2025-09-28,2025,9,"Septiembre",3,27,"Sábado",t
3925,2025-09-29,2025,9,"Septiembre",3,28,"Domingo",t
3926,2025-09-30,2025,9,"Septiembre",3,29,"Lunes",f
3927,2025-10-01,2025,9,"Septiembre",3,30,"Martes",f
3928,2025-10-02,2025,10,"Octubre",4,1,"Miércoles",f
3929,2025-10-03,2025,10,"Octubre",4,2,"Jueves",f
3930,2025-10-04,2025,10,"Octubre",4,3,"Viernes",f
3931,2025-10-05,2025,10,"Octubre",4,4,"Sábado",t
3932,2025-10-06,2025,10,"Octubre",4,5,"Domingo",t
3933,2025-10-07,2025,10,"Octubre",4,6,"Lunes",f
3934,2025-10-08,2025,10,"Octubre",4,7,"Martes",f
3935,2025-10-09,2025,10,"Octubre",4,8,"Miércoles",f
3936,2025-10-10,2025,10,"Octubre",4,9,"Jueves",f
3937,2025-10-11,2025,10,"Octubre",4,10,"Viernes",f
3938,2025-10-12,2025,10,"Octubre",4,11,"Sábado",t
3939,2025-10-13,2025,10,"Octubre",4,12,"Domingo",t
3940,2025-10-14,2025,10,"Octubre",4,13,"Lunes",f
3941,2025-10-15,2025,10,"Octubre",4,14,"Martes",f
3942,2025-10-16,2025,10,"Octubre",4,15,"Miércoles",f
3943,2025-10-17,2025,10,"Octubre",4,16,"Jueves",f
3944,2025-10-18,2025,10,"Octubre",4,17,"Viernes",f
3945,2025-10-19,2025,10,"Octubre",4,18,"Sábado",t
3946,2025-10-20,2025,10,"Octubre",4,19,"Domingo",t
3947,2025-10-21,2025,10,"Octubre",4,20,"Lunes",f
3948,2025-10-22,2025,10,"Octubre",4,21,"Martes",f
3949,2025-10-23,2025,10,"Octubre",4,22,"Miércoles",f
3950,2025-10-24,2025,10,"Octubre",4,23,"Jueves",f
3951,2025-10-25,2025,10,"Octubre",4,24,"Viernes",f
3952,2025-10-26,2025,10,"Octubre",4,25,"Sábado",t
3953,2025-10-27,2025,10,"Octubre",4,26,"Domingo",t
3954,2025-10-28,2025,10,"Octubre",4,27,"Lunes",f
3955,2025-10-29,2025,10,"Octubre",4,28,"Martes",f
3956,2025-10-30,2025,10,"Octubre",4,29,"Miércoles",f
3957,2025-10-31,2025,10,"Octubre",4,30,"Jueves",f
3958,2025-11-01,2025,10,"Octubre",4,31,"Viernes",f
3959,2025-11-02,2025,11,"Noviembre",4,1,"Sábado",t
3960,2025-11-03,2025,11,"Noviembre",4,2,"Domingo",t
3961,2025-11-04,2025,11,"Noviembre",4,3,"Lunes",f
3962,2025-11-05,2025,11,"Noviembre",4,4,"Martes",f
3963,2025-11-06,2025,11,"Noviembre",4,5,"Miércoles",f
3964,2025-11-07,2025,11,"Noviembre",4,6,"Jueves",f
3965,2025-11-08,2025,11,"Noviembre",4,7,"Viernes",f
3966,2025-11-09,2025,11,"Noviembre",4,8,"Sábado",t
3967,2025-11-10,2025,11,"Noviembre",4,9,"Domingo",t
3968,2025-11-11,2025,11,"Noviembre",4,10,"Lunes",f
3969,2025-11-12,2025,11,"Noviembre",4,11,"Martes",f
3970,2025-11-13,2025,11,"Noviembre",4,12,"Miércoles",f
3971,2025-11-14,2025,11,"Noviembre",4,13,"Jueves",f
3972,2025-11-15,2025,11,"Noviembre",4,14,"Viernes",f
3973,2025-11-16,2025,11,"Noviembre",4,15,"Sábado",t
3974,2025-11-17,2025,11,"Noviembre",4,16,"Domingo",t
3975,2025-11-18,2025,11,"Noviembre",4,17,"Lunes",f
3976,2025-11-19,2025,11,"Noviembre",4,18,"Martes",f
3977,2025-11-20,2025,11,"Noviembre",4,19,"Miércoles",f
3978,2025-11-21,2025,11,"Noviembre",4,20,"Jueves",f
3979,2025-11-22,2025,11,"Noviembre",4,21,"Viernes",f
3980,2025-11-23,2025,11,"Noviembre",4,22,"Sábado",t
3981,2025-11-24,2025,11,"Noviembre",4,23,"Domingo",t
3982,2025-11-25,2025,11,"Noviembre",4,24,"Lunes",f
3983,2025-11-26,2025,11,"Noviembre",4,25,"Martes",f
3984,2025-11-27,2025,11,"Noviembre",4,26,"Miércoles",f
3985,2025-11-28,2025,11,"Noviembre",4,27,"Jueves",f
3986,2025-11-29,2025,11,"Noviembre",4,28,"Viernes",f
3987,2025-11-30,2025,11,"Noviembre",4,29,"Sábado",t
3988,2025-12-01,2025,11,"Noviembre",4,30,"Domingo",t
3989,2025-12-02,2025,12,"Diciembre",4,1,"Lunes",f
3990,2025-12-03,2025,12,"Diciembre",4,2,"Martes",f
3991,2025-12-04,2025,12,"Diciembre",4,3,"Miércoles",f
3992,2025-12-05,2025,12,"Diciembre",4,4,"Jueves",f
3993,2025-12-06,2025,12,"Diciembre",4,5,"Viernes",f
3994,2025-12-07,2025,12,"Diciembre",4,6,"Sábado",t
3995,2025-12-08,2025,12,"Diciembre",4,7,"Domingo",t
3996,2025-12-09,2025,12,"Diciembre",4,8,"Lunes",f
3997,2025-12-10,2025,12,"Diciembre",4,9,"Martes",f
3998,2025-12-11,2025,12,"Diciembre",4,10,"Miércoles",f
3999,2025-12-12,2025,12,"Diciembre",4,11,"Jueves",f
4000,2025-12-13,2025,12,"Diciembre",4,12,"Viernes",f
4001,2025-12-14,2025,12,"Diciembre",4,13,"Sábado",t
4002,2025-12-15,2025,12,"Diciembre",4,14,"Domingo",t
4003,2025-12-16,2025,12,"Diciembre",4,15,"Lunes",f
4004,2025-12-17,2025,12,"Diciembre",4,16,"Martes",f
4005,2025-12-18,2025,12,"Diciembre",4,17,"Miércoles",f
4006,2025-12-19,2025,12,"Diciembre",4,18,"Jueves",f
4007,2025-12-20,2025,12,"Diciembre",4,19,"Viernes",f
4008,2025-12-21,2025,12,"Diciembre",4,20,"Sábado",t
4009,2025-12-22,2025,12,"Diciembre",4,21,"Domingo",t
4010,2025-12-23,2025,12,"Diciembre",4,22,"Lunes",f
4011,2025-12-24,2025,12,"Diciembre",4,23,"Martes",f
4012,2025-12-25,2025,12,"Diciembre",4,24,"Miércoles",f
4013,2025-12-26,2025,12,"Diciembre",4,25,"Jueves",f
4014,2025-12-27,2025,12,"Diciembre",4,26,"Viernes",f
4015,2025-12-28,2025,12,"Diciembre",4,27,"Sábado",t
4016,2025-12-29,2025,12,"Diciembre",4,28,"Domingo",t
4017,2025-12-30,2025,12,"Diciembre",4,29,"Lunes",f
4018,2025-12-31,2025,12,"Diciembre",4,30,"Martes",f
4019,2026-01-01,2025,12,"Diciembre",4,31,"Miércoles",f
4020,2026-01-02,2026,1,"Enero",1,1,"Jueves",f
4021,2026-01-03,2026,1,"Enero",1,2,"Viernes",f
4022,2026-01-04,2026,1,"Enero",1,3,"Sábado",t
4023,2026-01-05,2026,1,"Enero",1,4,"Domingo",t
4024,2026-01-06,2026,1,"Enero",1,5,"Lunes",f
4025,2026-01-07,2026,1,"Enero",1,6,"Martes",f
4026,2026-01-08,2026,1,"Enero",1,7,"Miércoles",f
4027,2026-01-09,2026,1,"Enero",1,8,"Jueves",f
4028,2026-01-10,2026,1,"Enero",1,9,"Viernes",f
4029,2026-01-11,2026,1,"Enero",1,10,"Sábado",t
4030,2026-01-12,2026,1,"Enero",1,11,"Domingo",t
4031,2026-01-13,2026,1,"Enero",1,12,"Lunes",f
4032,2026-01-14,2026,1,"Enero",1,13,"Martes",f
4033,2026-01-15,2026,1,"Enero",1,14,"Miércoles",f
4034,2026-01-16,2026,1,"Enero",1,15,"Jueves",f
4035,2026-01-17,2026,1,"Enero",1,16,"Viernes",f
4036,2026-01-18,2026,1,"Enero",1,17,"Sábado",t
4037,2026-01-19,2026,1,"Enero",1,18,"Domingo",t
4038,2026-01-20,2026,1,"Enero",1,19,"Lunes",f
4039,2026-01-21,2026,1,"Enero",1,20,"Martes",f
4040,2026-01-22,2026,1,"Enero",1,21,"Miércoles",f
4041,2026-01-23,2026,1,"Enero",1,22,"Jueves",f
4042,2026-01-24,2026,1,"Enero",1,23,"Viernes",f
4043,2026-01-25,2026,1,"Enero",1,24,"Sábado",t
4044,2026-01-26,2026,1,"Enero",1,25,"Domingo",t
4045,2026-01-27,2026,1,"Enero",1,26,"Lunes",f
4046,2026-01-28,2026,1,"Enero",1,27,"Martes",f
4047,2026-01-29,2026,1,"Enero",1,28,"Miércoles",f
4048,2026-01-30,2026,1,"Enero",1,29,"Jueves",f
4049,2026-01-31,2026,1,"Enero",1,30,"Viernes",f
4050,2026-02-01,2026,1,"Enero",1,31,"Sábado",t
4051,2026-02-02,2026,2,"Febrero",1,1,"Domingo",t
4052,2026-02-03,2026,2,"Febrero",1,2,"Lunes",f
4053,2026-02-04,2026,2,"Febrero",1,3,"Martes",f
4054,2026-02-05,2026,2,"Febrero",1,4,"Miércoles",f
4055,2026-02-06,2026,2,"Febrero",1,5,"Jueves",f
4056,2026-02-07,2026,2,"Febrero",1,6,"Viernes",f
4057,2026-02-08,2026,2,"Febrero",1,7,"Sábado",t
4058,2026-02-09,2026,2,"Febrero",1,8,"Domingo",t
4059,2026-02-10,2026,2,"Febrero",1,9,"Lunes",f
4060,2026-02-11,2026,2,"Febrero",1,10,"Martes",f
4061,2026-02-12,2026,2,"Febrero",1,11,"Miércoles",f
4062,2026-02-13,2026,2,"Febrero",1,12,"Jueves",f
4063,2026-02-14,2026,2,"Febrero",1,13,"Viernes",f
4064,2026-02-15,2026,2,"Febrero",1,14,"Sábado",t
4065,2026-02-16,2026,2,"Febrero",1,15,"Domingo",t
4066,2026-02-17,2026,2,"Febrero",1,16,"Lunes",f
4067,2026-02-18,2026,2,"Febrero",1,17,"Martes",f
4068,2026-02-19,2026,2,"Febrero",1,18,"Miércoles",f
4069,2026-02-20,2026,2,"Febrero",1,19,"Jueves",f
4070,2026-02-21,2026,2,"Febrero",1,20,"Viernes",f
4071,2026-02-22,2026,2,"Febrero",1,21,"Sábado",t
4072,2026-02-23,2026,2,"Febrero",1,22,"Domingo",t
4073,2026-02-24,2026,2,"Febrero",1,23,"Lunes",f
4074,2026-02-25,2026,2,"Febrero",1,24,"Martes",f
4075,2026-02-26,2026,2,"Febrero",1,25,"Miércoles",f
4076,2026-02-27,2026,2,"Febrero",1,26,"Jueves",f
4077,2026-02-28,2026,2,"Febrero",1,27,"Viernes",f
4078,2026-03-01,2026,2,"Febrero",1,28,"Sábado",t
4079,2026-03-02,2026,3,"Marzo",1,1,"Domingo",t
4080,2026-03-03,2026,3,"Marzo",1,2,"Lunes",f
4081,2026-03-04,2026,3,"Marzo",1,3,"Martes",f
4082,2026-03-05,2026,3,"Marzo",1,4,"Miércoles",f
4083,2026-03-06,2026,3,"Marzo",1,5,"Jueves",f
4084,2026-03-07,2026,3,"Marzo",1,6,"Viernes",f
4085,2026-03-08,2026,3,"Marzo",1,7,"Sábado",t
4086,2026-03-09,2026,3,"Marzo",1,8,"Domingo",t
4087,2026-03-10,2026,3,"Marzo",1,9,"Lunes",f
4088,2026-03-11,2026,3,"Marzo",1,10,"Martes",f
4089,2026-03-12,2026,3,"Marzo",1,11,"Miércoles",f
4090,2026-03-13,2026,3,"Marzo",1,12,"Jueves",f
4091,2026-03-14,2026,3,"Marzo",1,13,"Viernes",f
4092,2026-03-15,2026,3,"Marzo",1,14,"Sábado",t
4093,2026-03-16,2026,3,"Marzo",1,15,"Domingo",t
4094,2026-03-17,2026,3,"Marzo",1,16,"Lunes",f
4095,2026-03-18,2026,3,"Marzo",1,17,"Martes",f
4096,2026-03-19,2026,3,"Marzo",1,18,"Miércoles",f
4097,2026-03-20,2026,3,"Marzo",1,19,"Jueves",f
4098,2026-03-21,2026,3,"Marzo",1,20,"Viernes",f
4099,2026-03-22,2026,3,"Marzo",1,21,"Sábado",t
4100,2026-03-23,2026,3,"Marzo",1,22,"Domingo",t
4101,2026-03-24,2026,3,"Marzo",1,23,"Lunes",f
4102,2026-03-25,2026,3,"Marzo",1,24,"Martes",f
4103,2026-03-26,2026,3,"Marzo",1,25,"Miércoles",f
4104,2026-03-27,2026,3,"Marzo",1,26,"Jueves",f
4105,2026-03-28,2026,3,"Marzo",1,27,"Viernes",f
4106,2026-03-29,2026,3,"Marzo",1,28,"Sábado",t
4107,2026-03-30,2026,3,"Marzo",1,29,"Domingo",t
4108,2026-03-31,2026,3,"Marzo",1,30,"Lunes",f
4109,2026-04-01,2026,3,"Marzo",1,31,"Martes",f
4110,2026-04-02,2026,4,"Abril",2,1,"Miércoles",f
4111,2026-04-03,2026,4,"Abril",2,2,"Jueves",f
4112,2026-04-04,2026,4,"Abril",2,3,"Viernes",f
4113,2026-04-05,2026,4,"Abril",2,4,"Sábado",t
4114,2026-04-06,2026,4,"Abril",2,5,"Domingo",t
4115,2026-04-07,2026,4,"Abril",2,6,"Lunes",f
4116,2026-04-08,2026,4,"Abril",2,7,"Martes",f
4117,2026-04-09,2026,4,"Abril",2,8,"Miércoles",f
4118,2026-04-10,2026,4,"Abril",2,9,"Jueves",f
4119,2026-04-11,2026,4,"Abril",2,10,"Viernes",f
4120,2026-04-12,2026,4,"Abril",2,11,"Sábado",t
4121,2026-04-13,2026,4,"Abril",2,12,"Domingo",t
4122,2026-04-14,2026,4,"Abril",2,13,"Lunes",f
4123,2026-04-15,2026,4,"Abril",2,14,"Martes",f
4124,2026-04-16,2026,4,"Abril",2,15,"Miércoles",f
4125,2026-04-17,2026,4,"Abril",2,16,"Jueves",f
4126,2026-04-18,2026,4,"Abril",2,17,"Viernes",f
4127,2026-04-19,2026,4,"Abril",2,18,"Sábado",t
4128,2026-04-20,2026,4,"Abril",2,19,"Domingo",t
4129,2026-04-21,2026,4,"Abril",2,20,"Lunes",f
4130,2026-04-22,2026,4,"Abril",2,21,"Martes",f
4131,2026-04-23,2026,4,"Abril",2,22,"Miércoles",f
4132,2026-04-24,2026,4,"Abril",2,23,"Jueves",f
4133,2026-04-25,2026,4,"Abril",2,24,"Viernes",f
4134,2026-04-26,2026,4,"Abril",2,25,"Sábado",t
4135,2026-04-27,2026,4,"Abril",2,26,"Domingo",t
4136,2026-04-28,2026,4,"Abril",2,27,"Lunes",f
4137,2026-04-29,2026,4,"Abril",2,28,"Martes",f
4138,2026-04-30,2026,4,"Abril",2,29,"Miércoles",f
4139,2026-05-01,2026,4,"Abril",2,30,"Jueves",f
4140,2026-05-02,2026,5,"Mayo",2,1,"Viernes",f
4141,2026-05-03,2026,5,"Mayo",2,2,"Sábado",t
4142,2026-05-04,2026,5,"Mayo",2,3,"Domingo",t
4143,2026-05-05,2026,5,"Mayo",2,4,"Lunes",f
4144,2026-05-06,2026,5,"Mayo",2,5,"Martes",f
4145,2026-05-07,2026,5,"Mayo",2,6,"Miércoles",f
4146,2026-05-08,2026,5,"Mayo",2,7,"Jueves",f
4147,2026-05-09,2026,5,"Mayo",2,8,"Viernes",f
4148,2026-05-10,2026,5,"Mayo",2,9,"Sábado",t
4149,2026-05-11,2026,5,"Mayo",2,10,"Domingo",t
4150,2026-05-12,2026,5,"Mayo",2,11,"Lunes",f
4151,2026-05-13,2026,5,"Mayo",2,12,"Martes",f
4152,2026-05-14,2026,5,"Mayo",2,13,"Miércoles",f
4153,2026-05-15,2026,5,"Mayo",2,14,"Jueves",f
4154,2026-05-16,2026,5,"Mayo",2,15,"Viernes",f
4155,2026-05-17,2026,5,"Mayo",2,16,"Sábado",t
4156,2026-05-18,2026,5,"Mayo",2,17,"Domingo",t
4157,2026-05-19,2026,5,"Mayo",2,18,"Lunes",f
4158,2026-05-20,2026,5,"Mayo",2,19,"Martes",f
4159,2026-05-21,2026,5,"Mayo",2,20,"Miércoles",f
4160,2026-05-22,2026,5,"Mayo",2,21,"Jueves",f
4161,2026-05-23,2026,5,"Mayo",2,22,"Viernes",f
4162,2026-05-24,2026,5,"Mayo",2,23,"Sábado",t
4163,2026-05-25,2026,5,"Mayo",2,24,"Domingo",t
4164,2026-05-26,2026,5,"Mayo",2,25,"Lunes",f
4165,2026-05-27,2026,5,"Mayo",2,26,"Martes",f
4166,2026-05-28,2026,5,"Mayo",2,27,"Miércoles",f
4167,2026-05-29,2026,5,"Mayo",2,28,"Jueves",f
4168,2026-05-30,2026,5,"Mayo",2,29,"Viernes",f
4169,2026-05-31,2026,5,"Mayo",2,30,"Sábado",t
4170,2026-06-01,2026,5,"Mayo",2,31,"Domingo",t
4171,2026-06-02,2026,6,"Junio",2,1,"Lunes",f
4172,2026-06-03,2026,6,"Junio",2,2,"Martes",f
4173,2026-06-04,2026,6,"Junio",2,3,"Miércoles",f
4174,2026-06-05,2026,6,"Junio",2,4,"Jueves",f
4175,2026-06-06,2026,6,"Junio",2,5,"Viernes",f
4176,2026-06-07,2026,6,"Junio",2,6,"Sábado",t
4177,2026-06-08,2026,6,"Junio",2,7,"Domingo",t
4178,2026-06-09,2026,6,"Junio",2,8,"Lunes",f
4179,2026-06-10,2026,6,"Junio",2,9,"Martes",f
4180,2026-06-11,2026,6,"Junio",2,10,"Miércoles",f
4181,2026-06-12,2026,6,"Junio",2,11,"Jueves",f
4182,2026-06-13,2026,6,"Junio",2,12,"Viernes",f
4183,2026-06-14,2026,6,"Junio",2,13,"Sábado",t
4184,2026-06-15,2026,6,"Junio",2,14,"Domingo",t
4185,2026-06-16,2026,6,"Junio",2,15,"Lunes",f
4186,2026-06-17,2026,6,"Junio",2,16,"Martes",f
4187,2026-06-18,2026,6,"Junio",2,17,"Miércoles",f
4188,2026-06-19,2026,6,"Junio",2,18,"Jueves",f
4189,2026-06-20,2026,6,"Junio",2,19,"Viernes",f
4190,2026-06-21,2026,6,"Junio",2,20,"Sábado",t
4191,2026-06-22,2026,6,"Junio",2,21,"Domingo",t
4192,2026-06-23,2026,6,"Junio",2,22,"Lunes",f
4193,2026-06-24,2026,6,"Junio",2,23,"Martes",f
4194,2026-06-25,2026,6,"Junio",2,24,"Miércoles",f
4195,2026-06-26,2026,6,"Junio",2,25,"Jueves",f
4196,2026-06-27,2026,6,"Junio",2,26,"Viernes",f
4197,2026-06-28,2026,6,"Junio",2,27,"Sábado",t
4198,2026-06-29,2026,6,"Junio",2,28,"Domingo",t
4199,2026-06-30,2026,6,"Junio",2,29,"Lunes",f
4200,2026-07-01,2026,6,"Junio",2,30,"Martes",f
4201,2026-07-02,2026,7,"Julio",3,1,"Miércoles",f
4202,2026-07-03,2026,7,"Julio",3,2,"Jueves",f
4203,2026-07-04,2026,7,"Julio",3,3,"Viernes",f
4204,2026-07-05,2026,7,"Julio",3,4,"Sábado",t
4205,2026-07-06,2026,7,"Julio",3,5,"Domingo",t
4206,2026-07-07,2026,7,"Julio",3,6,"Lunes",f
4207,2026-07-08,2026,7,"Julio",3,7,"Martes",f
4208,2026-07-09,2026,7,"Julio",3,8,"Miércoles",f
4209,2026-07-10,2026,7,"Julio",3,9,"Jueves",f
4210,2026-07-11,2026,7,"Julio",3,10,"Viernes",f
4211,2026-07-12,2026,7,"Julio",3,11,"Sábado",t
4212,2026-07-13,2026,7,"Julio",3,12,"Domingo",t
4213,2026-07-14,2026,7,"Julio",3,13,"Lunes",f
4214,2026-07-15,2026,7,"Julio",3,14,"Martes",f
4215,2026-07-16,2026,7,"Julio",3,15,"Miércoles",f
4216,2026-07-17,2026,7,"Julio",3,16,"Jueves",f
4217,2026-07-18,2026,7,"Julio",3,17,"Viernes",f
4218,2026-07-19,2026,7,"Julio",3,18,"Sábado",t
4219,2026-07-20,2026,7,"Julio",3,19,"Domingo",t
4220,2026-07-21,2026,7,"Julio",3,20,"Lunes",f
4221,2026-07-22,2026,7,"Julio",3,21,"Martes",f
4222,2026-07-23,2026,7,"Julio",3,22,"Miércoles",f
4223,2026-07-24,2026,7,"Julio",3,23,"Jueves",f
4224,2026-07-25,2026,7,"Julio",3,24,"Viernes",f
4225,2026-07-26,2026,7,"Julio",3,25,"Sábado",t
4226,2026-07-27,2026,7,"Julio",3,26,"Domingo",t
4227,2026-07-28,2026,7,"Julio",3,27,"Lunes",f
4228,2026-07-29,2026,7,"Julio",3,28,"Martes",f
4229,2026-07-30,2026,7,"Julio",3,29,"Miércoles",f
4230,2026-07-31,2026,7,"Julio",3,30,"Jueves",f
4231,2026-08-01,2026,7,"Julio",3,31,"Viernes",f
4232,2026-08-02,2026,8,"Agosto",3,1,"Sábado",t
4233,2026-08-03,2026,8,"Agosto",3,2,"Domingo",t
4234,2026-08-04,2026,8,"Agosto",3,3,"Lunes",f
4235,2026-08-05,2026,8,"Agosto",3,4,"Martes",f
4236,2026-08-06,2026,8,"Agosto",3,5,"Miércoles",f
4237,2026-08-07,2026,8,"Agosto",3,6,"Jueves",f
4238,2026-08-08,2026,8,"Agosto",3,7,"Viernes",f
4239,2026-08-09,2026,8,"Agosto",3,8,"Sábado",t
4240,2026-08-10,2026,8,"Agosto",3,9,"Domingo",t
4241,2026-08-11,2026,8,"Agosto",3,10,"Lunes",f
4242,2026-08-12,2026,8,"Agosto",3,11,"Martes",f
4243,2026-08-13,2026,8,"Agosto",3,12,"Miércoles",f
4244,2026-08-14,2026,8,"Agosto",3,13,"Jueves",f
4245,2026-08-15,2026,8,"Agosto",3,14,"Viernes",f
4246,2026-08-16,2026,8,"Agosto",3,15,"Sábado",t
4247,2026-08-17,2026,8,"Agosto",3,16,"Domingo",t
4248,2026-08-18,2026,8,"Agosto",3,17,"Lunes",f
4249,2026-08-19,2026,8,"Agosto",3,18,"Martes",f
4250,2026-08-20,2026,8,"Agosto",3,19,"Miércoles",f
4251,2026-08-21,2026,8,"Agosto",3,20,"Jueves",f
4252,2026-08-22,2026,8,"Agosto",3,21,"Viernes",f
4253,2026-08-23,2026,8,"Agosto",3,22,"Sábado",t
4254,2026-08-24,2026,8,"Agosto",3,23,"Domingo",t
4255,2026-08-25,2026,8,"Agosto",3,24,"Lunes",f
4256,2026-08-26,2026,8,"Agosto",3,25,"Martes",f
4257,2026-08-27,2026,8,"Agosto",3,26,"Miércoles",f
4258,2026-08-28,2026,8,"Agosto",3,27,"Jueves",f
4259,2026-08-29,2026,8,"Agosto",3,28,"Viernes",f
4260,2026-08-30,2026,8,"Agosto",3,29,"Sábado",t
4261,2026-08-31,2026,8,"Agosto",3,30,"Domingo",t
4262,2026-09-01,2026,8,"Agosto",3,31,"Lunes",f
4263,2026-09-02,2026,9,"Septiembre",3,1,"Martes",f
4264,2026-09-03,2026,9,"Septiembre",3,2,"Miércoles",f
4265,2026-09-04,2026,9,"Septiembre",3,3,"Jueves",f
4266,2026-09-05,2026,9,"Septiembre",3,4,"Viernes",f
4267,2026-09-06,2026,9,"Septiembre",3,5,"Sábado",t
4268,2026-09-07,2026,9,"Septiembre",3,6,"Domingo",t
4269,2026-09-08,2026,9,"Septiembre",3,7,"Lunes",f
4270,2026-09-09,2026,9,"Septiembre",3,8,"Martes",f
4271,2026-09-10,2026,9,"Septiembre",3,9,"Miércoles",f
4272,2026-09-11,2026,9,"Septiembre",3,10,"Jueves",f
4273,2026-09-12,2026,9,"Septiembre",3,11,"Viernes",f
4274,2026-09-13,2026,9,"Septiembre",3,12,"Sábado",t
4275,2026-09-14,2026,9,"Septiembre",3,13,"Domingo",t
4276,2026-09-15,2026,9,"Septiembre",3,14,"Lunes",f
4277,2026-09-16,2026,9,"Septiembre",3,15,"Martes",f
4278,2026-09-17,2026,9,"Septiembre",3,16,"Miércoles",f
4279,2026-09-18,2026,9,"Septiembre",3,17,"Jueves",f
4280,2026-09-19,2026,9,"Septiembre",3,18,"Viernes",f
4281,2026-09-20,2026,9,"Septiembre",3,19,"Sábado",t
4282,2026-09-21,2026,9,"Septiembre",3,20,"Domingo",t
4283,2026-09-22,2026,9,"Septiembre",3,21,"Lunes",f
4284,2026-09-23,2026,9,"Septiembre",3,22,"Martes",f
4285,2026-09-24,2026,9,"Septiembre",3,23,"Miércoles",f
4286,2026-09-25,2026,9,"Septiembre",3,24,"Jueves",f
4287,2026-09-26,2026,9,"Septiembre",3,25,"Viernes",f
4288,2026-09-27,2026,9,"Septiembre",3,26,"Sábado",t
4289,2026-09-28,2026,9,"Septiembre",3,27,"Domingo",t
4290,2026-09-29,2026,9,"Septiembre",3,28,"Lunes",f
4291,2026-09-30,2026,9,"Septiembre",3,29,"Martes",f
4292,2026-10-01,2026,9,"Septiembre",3,30,"Miércoles",f
4293,2026-10-02,2026,10,"Octubre",4,1,"Jueves",f
4294,2026-10-03,2026,10,"Octubre",4,2,"Viernes",f
4295,2026-10-04,2026,10,"Octubre",4,3,"Sábado",t
4296,2026-10-05,2026,10,"Octubre",4,4,"Domingo",t
4297,2026-10-06,2026,10,"Octubre",4,5,"Lunes",f
4298,2026-10-07,2026,10,"Octubre",4,6,"Martes",f
4299,2026-10-08,2026,10,"Octubre",4,7,"Miércoles",f
4300,2026-10-09,2026,10,"Octubre",4,8,"Jueves",f
4301,2026-10-10,2026,10,"Octubre",4,9,"Viernes",f
4302,2026-10-11,2026,10,"Octubre",4,10,"Sábado",t
4303,2026-10-12,2026,10,"Octubre",4,11,"Domingo",t
4304,2026-10-13,2026,10,"Octubre",4,12,"Lunes",f
4305,2026-10-14,2026,10,"Octubre",4,13,"Martes",f
4306,2026-10-15,2026,10,"Octubre",4,14,"Miércoles",f
4307,2026-10-16,2026,10,"Octubre",4,15,"Jueves",f
4308,2026-10-17,2026,10,"Octubre",4,16,"Viernes",f
4309,2026-10-18,2026,10,"Octubre",4,17,"Sábado",t
4310,2026-10-19,2026,10,"Octubre",4,18,"Domingo",t
4311,2026-10-20,2026,10,"Octubre",4,19,"Lunes",f
4312,2026-10-21,2026,10,"Octubre",4,20,"Martes",f
4313,2026-10-22,2026,10,"Octubre",4,21,"Miércoles",f
4314,2026-10-23,2026,10,"Octubre",4,22,"Jueves",f
4315,2026-10-24,2026,10,"Octubre",4,23,"Viernes",f
4316,2026-10-25,2026,10,"Octubre",4,24,"Sábado",t
4317,2026-10-26,2026,10,"Octubre",4,25,"Domingo",t
4318,2026-10-27,2026,10,"Octubre",4,26,"Lunes",f
4319,2026-10-28,2026,10,"Octubre",4,27,"Martes",f
4320,2026-10-29,2026,10,"Octubre",4,28,"Miércoles",f
4321,2026-10-30,2026,10,"Octubre",4,29,"Jueves",f
4322,2026-10-31,2026,10,"Octubre",4,30,"Viernes",f
4323,2026-11-01,2026,10,"Octubre",4,31,"Sábado",t
4324,2026-11-02,2026,11,"Noviembre",4,1,"Domingo",t
4325,2026-11-03,2026,11,"Noviembre",4,2,"Lunes",f
4326,2026-11-04,2026,11,"Noviembre",4,3,"Martes",f
4327,2026-11-05,2026,11,"Noviembre",4,4,"Miércoles",f
4328,2026-11-06,2026,11,"Noviembre",4,5,"Jueves",f
4329,2026-11-07,2026,11,"Noviembre",4,6,"Viernes",f
4330,2026-11-08,2026,11,"Noviembre",4,7,"Sábado",t
4331,2026-11-09,2026,11,"Noviembre",4,8,"Domingo",t
4332,2026-11-10,2026,11,"Noviembre",4,9,"Lunes",f
4333,2026-11-11,2026,11,"Noviembre",4,10,"Martes",f
4334,2026-11-12,2026,11,"Noviembre",4,11,"Miércoles",f
4335,2026-11-13,2026,11,"Noviembre",4,12,"Jueves",f
4336,2026-11-14,2026,11,"Noviembre",4,13,"Viernes",f
4337,2026-11-15,2026,11,"Noviembre",4,14,"Sábado",t
4338,2026-11-16,2026,11,"Noviembre",4,15,"Domingo",t
4339,2026-11-17,2026,11,"Noviembre",4,16,"Lunes",f
4340,2026-11-18,2026,11,"Noviembre",4,17,"Martes",f
4341,2026-11-19,2026,11,"Noviembre",4,18,"Miércoles",f
4342,2026-11-20,2026,11,"Noviembre",4,19,"Jueves",f
4343,2026-11-21,2026,11,"Noviembre",4,20,"Viernes",f
4344,2026-11-22,2026,11,"Noviembre",4,21,"Sábado",t
4345,2026-11-23,2026,11,"Noviembre",4,22,"Domingo",t
4346,2026-11-24,2026,11,"Noviembre",4,23,"Lunes",f
4347,2026-11-25,2026,11,"Noviembre",4,24,"Martes",f
4348,2026-11-26,2026,11,"Noviembre",4,25,"Miércoles",f
4349,2026-11-27,2026,11,"Noviembre",4,26,"Jueves",f
4350,2026-11-28,2026,11,"Noviembre",4,27,"Viernes",f
4351,2026-11-29,2026,11,"Noviembre",4,28,"Sábado",t
4352,2026-11-30,2026,11,"Noviembre",4,29,"Domingo",t
4353,2026-12-01,2026,11,"Noviembre",4,30,"Lunes",f
4354,2026-12-02,2026,12,"Diciembre",4,1,"Martes",f
4355,2026-12-03,2026,12,"Diciembre",4,2,"Miércoles",f
4356,2026-12-04,2026,12,"Diciembre",4,3,"Jueves",f
4357,2026-12-05,2026,12,"Diciembre",4,4,"Viernes",f
4358,2026-12-06,2026,12,"Diciembre",4,5,"Sábado",t
4359,2026-12-07,2026,12,"Diciembre",4,6,"Domingo",t
4360,2026-12-08,2026,12,"Diciembre",4,7,"Lunes",f
4361,2026-12-09,2026,12,"Diciembre",4,8,"Martes",f
4362,2026-12-10,2026,12,"Diciembre",4,9,"Miércoles",f
4363,2026-12-11,2026,12,"Diciembre",4,10,"Jueves",f
4364,2026-12-12,2026,12,"Diciembre",4,11,"Viernes",f
4365,2026-12-13,2026,12,"Diciembre",4,12,"Sábado",t
4366,2026-12-14,2026,12,"Diciembre",4,13,"Domingo",t
4367,2026-12-15,2026,12,"Diciembre",4,14,"Lunes",f
4368,2026-12-16,2026,12,"Diciembre",4,15,"Martes",f
4369,2026-12-17,2026,12,"Diciembre",4,16,"Miércoles",f
4370,2026-12-18,2026,12,"Diciembre",4,17,"Jueves",f
4371,2026-12-19,2026,12,"Diciembre",4,18,"Viernes",f
4372,2026-12-20,2026,12,"Diciembre",4,19,"Sábado",t
4373,2026-12-21,2026,12,"Diciembre",4,20,"Domingo",t
4374,2026-12-22,2026,12,"Diciembre",4,21,"Lunes",f
4375,2026-12-23,2026,12,"Diciembre",4,22,"Martes",f
4376,2026-12-24,2026,12,"Diciembre",4,23,"Miércoles",f
4377,2026-12-25,2026,12,"Diciembre",4,24,"Jueves",f
4378,2026-12-26,2026,12,"Diciembre",4,25,"Viernes",f
4379,2026-12-27,2026,12,"Diciembre",4,26,"Sábado",t
4380,2026-12-28,2026,12,"Diciembre",4,27,"Domingo",t
4381,2026-12-29,2026,12,"Diciembre",4,28,"Lunes",f
4382,2026-12-30,2026,12,"Diciembre",4,29,"Martes",f
4383,2026-12-31,2026,12,"Diciembre",4,30,"Miércoles",f
